chain1	chain2	label
8urh_d	6osi_RB	positive
6zmi_L7	8s1p_B	positive
9d0g_1B	7oyd_K	positive
4v6u_B3	3cxc_9	positive
5hd1_1B	8qie_8	positive
7uph_J	6zmi_L7	positive
5hd1_1B	4v97_BB	positive
7rqb_1B	4v97_BB	positive
4v7k_AB	9f1b_B7	positive
7ryg_B	8qie_8	positive
9cg5_b	4v6x_A7	positive
7uph_J	6c5l_DB	positive
3j7r_7	8s1p_B	positive
4v8z_B7	3cxc_9	positive
7uph_J	4v7l_DB	positive
4v6u_B3	8cvl_2B	positive
6zmi_L7	8qie_8	positive
7ryg_B	6wd5_2	positive
6c5l_DB	6wd5_2	positive
5x8p_B	5kpw_28	positive
8e43_J	7rqb_1B	positive
6oxa_RB	4v7l_DB	positive
5x8p_B	6vyy_d	positive
6fti_v	5hd1_1B	positive
5kpw_28	8a98_8	positive
6osi_RB	7oyd_K	positive
7ryg_B	6wu9_B	positive
6oxa_RB	1nkw_9	positive
4v7k_AB	8qie_8	positive
8s1p_B	1nkw_9	positive
5kpw_28	6gsj_1J	positive
4v7k_AB	8g2b_2B	positive
3cxc_9	8qie_8	positive
4v7l_DB	1nkw_9	positive
4v6u_B3	8g2b_2B	positive
4v6x_A7	4v7l_DB	positive
7ryg_B	3j7r_7	positive
4v6x_A7	9d0g_1B	positive
4v8z_B7	3j7r_7	positive
8qie_8	8g2b_2B	positive
3j7r_7	4v97_BB	positive
7ryg_B	3cxc_9	positive
5f8k_2B	6wd5_2	positive
9h3p_B	6rm3_L70	positive
1nkw_9	4v97_BB	positive
4v7l_DB	4v97_BB	positive
5hd1_1B	9ha4_B	positive
4v6x_A7	4v8z_B7	positive
6gsj_1J	6wu9_B	positive
1vy7_DB	5j5b_DB	positive
9cg5_b	8oh6_AT	positive
6fti_v	1vq9_9	positive
8urh_d	6wu9_B	positive
4v6x_A7	1nkw_9	positive
7uph_J	9d0g_1B	positive
4v8b_DB	8g2b_2B	positive
8oh6_AT	1vq9_9	positive
6oxa_RB	6c5l_DB	positive
6zmi_L7	4v97_BB	positive
6zmi_L7	1nkw_9	positive
8oh6_AT	4v97_BB	positive
8r6c_b	6c5l_DB	positive
8a98_8	8p18_3	positive
4v8z_B7	5f8k_2B	positive
6vyy_d	1vq9_9	positive
8p8v_4	7oyd_K	positive
8urh_d	1vq9_9	positive
3j7r_7	8p18_3	positive
8e43_J	1vq9_9	positive
8urh_d	6wd5_2	positive
8syl_B	6osi_RB	positive
9h3p_B	8g2b_2B	positive
7uph_J	4v7k_AB	positive
4v6u_B3	6gsj_1J	positive
8p8v_4	7uph_J	positive
7ryg_B	6gsj_1J	positive
3cxc_9	8g2b_2B	positive
7nhn_B	5x8p_B	positive
6gsj_1J	6vyy_d	positive
8urh_d	8a98_8	positive
8syl_B	9ha4_B	positive
4v7k_AB	7ryg_B	positive
6zmi_L7	4v6u_B3	positive
7uph_J	8e43_J	positive
3j7r_7	1vq9_9	positive
8a98_8	8cvl_2B	positive
8p8v_4	6oxa_RB	positive
5kpw_28	1vq9_9	positive
1vy7_DB	6vyy_d	positive
8p8v_4	8g2b_2B	positive
8urh_d	8p18_3	positive
5hd1_1B	3j7r_7	positive
8syl_B	1vq9_9	positive
4v8z_B7	5hd1_1B	positive
6oxa_RB	7oyd_K	positive
4v8z_B7	6osi_RB	positive
9cg5_b	6osi_RB	positive
9cg5_b	6vyy_d	positive
1vy7_DB	6gsj_1J	positive
6oxa_RB	8cvl_2B	positive
3j7r_7	6vyy_d	positive
6c4i_B	1vy7_DB	positive
6c4i_B	3j7r_7	positive
6rm3_L70	3cxc_9	positive
6vyy_d	1nkw_9	positive
7uph_J	7oyd_K	positive
8a98_8	1nkw_9	positive
4v8b_DB	5f8k_2B	positive
4v7k_AB	8s1p_B	positive
4v7k_AB	8e43_J	positive
5kpw_28	7oyd_K	positive
6zmi_L7	7oyd_K	positive
9h3p_B	8cvl_2B	positive
9ha4_B	8qie_8	positive
7oyd_K	1vq9_9	positive
6c4i_B	5hd1_1B	positive
4v8z_B7	6vyy_d	positive
5x8p_B	8r6c_b	positive
6oxa_RB	8qie_8	positive
8e43_J	5j5b_DB	positive
8p8v_4	8p18_3	positive
6wd5_2	8p18_3	positive
6c5l_DB	8qie_8	positive
5x8p_B	8qie_8	positive
6wd5_2	5j5b_DB	positive
5x8p_B	7rqb_1B	positive
8p8v_4	5kpw_28	positive
9cg5_b	6c4i_B	positive
6oxa_RB	8r6c_b	positive
5x8p_B	9f1b_B7	positive
6oxa_RB	8p18_3	positive
6fti_v	7rqb_1B	positive
8e43_J	3cxc_9	positive
6gsj_1J	4v97_BB	positive
4v8z_B7	5kpw_28	positive
9d0g_1B	4v6u_B3	positive
1vy7_DB	3cxc_9	positive
4v7k_AB	6wd5_2	positive
6c4i_B	1nkw_9	positive
8s1p_B	1vq9_9	positive
8g2b_2B	1nkw_9	positive
8r6c_b	8oh6_AT	positive
4v8z_B7	4v6u_B3	positive
6osi_RB	6c5l_DB	positive
7nhn_B	9f1b_B7	positive
8urh_d	7nhn_B	positive
8urh_d	9d0g_1B	positive
9h3p_B	8a98_8	positive
7rqb_1B	8oh6_AT	positive
4v8b_DB	6wd5_2	positive
6osi_RB	8p18_3	positive
8r6c_b	9f1b_B7	positive
6oxa_RB	8e43_J	positive
8urh_d	8e43_J	positive
6oxa_RB	6gsj_1J	positive
6osi_RB	6rm3_L70	positive
8e43_J	8cvl_2B	positive
8urh_d	8s1p_B	positive
4v8z_B7	8qie_8	positive
7nhn_B	8qie_8	positive
3j7r_7	6wd5_2	positive
7oyd_K	6wd5_2	positive
4v6x_A7	5kpw_28	positive
7nhn_B	4v7l_DB	positive
4v6u_B3	4v97_BB	positive
4v8z_B7	6wu9_B	positive
9cg5_b	8syl_B	positive
7oyd_K	8a98_8	positive
6vyy_d	6wd5_2	positive
8urh_d	5kpw_28	positive
6oxa_RB	4v7k_AB	positive
9f1b_B7	8qie_8	positive
8p8v_4	9ha4_B	positive
8urh_d	4v6x_A7	positive
4v8z_B7	7ryg_B	positive
7uph_J	8r6c_b	positive
6osi_RB	6vyy_d	positive
6rm3_L70	1nkw_9	positive
4v7k_AB	5f8k_2B	positive
7uph_J	9h3p_B	positive
6zmi_L7	6c5l_DB	positive
8p8v_4	6c4i_B	positive
4v7l_DB	6gsj_1J	positive
7ryg_B	9f1b_B7	positive
4v6u_B3	8a98_8	positive
9d0g_1B	6wu9_B	positive
6c5l_DB	1nkw_9	positive
1vy7_DB	9ha4_B	positive
4v6x_A7	5j5b_DB	positive
7nhn_B	3j7r_7	positive
8syl_B	6rm3_L70	positive
5x8p_B	4v8z_B7	positive
6oxa_RB	4v6u_B3	positive
8g2b_2B	8cvl_2B	positive
9f1b_B7	8g2b_2B	positive
5kpw_28	1vy7_DB	positive
6oxa_RB	9h3p_B	positive
6oxa_RB	7nhn_B	positive
1nkw_9	1vq9_9	positive
6rm3_L70	8a98_8	positive
6wu9_A	8fc4_1A	positive
4v52_DB	8uvs_2A	positive
6sj6_A	5uyk_01	positive
7rqa_2A	8vtv_1A	positive
4v8u_DA	4v7m_DA	positive
5oom_A	4v4a_B0	positive
9d7r_1A	4v7m_DA	positive
8v9k_A	7pjz_A	positive
4p70_YA	4ioa_X	positive
4v78_BA	4v8b_BA	positive
8uvs_2A	5uyk_01	positive
8voq_a	6fkr_1A	positive
8fc4_1A	7rqe_2A	positive
3jce_A	7rqa_2A	positive
8c92_A	7pjz_A	positive
8voq_a	4u20_BA	positive
7nsp_A	8cvk_1A	positive
6sj6_A	4v7m_DA	positive
4v52_DB	8fc4_1A	positive
6sj6_A	4p70_YA	positive
7nsp_A	8uvs_2A	positive
8vtv_1A	4v6o_BB	positive
8rcs_71	4v7m_DA	positive
4v52_DB	5kcr_1A	positive
8v9k_A	8fc4_1A	positive
4ioa_X	8c92_A	positive
7rqa_2A	4v78_BA	positive
4ioa_X	6cfl_2A	positive
4v52_DB	7po4_A	positive
6wu9_A	7po4_A	positive
4v4a_B0	8vtv_1A	positive
5oom_A	5uyk_01	positive
4v8u_DA	6vyq_a	positive
4w2e_A	4v6o_BB	positive
4v8c_BA	6xhx_2A	positive
8v9k_A	6cfl_2A	positive
7nqh_BA	6xhx_2A	positive
3jce_A	8a3l_a	positive
8ud7_1A	8c92_A	positive
6sj6_A	7pjz_A	positive
4v52_DB	8cvk_1A	positive
4p70_YA	8ud7_1A	positive
4v7u_BA	5kpv_27	positive
8vtv_1A	9nlf_R1	positive
4v78_BA	9n2b_23	positive
7qi5_A	6fkr_1A	positive
3jce_A	8ud6_2A	positive
7nsp_A	7rqe_2A	positive
4w2e_A	8voq_a	positive
8rcs_71	4u20_BA	positive
8uvs_2A	4v8b_BA	positive
7nqh_BA	4v7z_BA	positive
1qa6_C	9nlf_R1	positive
8vtv_1A	4v8b_BA	positive
8rcs_71	7po4_A	positive
4v78_BA	6wu9_A	positive
6sj6_A	8fc4_1A	positive
7nqh_BA	7pjz_A	positive
8ud8_1A	7rqa_2A	positive
9d7r_1A	8c92_A	positive
7nqh_BA	8uvs_2A	positive
9d7r_1A	4v8c_BA	positive
4ioa_X	8vtv_1A	positive
5oom_A	6fkr_1A	positive
7nsp_A	9n2b_23	positive
7rqa_2A	9nlf_R1	positive
8c92_A	4v6o_BB	positive
6cfl_2A	8vtv_1A	positive
8rcs_71	7rqe_2A	positive
5oom_A	4v52_DB	positive
4p70_YA	9d7r_1A	positive
4p70_YA	5kcr_1A	positive
6cfl_2A	4v8b_BA	positive
7nqh_BA	4w2e_A	positive
8a3l_a	4v52_DB	positive
8ud7_1A	4u20_BA	positive
6cfl_2A	4v7m_DA	positive
5oom_A	8c92_A	positive
4v52_DB	7qi5_A	positive
4p70_YA	4v52_DB	positive
7nsp_A	8c92_A	positive
9ha2_A	6xhx_2A	positive
7nqh_BA	8fc4_1A	positive
4v7z_BA	1qa6_C	positive
6vyq_a	6cfl_2A	positive
4ioa_X	8v9k_A	positive
9n2b_23	6xhx_2A	positive
7rqa_2A	7qi5_A	positive
8voq_a	9nlf_R1	positive
6vyq_a	8fc4_1A	positive
6vyq_a	4v8c_BA	positive
3jce_A	4v6o_BB	positive
8a3l_a	9d0i_1A	positive
8ud6_2A	4v8b_BA	positive
8ud7_1A	9n2b_23	positive
8v9k_A	9n2b_23	positive
4v8u_DA	5kcr_1A	positive
8v9k_A	4v7z_BA	positive
7rqa_2A	9d0i_1A	positive
6wu9_A	6fkr_1A	positive
8ud6_2A	4v6o_BB	positive
4u20_BA	6xhx_2A	positive
8ud7_1A	7po4_A	positive
7nqh_BA	4ioa_X	positive
4v52_DB	9n2b_23	positive
8a3l_a	6vyq_a	positive
1qa6_C	5uyk_01	positive
7nqh_BA	7po4_A	positive
7nsp_A	7qi5_A	positive
4v7m_DA	4v6o_BB	positive
4v78_BA	6fkr_1A	positive
7rqa_2A	4v4a_B0	positive
8ud8_1A	4v4a_B0	positive
4v78_BA	6xhx_2A	positive
6wu9_A	6xhx_2A	positive
9ha2_A	5kcr_1A	positive
9d0i_1A	1qa6_C	positive
8a3l_a	8uvs_2A	positive
5oom_A	4v6o_BB	positive
3jce_A	7nsp_A	positive
7po4_A	5uyk_01	positive
4u20_BA	4v8b_BA	positive
8a3l_a	5kcr_1A	positive
9d7r_1A	8vtv_1A	positive
4v78_BA	4u20_BA	positive
4v8u_DA	4v6o_BB	positive
8ud7_1A	5kpv_27	positive
6sj6_A	4v7z_BA	positive
8voq_a	8vtv_1A	positive
6wu9_A	8uvs_2A	positive
8ud8_1A	9ha2_A	positive
6cfl_2A	6fkr_1A	positive
8ud7_1A	6cfl_2A	positive
6cfl_2A	8cvk_1A	positive
8voq_a	9n2b_23	positive
6sj6_A	7po4_A	positive
8a3l_a	7qi5_A	positive
4v8c_BA	7qi5_A	positive
9ha2_A	8c92_A	positive
4p70_YA	5uyk_01	positive
7pjz_A	9nlf_R1	positive
8voq_a	8c92_A	positive
6cfl_2A	8uvs_2A	positive
8vtv_1A	7pjz_A	positive
3jce_A	7nqh_BA	positive
8voq_a	5uyk_01	positive
8v9k_A	5uyk_01	positive
9d0i_1A	5kcr_1A	positive
8ud8_1A	9nlf_R1	positive
4v7z_BA	6wu9_A	positive
4v7u_BA	6wu9_A	positive
4ioa_X	5uyk_01	positive
6wu9_A	5uyk_01	positive
4v7z_BA	4v8b_BA	positive
4p70_YA	4u20_BA	positive
4w2e_A	4u20_BA	positive
8v9k_A	8c92_A	positive
7po4_A	4u20_BA	positive
8ud7_1A	6fkr_1A	positive
7nsp_A	8rcs_71	positive
6vyq_a	4v8b_BA	positive
8ud8_1A	6cfl_2A	positive
6vyq_a	4v7z_BA	positive
4ioa_X	4v52_DB	positive
8rcs_71	5kpv_27	positive
7nqh_BA	4v8b_BA	positive
5oom_A	5kpv_27	positive
8cvk_1A	5kpv_27	positive
4w2e_A	4ioa_X	positive
9n2b_23	4u20_BA	positive
4v8c_BA	4v7u_BA	positive
6fkr_1A	5kcr_1A	positive
8a3l_a	6xhx_2A	positive
9ha2_A	4v7m_DA	positive
4v4a_B0	4v8b_BA	positive
5oom_A	8cvk_1A	positive
8rcs_71	6wu9_A	positive
3jce_A	4v52_DB	positive
7nsp_A	4u20_BA	positive
4v8c_BA	4v7m_DA	positive
6vyq_a	8voq_a	positive
4p70_YA	4v7m_DA	positive
7po4_A	7pjz_A	positive
4v7z_BA	5kpv_27	positive
4v8u_DA	8a3l_a	positive
8c92_A	7rqe_2A	positive
5oom_A	7pjz_A	positive
6sj6_A	9ha2_A	positive
9n2b_23	8vtv_1A	positive
6sj6_A	7rqe_2A	positive
8fc4_1A	5kcr_1A	positive
8c92_A	4v8b_BA	positive
4v7m_DA	4v8b_BA	positive
8ud8_1A	8vtv_1A	positive
4v7u_BA	7po4_A	positive
5kpv_27	5kcr_1A	positive
4v8c_BA	4v6o_BB	positive
4v7u_BA	7pjz_A	positive
4p70_YA	5oom_A	positive
8cvk_1A	4v4a_B0	positive
6zvk_h2	8ewc_A4	positive
6ip5_1C	6olf_D	positive
5lyb_4	8vvr_YA	positive
7toq_A58S	9qqb_B8	positive
8fks_L1	5lyb_4	positive
8vvs_YA	4u53_8	positive
8a98_7	6tb3_BS	positive
8ylr_C	5dgv_8	positive
7pzy_4	4u4u_8	positive
9bdp_A58S	6tb3_BS	positive
7u0h_2	6lqm_8	positive
7toq_A58S	6r6g_8	positive
8fks_L1	6sv4_ZS	positive
8vft_8	7mpj_A4	positive
8z70_C	3j79_C	positive
8oeq_4	8btk_B8	positive
6ip5_1C	5lyb_4	positive
9bdp_A58S	7mpj_A4	positive
8ipb_SB	3j79_C	positive
6r6g_8	8jdj_F	positive
9qiw_L8	6r6g_8	positive
9qqb_B8	5dgv_8	positive
8b5l_8	8z70_C	positive
8vvs_YA	5dgv_8	positive
4u4u_4	6lqm_8	positive
8ipb_SB	7u0h_2	positive
8vvs_YA	6ip5_1C	positive
8vvs_YA	5ndw_8	positive
6zvk_h2	8ipb_SB	positive
7q08_4	7a01_h2	positive
8oi5_AU	5ndw_8	positive
8oeq_4	9ndp_8	positive
7pzy_4	4u53_8	positive
9axv_B4	7a01_h2	positive
6mtb_8	4v8p_B2	positive
9qiw_L8	9qqb_B8	positive
8jdj_F	6sv4_ZS	positive
8wv1_A	7pzy_4	positive
9qiw_L8	9g30_4	positive
7toq_A58S	4v8p_B2	positive
7toq_A58S	8vvs_YA	positive
8oi5_AU	4v8p_B2	positive
4u4u_4	6zvk_h2	positive
9axv_B4	4u53_8	positive
6y2l_L8	7a01_h2	positive
8oi5_AU	8jdj_F	positive
9bdp_A58S	6p5k_8	positive
7pzy_4	7mpj_A4	positive
6mte_8	3j77_8S	positive
8wv1_A	6zvk_h2	positive
7pzy_4	8btk_B8	positive
9qqb_B8	8vvs_YA	positive
6lsr_8	9g30_4	positive
8ylr_C	6p5k_8	positive
8ylr_C	8a98_7	positive
5dat_4	5dgv_8	positive
6mte_8	4u4u_8	positive
7a01_h2	3j79_C	positive
7toq_A58S	9bdp_A58S	positive
5dat_4	8ipb_SB	positive
7a01_h2	9f1d_B8	positive
8b5l_8	6p5k_8	positive
8fks_L1	8vft_8	positive
4u4u_4	8oi5_AU	positive
8oeq_4	5dat_4	positive
8oi5_AU	7pzy_4	positive
6mte_8	6ip5_1C	positive
8ewc_A4	6sv4_ZS	positive
9bdp_A58S	6lsr_8	positive
6sv4_ZS	7a01_h2	positive
7toq_A58S	8z70_C	positive
8jdj_F	7u0h_2	positive
7u0h_2	8z70_C	positive
6lsr_8	3j77_8S	positive
9qiw_L8	3j79_C	positive
8vvr_YA	7u0h_2	positive
8jdj_F	8fks_L1	positive
9axv_B4	7pzy_4	positive
7q08_4	8z70_C	positive
5lyb_4	6lqm_8	positive
6mte_8	8btk_B8	positive
6ip5_1C	6sv4_ZS	positive
6lsr_8	6tb3_BS	positive
8ipb_SB	6olf_D	positive
6y2l_L8	9f1d_B8	positive
6ip5_1C	4u53_8	positive
8ylr_C	9g30_4	positive
8btk_B8	3j79_C	positive
9qqb_B8	5ndw_8	positive
7u0h_2	7mpj_A4	positive
9ndp_8	3j79_C	positive
8vft_8	3j77_8S	positive
9qqb_B8	9f1d_B8	positive
5dat_4	3j79_C	positive
8oi5_AU	8btk_B8	positive
8oeq_4	8z70_C	positive
6zvk_h2	9ndp_8	positive
5dgv_8	3j77_8S	positive
8oi5_AU	5lyb_4	positive
7pzy_4	8vvr_YA	positive
6sv4_ZS	7mpj_A4	positive
7toq_A58S	8oi5_AU	positive
5lyb_4	7mpj_A4	positive
8vvs_YA	8b5l_8	positive
5lyb_4	6mtb_8	positive
4u4u_4	7a01_h2	positive
8jdj_F	7mpj_A4	positive
9qqb_B8	8a98_7	positive
8jdj_F	8b5l_8	positive
6zvk_h2	5lyb_4	positive
9g30_4	3j77_8S	positive
6zvk_h2	8a98_7	positive
4u4u_8	4u53_8	positive
9axv_B4	8a98_7	positive
8btk_B8	8z70_C	positive
6r6g_8	4u4u_8	positive
8oeq_4	4v8p_B2	positive
8oi5_AU	6ip5_1C	positive
8a98_7	4u4u_8	positive
5lyb_4	4u4u_8	positive
4u4u_8	9f1d_B8	positive
8oi5_AU	8a98_7	positive
9ndp_8	6tb3_BS	positive
5lyb_4	9f1d_B8	positive
5dgv_8	6olf_D	positive
9axv_B4	4u4u_8	positive
6mte_8	9bdp_A58S	positive
8ewc_A4	6ip5_1C	positive
8wv1_A	8fks_L1	positive
8oi5_AU	9ndp_8	positive
8ewc_A4	7mpj_A4	positive
9f1d_B8	5ndw_8	positive
4u4u_8	8z70_C	positive
6tb3_BS	3j77_8S	positive
8jdj_F	7pzy_4	positive
7q08_4	7mpj_A4	positive
4v8p_B2	8vft_8	positive
8vvs_YA	8btk_B8	positive
8jdj_F	4u53_8	positive
8ipb_SB	8btk_B8	positive
9qqb_B8	9g30_4	positive
8oi5_AU	6olf_D	positive
8wv1_A	6lqm_8	positive
6r6g_8	6lqm_8	positive
5dat_4	7u0h_2	positive
9bdp_A58S	5dat_4	positive
7u0h_2	6olf_D	positive
6r6g_8	5dgv_8	positive
6r6g_8	8z70_C	positive
4u4u_4	3j77_8S	positive
9ndp_8	7mpj_A4	positive
6zvk_h2	7q08_4	positive
6olf_D	7mpj_A4	positive
6tb3_BS	4u4u_8	positive
3j79_C	3j77_8S	positive
6zvk_h2	4v8p_B2	positive
6mte_8	8fks_L1	positive
6r6g_8	4u53_8	positive
8ewc_A4	9ndp_8	positive
8wv1_A	6tb3_BS	positive
6lsr_8	8vvr_YA	positive
6r6g_8	9qqb_B8	positive
8ewc_A4	7a01_h2	positive
9axv_B4	6p5k_8	positive
9bdp_A58S	8vvr_YA	positive
6zvk_h2	8jdj_F	positive
7toq_A58S	9g30_4	positive
9qiw_L8	8jdj_F	positive
8ewc_A4	8b5l_8	positive
6mte_8	8ipb_SB	positive
6lqm_8	9g30_4	positive
6zvk_h2	6sv4_ZS	positive
7pzy_4	7a01_h2	positive
9ndp_8	8z70_C	positive
5dgv_8	5lyb_4	positive
6r6g_8	7q08_4	positive
9qiw_L8	8oi5_AU	positive
8oi5_AU	9g30_4	positive
9ndp_8	4v8p_B2	positive
6mte_8	7mpj_A4	positive
9qiw_L8	6lqm_8	positive
8a98_7	5dgv_8	positive
5lyb_4	6olf_D	positive
8oeq_4	8oi5_AU	positive
7a01_h2	6olf_D	positive
9qiw_L8	5dat_4	positive
6y2l_L8	6sv4_ZS	positive
6y2l_L8	7u0h_2	positive
8z70_C	8vft_8	positive
8ewc_A4	6olf_D	positive
8oeq_4	6mtb_8	positive
8oi5_AU	8z70_C	positive
9bdp_A58S	6zvk_h2	positive
4u4u_8	9g30_4	positive
7q08_4	6p5k_8	positive
8wv1_A	6p5k_8	positive
8btk_B8	3j77_8S	positive
8b5l_8	7a01_h2	positive
5dgv_8	7mpj_A4	positive
5dgv_8	6tb3_BS	positive
5dar_A	1fg0_A	positive
1yj9_0	1fg0_A	positive
1ffz_A	8hkv_A23S	positive
3ccm_0	8hl5_A23S	positive
1qvf_0	6th6_BA	positive
3cce_0	1vq4_0	positive
1yij_0	1vqp_0	positive
9e6q_1	3cxc_0	positive
4v4b_B3	1q81_A	positive
1jj2_0	5dar_D	positive
1yjn_0	1fg0_A	positive
1ffz_A	1fg0_A	positive
3cma_0	1vq6_0	positive
1vqk_0	1jj2_0	positive
1ffz_A	1jj2_0	positive
1kd1_A	1fg0_A	positive
3g71_0	3ccs_0	positive
1vqk_0	3ccm_0	positive
3cma_0	9b0q_l5	positive
9qf6_B1	1jj2_0	positive
1q81_A	8hkv_A23S	positive
1vq4_0	8hkv_A23S	positive
3cpw_0	4v6u_B1	positive
9e6q_1	1vq4_0	positive
3ccs_0	1vq4_0	positive
1vqk_0	5dar_D	positive
1qvg_0	4v4n_A1	positive
1qvf_0	9ou7_BA	positive
1w2b_0	3ccs_0	positive
1vq6_0	1q7y_A	positive
1yj9_0	1vq6_0	positive
2j37_Z	2go5_9	positive
1vq4_0	9qf4_B1	positive
1ffz_A	1vq4_0	positive
1yjn_0	1vq4_0	positive
3cma_0	1fg0_A	positive
1qvf_0	3ccs_0	positive
1m1k_A	9nta_BA	positive
1yij_0	1q81_A	positive
2go5_9	5dar_D	positive
1kd1_A	4v6u_B1	positive
1vqm_0	4v4b_B3	positive
1qvg_0	1kd1_A	positive
2go5_9	1yjn_0	positive
1yij_0	1fg0_A	positive
1yjn_0	8hkv_A23S	positive
1yj9_0	9qf4_B1	positive
1yij_0	1ffz_A	positive
5dar_D	4v6u_B1	positive
1vqk_0	1yjn_0	positive
8hl5_A23S	8hkz_A23S	positive
3cma_0	3ccs_0	positive
1kd1_A	1q7y_A	positive
3g71_0	4v4n_A1	positive
1kd1_A	3cxc_0	positive
3ccm_0	2j37_Z	positive
1yij_0	1q7y_A	positive
1q7y_A	8hkv_A23S	positive
3cpw_0	3cma_0	positive
1jj2_0	9ou7_BA	positive
8hl5_A23S	9b0q_l5	positive
1yij_0	8hkv_A23S	positive
3ccq_0	1m1k_A	positive
2j37_Z	4v4b_B3	positive
1w2b_0	1q81_A	positive
1vq9_0	1q7y_A	positive
4v4b_B3	5dar_D	positive
3ccq_0	3g71_0	positive
9b0s_L5	1yij_0	positive
9e6q_1	6th6_BA	positive
5dar_D	9ou7_BA	positive
3ccm_0	1q81_A	positive
1yj9_0	4v4n_A1	positive
1ffz_A	9b0q_l5	positive
1vqp_0	3cxc_0	positive
3ccm_0	3ccj_0	positive
1vqk_0	9e6q_1	positive
3g71_0	1vq9_0	positive
1qvg_0	9qf6_B1	positive
1kd1_A	8wv1_a	positive
5dar_D	9qf4_B1	positive
3cpw_0	4v4b_B3	positive
5dar_D	3cxc_0	positive
1yij_0	5dar_A	positive
1vqm_0	3ccm_0	positive
9qf6_B1	1qvf_0	positive
1vqm_0	9b0q_l5	positive
8hl5_A23S	1fg0_A	positive
3ccm_0	3g71_0	positive
1ffk_0	4v6u_B1	positive
3cce_0	1m1k_A	positive
1q7y_A	5dar_A	positive
1yj9_0	3cce_0	positive
8wv1_a	1qvf_0	positive
1vqp_0	4v4n_A1	positive
1qvf_0	9qf4_B1	positive
3g71_0	1vqp_0	positive
8hl5_A23S	9qf5_B1	positive
1ffk_0	1vq6_0	positive
3ccj_0	9qf4_B1	positive
2j37_Z	5dar_D	positive
1q7y_A	9qf5_B1	positive
1ffk_0	1qvg_0	positive
3ccq_0	3cxc_0	positive
1yj9_0	3cme_0	positive
8wv1_a	8hl5_A23S	positive
2go5_9	8hkv_A23S	positive
1q7y_A	5dar_D	positive
9e6q_1	5dar_A	positive
3cpw_0	1ffk_0	positive
1yj9_0	1jj2_0	positive
3cce_0	1w2b_0	positive
3ccs_0	8hkv_A23S	positive
1yjn_0	6th6_BA	positive
1ffk_0	8hkz_A23S	positive
1vq6_0	1q81_A	positive
9nta_BA	3cxc_0	positive
1vqp_0	9b0q_l5	positive
1m1k_A	1vqp_0	positive
2go5_9	9nta_BA	positive
5dar_D	9b0q_l5	positive
1jj2_0	1vq4_0	positive
3ccj_0	8hkz_A23S	positive
8hl5_A23S	9nta_BA	positive
1kd1_A	9qf4_B1	positive
2j37_Z	1w2b_0	positive
3g71_0	1m1k_A	positive
1q81_A	1vq4_0	positive
3ccj_0	4v4n_A1	positive
9qf6_B1	4v4n_A1	positive
1yij_0	4v4n_A1	positive
1vqk_0	1vq4_0	positive
1kd1_A	6th6_BA	positive
1qvf_0	1fg0_A	positive
3ccj_0	3ccs_0	positive
3cme_0	1yij_0	positive
1ffk_0	1q81_A	positive
3ccm_0	4v4b_B3	positive
4v4b_B3	4v6u_B1	positive
4v6u_B1	8hkv_A23S	positive
2go5_9	8hkz_A23S	positive
1vqm_0	3cme_0	positive
1vq6_0	1qvf_0	positive
1vqm_0	3ccj_0	positive
8hkz_A23S	5dar_A	positive
3cpw_0	8hkz_A23S	positive
1ffk_0	1ffz_A	positive
1yij_0	1vq4_0	positive
1ffk_0	4v4n_A1	positive
3cma_0	1yj9_0	positive
1qvf_0	1q81_A	positive
9e6q_1	9nta_BA	positive
2go5_9	1fg0_A	positive
3cme_0	9qf4_B1	positive
2go5_9	8hl5_A23S	positive
9nta_BA	6th6_BA	positive
3ccj_0	5dar_A	positive
1kd1_A	1jj2_0	positive
1yjn_0	1jj2_0	positive
1jj2_0	5dar_A	positive
1vqk_0	1qvf_0	positive
3ccq_0	1fg0_A	positive
9qf6_B1	1fg0_A	positive
1yj9_0	4v6u_B1	positive
9qf6_B1	1w2b_0	positive
3cma_0	9qf4_B1	positive
1ffz_A	5dar_A	positive
1vqm_0	2go5_9	positive
1vq6_0	9nta_BA	positive
1qvg_0	1qvf_0	positive
3cce_0	9nta_BA	positive
1vqk_0	9b0q_l5	positive
2go5_9	1m1k_A	positive
3ccq_0	3cme_0	positive
3cce_0	3cme_0	positive
1vq9_0	1vq6_0	positive
3ccj_0	1vqp_0	positive
1ffz_A	8hkz_A23S	positive
1ffk_0	1qvf_0	positive
3g71_0	1yjn_0	positive
8hkz_A23S	3cxc_0	positive
5dar_A	3ccs_0	positive
2j37_Z	1yj9_0	positive
1qvg_0	1jj2_0	positive
3cma_0	1yij_0	positive
3ccj_0	4v6u_B1	positive
3g71_0	1yij_0	positive
4v4b_B3	1jj2_0	positive
9ou7_BA	3cxc_0	positive
1ffk_0	1yij_0	positive
9qf6_B1	9ou7_BA	positive
8hl5_A23S	9qf4_B1	positive
3g71_0	3cxc_0	positive
8hl5_A23S	1vq4_0	positive
9e6q_1	1yj9_0	positive
3cpw_0	3cme_0	positive
1qvf_0	1q7y_A	positive
1jj2_0	8hkv_A23S	positive
1qvg_0	9b0s_L5	positive
3cma_0	3g71_0	positive
5fci_1	8ove_BB	positive
4ug0_L5	8ony_5	positive
6om0_t	5fci_1	positive
6oli_t	6ri5_A	positive
8jdk_D	8ife_1A	positive
6y2l_L5	6gz5_A2	positive
6gz5_A2	8evr_A1	positive
6xir_1	4v6x_A5	positive
8evq_A1	6y2l_L5	positive
6om0_t	6hhq_1	positive
6z6m_L5	7q0p_1	positive
4ug0_L5	5fci_1	positive
5t2a_B	6z6m_L5	positive
8oh6_AS	6ri5_A	positive
6qtz_A	8ove_BB	positive
6xir_1	6gz5_A2	positive
6qtz_A	8oeq_1	positive
8oeq_AS	6ri5_A	positive
6y2l_L5	8fl9_L3	positive
6om0_t	7f5s_L5	positive
7qws_5	9i78_L1	positive
6oli_t	8jdk_D	positive
7f5s_L5	6y2l_L5	positive
9bus_AA	8evr_A1	positive
8a3d_A	8fl9_L3	positive
7q0p_1	8fl9_L3	positive
8a3d_A	6hhq_1	positive
8agt_f	8oh6_AS	positive
6qtz_A	8rjd_K	positive
5t2a_B	4v6x_A5	positive
6om0_t	8ife_1A	positive
8idt_2	6z6m_L5	positive
4ug0_L5	4v6x_A5	positive
6qtz_A	8oeq_AS	positive
8brm_Lt	4v6x_A5	positive
8oi5_1	6hhq_1	positive
8oi5_1	8t2y_A1	positive
6p5n_5	7q0p_1	positive
9bus_AA	6ri5_A	positive
7qws_5	4v6x_A5	positive
6p5k_5	6p5n_5	positive
8ova_BA	8brm_Lt	positive
6y2l_L5	8ife_1A	positive
9bus_AA	8oi5_1	positive
5dgv_1	8ink_2	positive
7qws_5	7cpu_L5	positive
8jdk_D	8ony_5	positive
8t2y_A1	6hhq_1	positive
6om0_t	8evq_A1	positive
7f5s_L5	8jdk_D	positive
6p5k_5	4v6x_A5	positive
6p5k_5	8oh6_AS	positive
8jdk_D	4u6f_1	positive
8evr_A1	4v6x_A5	positive
6om0_t	7zjw_L5	positive
6p5n_5	8jdk_D	positive
9bus_AA	8fl9_L3	positive
5t2a_B	8oi5_AS	positive
6om0_t	6zu5_L50	positive
8a3d_A	8evr_A1	positive
8idt_2	8rjd_K	positive
8oi5_1	8a3d_A	positive
6z6m_L5	8ony_5	positive
6gz5_A2	7q0p_1	positive
4u6f_1	6ri5_A	positive
7f5s_L5	6ri5_A	positive
6gz5_A2	8oeq_AS	positive
6p5n_5	8oeq_1	positive
8evr_A1	9i78_L1	positive
8t2y_A1	5fci_1	positive
8k82_C1	8oeq_AS	positive
6p5k_5	8a3d_A	positive
4ug0_L5	8ove_BB	positive
8evq_A1	8ove_BB	positive
8ife_1A	8ink_2	positive
8ife_1A	8ova_BA	positive
9bus_AA	8ove_BB	positive
4ug0_L5	5t2a_B	positive
6p5n_5	4ug0_L5	positive
4ug0_L5	4u6f_1	positive
6z6m_L5	8oi5_AS	positive
4ug0_L5	8idt_2	positive
5dgv_1	7cpu_L5	positive
8a3d_A	6zu5_L50	positive
8k82_C1	8a3d_A	positive
7zjw_L5	5t2a_B	positive
6om0_t	8t2y_A1	positive
6oli_t	8oi5_AS	positive
8evq_A1	9i78_L1	positive
6zu5_L50	8ove_BB	positive
8agt_f	6ri5_A	positive
5dgv_1	8evq_A1	positive
6y2l_L5	7q0p_1	positive
8p85_AR	7qws_5	positive
6om0_t	8evr_A1	positive
8ova_BA	8ove_BB	positive
8evq_A1	8idt_2	positive
5dgv_1	8fl9_L3	positive
7q0p_1	5fci_1	positive
8evq_A1	8oh6_AS	positive
8brm_Lt	6zu5_L50	positive
8evq_A1	8oi5_AS	positive
9bus_AA	4u6f_1	positive
6y2l_L5	8idt_2	positive
7f5s_L5	7cpu_L5	positive
8oi5_AS	6zu5_L50	positive
8agt_f	7f5s_L5	positive
8k82_C1	6gz5_A2	positive
7f5s_L5	8ife_1A	positive
6om0_t	8ova_BA	positive
8p85_AR	6hhq_1	positive
6xir_1	4u6f_1	positive
6p5n_5	5fci_1	positive
6p5k_5	6om0_t	positive
8agt_f	6hcj_51	positive
4ug0_L5	8ife_1A	positive
8p85_AR	4u3u_1	positive
4u6f_1	8oi5_AS	positive
4u3u_1	8ove_BB	positive
8agt_f	5t2a_B	positive
6xir_1	8brm_Lt	positive
6qtz_A	6z6m_L5	positive
5dgv_1	8k82_C1	positive
6om0_t	7cpu_L5	positive
6gz5_A2	5fci_1	positive
8rjd_K	5fci_1	positive
6p5n_5	8oi5_AS	positive
5dgv_1	7q0p_1	positive
8oeq_AS	5t2a_B	positive
8ife_1A	4v6x_A5	positive
4ug0_L5	8rjd_K	positive
7cpu_L5	8ove_BB	positive
4v6x_A5	6zu5_L50	positive
6p5n_5	8ony_5	positive
8idt_2	8evr_A1	positive
8oh6_AS	6zu5_L50	positive
6p5k_5	6hhq_1	positive
6hcj_51	8oi5_AS	positive
8jdk_D	8ova_BA	positive
8idt_2	6hhq_1	positive
6p5k_5	6y2l_L5	positive
8oeq_AS	8ony_5	positive
8t2y_A1	8oeq_AS	positive
9bdp_A28S	8idt_2	positive
8evr_A1	6hhq_1	positive
6oli_t	9bus_AA	positive
6oli_t	8idt_2	positive
4u3u_1	4v6x_A5	positive
7f5s_L5	6hcj_51	positive
5dgv_1	5fci_1	positive
6om0_t	8oh6_AS	positive
8k82_C1	4ug0_L5	positive
8brm_Lt	8fl9_L3	positive
8ink_2	6hhq_1	positive
6y2l_L5	4ug0_L5	positive
8rjd_K	8ove_BB	positive
8jdk_D	9bdp_A28S	positive
7cpu_L5	5t2a_B	positive
9bdp_A28S	5t2a_B	positive
6p5n_5	8ove_BB	positive
8ink_2	8oi5_AS	positive
8evq_A1	4v6x_A5	positive
9bdp_A28S	8rjd_K	positive
8idt_2	8oeq_AS	positive
9bus_AA	5t2a_B	positive
6gz5_A2	8idt_2	positive
6y2l_L5	8oi5_AS	positive
8idt_2	6hcj_51	positive
8a3d_A	8ove_BB	positive
6gz5_A2	8oh6_AS	positive
6p5n_5	8evq_A1	positive
4u3u_1	7qws_5	positive
9bdp_A28S	7qws_5	positive
6qtz_A	8k82_C1	positive
8oi5_1	8oeq_AS	positive
7f5s_L5	5fci_1	positive
8oeq_AS	8oh6_AS	positive
5dgv_1	4u6f_1	positive
6oli_t	8fl9_L3	positive
6oli_t	6z6m_L5	positive
6p5n_5	6om0_t	positive
9bdp_A28S	7q0p_1	positive
6p5n_5	6qtz_A	positive
8oi5_1	8ife_1A	positive
7q0p_1	6ri5_A	positive
5dgv_1	8evr_A1	positive
8brm_Lt	8ove_BB	positive
8ova_BA	4u6f_1	positive
6y2l_L5	8evr_A1	positive
8t2y_A1	8fl9_L3	positive
8oeq_1	8fl9_L3	positive
6gz5_A2	6ri5_A	positive
5dgv_1	8p85_AR	positive
8k82_C1	6ri5_A	positive
4u3u_1	8idt_2	positive
8oeq_1	8brm_Lt	positive
6p5n_5	8oeq_AS	positive
5fci_1	8fl9_L3	positive
7cpu_L5	8ova_BA	positive
8evq_A1	5fci_1	positive
9qeq_a	7vpx_L	positive
9qeq_a	8r08_1	positive
9qeq_a	7b0y_a	positive
9qeq_a	6qx9_1	positive
7vpx_L	8r08_1	positive
7vpx_L	7b0y_a	positive
7vpx_L	6qx9_1	positive
8r08_1	7b0y_a	positive
8r08_1	6qx9_1	positive
7b0y_a	6qx9_1	positive
5zwo_H	7oqb_2	positive
5zwo_H	8hk1_H	positive
5zwo_H	6y50_2	positive
5zwo_H	7q3l_2	positive
5zwo_H	6bk8_2	positive
5zwo_H	2lkr_A	positive
5zwo_H	6y53_2	positive
5zwo_H	7b9v_2	positive
5zwo_H	7oqe_2	positive
5zwo_H	5zwm_H	positive
5zwo_H	6y5q_2	positive
5zwo_H	7evo_H	positive
5zwo_H	5nrl_2	positive
7oqb_2	8hk1_H	positive
7oqb_2	6y50_2	positive
7oqb_2	7q3l_2	positive
7oqb_2	6bk8_2	positive
7oqb_2	2lkr_A	positive
7oqb_2	6y53_2	positive
7oqb_2	7b9v_2	positive
7oqb_2	7oqe_2	positive
7oqb_2	5zwm_H	positive
7oqb_2	6y5q_2	positive
7oqb_2	7evo_H	positive
7oqb_2	5nrl_2	positive
8hk1_H	6y50_2	positive
8hk1_H	7q3l_2	positive
8hk1_H	6bk8_2	positive
8hk1_H	2lkr_A	positive
8hk1_H	6y53_2	positive
8hk1_H	7b9v_2	positive
8hk1_H	7oqe_2	positive
8hk1_H	5zwm_H	positive
8hk1_H	6y5q_2	positive
8hk1_H	7evo_H	positive
8hk1_H	5nrl_2	positive
6y50_2	7q3l_2	positive
6y50_2	6bk8_2	positive
6y50_2	2lkr_A	positive
6y50_2	6y53_2	positive
6y50_2	7b9v_2	positive
6y50_2	7oqe_2	positive
6y50_2	5zwm_H	positive
6y50_2	6y5q_2	positive
6y50_2	7evo_H	positive
6y50_2	5nrl_2	positive
7q3l_2	6bk8_2	positive
7q3l_2	2lkr_A	positive
7q3l_2	6y53_2	positive
7q3l_2	7b9v_2	positive
7q3l_2	7oqe_2	positive
7q3l_2	5zwm_H	positive
7q3l_2	6y5q_2	positive
7q3l_2	7evo_H	positive
7q3l_2	5nrl_2	positive
6bk8_2	2lkr_A	positive
6bk8_2	6y53_2	positive
6bk8_2	7b9v_2	positive
6bk8_2	7oqe_2	positive
6bk8_2	5zwm_H	positive
6bk8_2	6y5q_2	positive
6bk8_2	7evo_H	positive
6bk8_2	5nrl_2	positive
2lkr_A	6y53_2	positive
2lkr_A	7b9v_2	positive
2lkr_A	7oqe_2	positive
2lkr_A	5zwm_H	positive
2lkr_A	6y5q_2	positive
2lkr_A	7evo_H	positive
2lkr_A	5nrl_2	positive
6y53_2	7b9v_2	positive
6y53_2	7oqe_2	positive
6y53_2	5zwm_H	positive
6y53_2	6y5q_2	positive
6y53_2	7evo_H	positive
6y53_2	5nrl_2	positive
7b9v_2	7oqe_2	positive
7b9v_2	5zwm_H	positive
7b9v_2	6y5q_2	positive
7b9v_2	7evo_H	positive
7b9v_2	5nrl_2	positive
7oqe_2	5zwm_H	positive
7oqe_2	6y5q_2	positive
7oqe_2	7evo_H	positive
7oqe_2	5nrl_2	positive
5zwm_H	6y5q_2	positive
5zwm_H	7evo_H	positive
5zwm_H	5nrl_2	positive
6y5q_2	7evo_H	positive
6y5q_2	5nrl_2	positive
7evo_H	5nrl_2	positive
4wpo_DX	6wdk_5	positive
5lzc_v	5uyq_X	positive
6d90_3	8d9k_C	positive
7ope_2	9drt_C	positive
9b0s_Pt	6yef_x	positive
6oxa_QV	4kr2_C	positive
5dfe_QV	4v5r_AV	positive
7kju_A	6hcm_23	positive
5e81_2K	6oxa_QV	positive
7kju_A	4wpo_DX	positive
5dfe_QV	8g61_At	positive
4v8c_DB	4v68_AV	positive
8d9k_C	9lem_I	positive
4ypb_QW	8fr8_E	positive
1vy4_AW	9but_S9	positive
8d9k_C	4v9q_DW	positive
4ypb_QW	8d9k_C	positive
6hcm_23	7n2c_Dt	positive
1n78_C	6oxa_QV	positive
4v9q_DW	7o9k_B	positive
9bup_S8	4v68_AV	positive
9drt_C	8g61_At	positive
7a5i_X	4v9q_DW	positive
9bup_S8	6yef_x	positive
6hcm_23	7zki_4	positive
8fr8_E	4kr2_C	positive
1vy4_AW	4wj3_R	positive
9lem_I	5wws_C	positive
6d90_3	9drt_C	positive
6gz5_Bw	6oxa_QV	positive
6vzj_A	9drt_C	positive
5aj0_Bw	5wws_C	positive
7kju_A	5lzc_v	positive
7qp7_w	7ope_2	positive
1n78_C	7a5i_X	positive
7n2c_Dt	3jbv_W	positive
1n78_C	3jbv_W	positive
5e81_2K	1n78_C	positive
4v8c_DB	7n2c_Dt	positive
6hcm_23	5uyq_X	positive
7ope_2	8d9k_C	positive
4v5p_AW	7ope_2	positive
9but_S9	4v5r_AV	positive
7a5i_X	4wj3_R	positive
4wpo_DX	7o9k_B	positive
4v5p_AW	7zki_4	positive
4w4g_XW	9b0s_Pt	positive
4v5r_AV	7zki_4	positive
6vzj_A	3jbv_W	positive
9but_S9	4v8d_CD	positive
9nkl_T	5uyq_X	positive
9drt_C	6oxa_QV	positive
5dfe_QV	4wpo_DX	positive
5aj0_Bw	8fr8_E	positive
6gz5_Bw	4v8d_CD	positive
7a5i_X	7qgr_u	positive
7qp7_w	4v8d_CD	positive
8pj6_w	6yef_x	positive
5dfe_QV	4w4g_XW	positive
6d90_3	8g61_At	positive
4v8d_CD	4kr2_C	positive
7a5i_X	9but_S9	positive
4v8d_CD	8fr8_E	positive
9gxx_Y	4wj3_R	positive
4ypb_QW	4wj3_R	positive
4v5p_AW	5e81_2K	positive
9gxx_Y	9lem_I	positive
7qp7_w	7qgr_u	positive
7ope_2	5lzc_v	positive
4wpo_DX	3jbv_W	positive
8pj6_w	7qgr_u	positive
5lzc_v	4wj3_R	positive
5dfe_QV	5wws_C	positive
7a5i_X	8fr8_E	positive
9bup_S8	4wj3_R	positive
8hl1_AETN	4mgm_B	positive
7a5i_X	6yef_x	positive
7qgr_u	6oxa_QV	positive
9gxx_Y	7a5i_X	positive
9lem_I	7qg8_A	positive
5dfe_QV	9gxx_Y	positive
5aj0_Bw	8g2b_2w	positive
6d90_3	9gxx_Y	positive
7ope_2	4v68_AV	positive
6vzj_A	4w4g_XW	positive
7ope_2	7zki_4	positive
4wpo_DX	4v9q_DW	positive
5dfe_QV	7ope_2	positive
4v9q_DW	8g2b_2w	positive
9lem_I	5uyq_X	positive
4v9q_DW	5wws_C	positive
6wdk_5	6yef_x	positive
9drt_C	9nkl_T	positive
9drt_C	5wws_C	positive
5e81_2K	4v9q_DW	positive
6vzj_A	4kr2_C	positive
9bup_S8	8pj6_w	positive
5e81_2K	8g61_At	positive
4v8c_DB	6d90_3	positive
6wdk_5	4kr2_C	positive
4wpo_DX	8g2b_2w	positive
5e81_2K	8g2b_2w	positive
5dfe_QV	7n2c_Dt	positive
4wpo_DX	4v68_AV	positive
1vy4_AW	6oxa_QV	positive
4mgm_B	1vy4_AW	positive
3jbv_W	7o9k_B	positive
5wws_C	5uyq_X	positive
8d9k_C	8fr8_E	positive
3jbv_W	5uyq_X	positive
6d90_3	5uyq_X	positive
6d90_3	4v5r_AV	positive
5e81_2K	3jbv_W	positive
8d9k_C	8pj6_w	positive
7kju_A	7o9k_B	positive
4mgm_B	9b0s_Pt	positive
7n2c_Dt	5wws_C	positive
6hcm_23	9drt_C	positive
8fr8_E	6oxa_QV	positive
7kju_A	9gxx_Y	positive
9drt_C	8g2b_2w	positive
4v9q_DW	7zki_4	positive
5dfe_QV	8hl1_AETN	positive
8pj6_w	6oxa_QV	positive
8pj6_w	4mgm_B	positive
6gz5_Bw	4v9q_DW	positive
7kju_A	4ypb_QW	positive
5lzc_v	7o9k_B	positive
6hcm_23	6yef_x	positive
5dfe_QV	9drt_C	positive
5dfe_QV	8fr8_E	positive
7o9k_B	5uyq_X	positive
4v9q_DW	7qg8_A	positive
4w4g_XW	5uyq_X	positive
8pj6_w	4v68_AV	positive
5wws_C	4kr2_C	positive
9nkl_T	9b0s_Pt	positive
6gz5_Bw	3jbv_W	positive
8d9k_C	6oxa_QV	positive
4v8d_CD	5wws_C	positive
6wdk_5	4v9q_DW	positive
6d90_3	8fr8_E	positive
8g61_At	4v9q_DW	positive
9but_S9	8g2b_2w	positive
5e81_2K	9nkl_T	positive
7kju_A	9lem_I	positive
8d9k_C	5uyq_X	positive
9bup_S8	4mgm_B	positive
9drt_C	8d9k_C	positive
5dfe_QV	9lem_I	positive
9but_S9	4v68_AV	positive
4wpo_DX	4v8d_CD	positive
6gz5_Bw	4v5r_AV	positive
8hl1_AETN	7zki_4	positive
7a5i_X	6oxa_QV	positive
7a5i_X	4kr2_C	positive
4wj3_R	4v68_AV	positive
4wpo_DX	8hl1_AETN	positive
5lzc_v	7zki_4	positive
4w4g_XW	7a5i_X	positive
6hcm_23	7qg8_A	positive
5aj0_Bw	8d9k_C	positive
9gxx_Y	5wws_C	positive
7ope_2	7o9k_B	positive
4v68_AV	4kr2_C	positive
7ope_2	9b0s_Pt	positive
7kju_A	5wws_C	positive
7ope_2	1vy4_AW	positive
9bup_S8	6wdk_5	positive
9nkl_T	7o9k_B	positive
5aj0_Bw	4ypb_QW	positive
6hcm_23	9nkl_T	positive
8hl1_AETN	8fr8_E	positive
5e81_2K	7zki_4	positive
5dfe_QV	4mgm_B	positive
8g2b_2w	6oxa_QV	positive
5e81_2K	9drt_C	positive
9drt_C	3jbv_W	positive
5aj0_Bw	4v5r_AV	positive
7o9k_B	4kr2_C	positive
6d90_3	5aj0_Bw	positive
4w4g_XW	4wj3_R	positive
7ope_2	8pj6_w	positive
4v5p_AW	9lem_I	positive
9lem_I	4v8d_CD	positive
9bup_S8	5e81_2K	positive
4ypb_QW	7qgr_u	positive
4v9q_DW	3jbv_W	positive
7qp7_w	9b0s_Pt	positive
5lzc_v	9lem_I	positive
6d90_3	5lzc_v	positive
6wdk_5	7n2c_Dt	positive
1n78_C	7qgr_u	positive
9drt_C	5aj0_Bw	positive
1vy4_AW	4v9q_DW	positive
6wdk_5	9b0s_Pt	positive
6vzj_A	9but_S9	positive
5e81_2K	7o9k_B	positive
5dfe_QV	5lzc_v	positive
7n2c_Dt	8pj6_w	positive
8g7s_a	4ybb_AA	positive
6spf_a	4dr4_A	positive
5uym_A	7po0_A	positive
4ybb_AA	5x8p_a	positive
3izz_E	7boh_A	positive
6uo1_1a	9ghg_a	positive
9nlb_R3	8g7s_a	positive
7pam_5	6xhy_1a	positive
6xhy_1a	3j2c_M	positive
6otr_QA	7lh5_AA	positive
6osi_XA	5lmr_A	positive
6spf_a	4v9i_CA	positive
4v8d_AA	6wdl_3	positive
8cvo_A	4v8b_CA	positive
5d8b_UC	5f8k_2a	positive
7po1_A	8vtu_1a	positive
8g7s_a	7duh_A	positive
5wis_1a	5d8b_UC	positive
6uo1_1a	8fon_XA	positive
7lh5_AA	4l71_XA	positive
9o3j_2a	9fib_B	positive
8cvk_2a	4v9c_CA	positive
7pam_5	5uym_A	positive
9mtt_1a	9fib_B	positive
5wis_1a	7y7c_A	positive
6zto_AA	4v63_AA	positive
9o3j_2a	4l71_XA	positive
9ghg_a	6bz8_XA	positive
8bge_2	6uo1_1a	positive
3izz_E	8vtu_1a	positive
6otr_QA	4v9i_AA	positive
4v63_AA	4dr4_A	positive
5uym_A	6spg_a	positive
6spf_a	8vtu_1a	positive
6zto_AA	4v9c_CA	positive
4v63_AA	3izz_E	positive
5wis_1a	6osi_XA	positive
6spf_a	8cvl_1a	positive
6zto_AA	4v8b_CA	positive
8bge_2	6zto_AA	positive
4v9i_AA	6wdl_3	positive
8cvo_A	9ghg_a	positive
4v5s_AA	3j2c_M	positive
7pam_5	6osi_XA	positive
7pam_5	9nlb_R3	positive
8bge_2	5d8b_UC	positive
8g7s_a	5x8p_a	positive
8vtu_1a	9fib_B	positive
7pam_5	7lh5_AA	positive
8vtu_1a	6wdl_3	positive
9o3j_2a	6spg_a	positive
4v5h_AA	6xhy_1a	positive
5wis_1a	3izz_E	positive
4v5h_AA	6wdl_3	positive
7lh5_AA	4v9i_AA	positive
9nlb_R3	9fib_B	positive
7pam_5	7boh_A	positive
5f8k_2a	3j2c_M	positive
3izz_E	4dr4_A	positive
8cvo_A	5x8p_a	positive
8g7s_a	7po0_A	positive
6xhy_1a	8fon_XA	positive
8fon_XA	4v8d_AA	positive
7po1_A	4v63_AA	positive
6otr_QA	5wis_1a	positive
6xhy_1a	4v5s_AA	positive
3izz_E	4v8d_AA	positive
4v8b_CA	7duh_A	positive
6otr_QA	7boh_A	positive
5uym_A	6wdl_3	positive
7y7c_A	4l71_XA	positive
5ndk_13	4dr4_A	positive
4v5h_AA	7boh_A	positive
5d8b_UC	7boh_A	positive
6wdl_3	4v9c_CA	positive
6xhy_1a	9mtt_1a	positive
7pam_5	3izz_E	positive
8fon_XA	4v5s_AA	positive
9mtt_1a	8cvk_2a	positive
4v5h_AA	8cvo_A	positive
9ghg_a	6spg_a	positive
6xhy_1a	4v63_AA	positive
7duh_A	4l71_XA	positive
3izz_E	8cvk_2a	positive
7par_5	8cvl_1a	positive
5wis_1a	5f8k_2a	positive
4ybb_AA	7boh_A	positive
8cgj_A	5uym_A	positive
6otr_QA	6spg_a	positive
4ybb_AA	6wdl_3	positive
7boh_A	7po0_A	positive
8cvk_2a	4v8d_AA	positive
4v8d_AA	7duh_A	positive
4v5h_AA	5x8p_a	positive
4v63_AA	5d8b_UC	positive
8vtu_1a	5lmr_A	positive
8bge_2	5x8p_a	positive
4v63_AA	9o3j_2a	positive
6spf_a	4v8b_CA	positive
6xhy_1a	7y7c_A	positive
8cgj_A	3izz_E	positive
9ghg_a	8cvl_1a	positive
6xhy_1a	4v9i_CA	positive
8cvo_A	6osi_XA	positive
5lmr_A	7po0_A	positive
4v5s_AA	7boh_A	positive
7po1_A	6spg_a	positive
8bge_2	4dr4_A	positive
9ghg_a	4dr4_A	positive
7boh_A	4l71_XA	positive
4v5s_AA	7y7c_A	positive
6uo1_1a	6spg_a	positive
8vtu_1a	8cvk_2a	positive
6osi_XA	6bz8_XA	positive
7par_5	8cgj_A	positive
7po1_A	7y7c_A	positive
6otr_QA	5f8k_2a	positive
4v8b_CA	6wdl_3	positive
8bge_2	8cvl_1a	positive
8fon_XA	4v63_AA	positive
9nlb_R3	9ghg_a	positive
8bge_2	7duh_A	positive
4v9i_AA	5ndk_13	positive
4v9i_AA	3izz_E	positive
4v63_AA	7y7c_A	positive
7boh_A	4dr4_A	positive
8vtu_1a	4v9c_CA	positive
6xhy_1a	9fib_B	positive
8bge_2	6osi_XA	positive
7par_5	4v8d_AA	positive
8g7s_a	3j2c_M	positive
4v5s_AA	5ndk_13	positive
8g7s_a	8fon_XA	positive
7po1_A	4v8b_CA	positive
8cgj_A	6spg_a	positive
9mtt_1a	7po0_A	positive
4v9i_CA	9mtt_1a	positive
9o3j_2a	8vtu_1a	positive
4v63_AA	9mtt_1a	positive
4v5s_AA	4v9c_CA	positive
7par_5	6osi_XA	positive
5uym_A	4ybb_AA	positive
5uym_A	7boh_A	positive
8cgj_A	4dr4_A	positive
5d8b_UC	5x8p_a	positive
7lh5_AA	6bz8_XA	positive
5wis_1a	5uym_A	positive
3izz_E	9fib_B	positive
5wis_1a	4v9i_CA	positive
9mtt_1a	4ybb_AA	positive
7par_5	8fon_XA	positive
7boh_A	4v9c_CA	positive
8fon_XA	4v9i_CA	positive
4v9i_AA	6spg_a	positive
5wis_1a	9mtt_1a	positive
4v5s_AA	4v8b_CA	positive
8fon_XA	4v8b_CA	positive
8fon_XA	7y7c_A	positive
9o3j_2a	6wdl_3	positive
3izz_E	4l71_XA	positive
6uo1_1a	6osi_XA	positive
9o3j_2a	5f8k_2a	positive
9ghg_a	5lmr_A	positive
9o3j_2a	5lmr_A	positive
8bge_2	6wdl_3	positive
9mtt_1a	5lmr_A	positive
8g7s_a	9ghg_a	positive
6otr_QA	9mtt_1a	positive
5wis_1a	8g7s_a	positive
4v9i_CA	5f8k_2a	positive
8cgj_A	5f8k_2a	positive
8cvk_2a	7y7c_A	positive
6uo1_1a	8g7s_a	positive
8bge_2	4v5s_AA	positive
7pam_5	4v63_AA	positive
9mtt_1a	4v9c_CA	positive
8bge_2	9o3j_2a	positive
7po1_A	5uym_A	positive
6otr_QA	4dr4_A	positive
6zto_AA	4l71_XA	positive
8cgj_A	5lmr_A	positive
8cgj_A	4ybb_AA	positive
6spf_a	7po0_A	positive
7duh_A	5x8p_a	positive
8bge_2	6spf_a	positive
7pam_5	5x8p_a	positive
9o3j_2a	7y7c_A	positive
6spf_a	4v63_AA	positive
6spf_a	3izz_E	positive
5wis_1a	9ghg_a	positive
6wdl_3	9fib_B	positive
4ybb_AA	9fib_B	positive
8cgj_A	5x8p_a	positive
4v9i_AA	8cvk_2a	positive
8g7s_a	4v8b_CA	positive
6xhy_1a	6wdl_3	positive
8cvo_A	7y7c_A	positive
8bge_2	7pam_5	positive
7par_5	8vtu_1a	positive
5uym_A	7duh_A	positive
9lmf_B	9lee_B	positive
9l0r_D	9lee_B	positive
9lem_J	9lee_B	positive
9lhl_B	9lee_F	positive
9lhl_E	9mee_G	positive
9lmf_E	9lee_A	positive
9l0r_B	9lmf_F	positive
9l0r_D	9lhl_J	positive
9l0r_E	9lmf_D	positive
9lem_J	9mee_J	positive
9lmf_D	9l0r_F	positive
9lmf_G	9mee_I	positive
9mee_E	9lhl_G	positive
9l0r_E	9mee_C	positive
9lee_D	9mee_G	positive
9l0r_E	9mee_G	positive
9lee_A	9lhl_J	positive
9lhl_C	9lhk_G	positive
9lhl_L	9mee_J	positive
9l0r_E	9lee_A	positive
9lec_J	9lhl_I	positive
9mee_A	9lhl_J	positive
9lhl_F	9lmf_J	positive
9lhl_F	9l0r_B	positive
9lee_I	9mee_E	positive
9lee_G	9lmf_E	positive
9mee_E	9lhl_I	positive
9l0r_H	9lhl_B	positive
9lmf_B	9l0r_E	positive
9lem_F	9mee_I	positive
9lem_B	9lhl_H	positive
9l0r_K	9mee_C	positive
9mee_A	9lhl_H	positive
9lmf_B	9lem_I	positive
9lhl_F	9lhk_G	positive
9lec_J	9mee_I	positive
9lee_D	9lem_H	positive
9mee_E	9lmf_E	positive
9lhl_L	9lmf_B	positive
9mee_L	9lee_B	positive
9lmf_B	9lem_H	positive
9lhl_L	9l0r_L	positive
9l0r_L	9lmf_F	positive
9lem_H	9lee_A	positive
9lmf_E	9lhk_G	positive
9mee_L	9lhl_B	positive
9lhl_J	9mee_I	positive
9l0r_H	9mee_J	positive
9mee_A	9lmf_G	positive
9mee_C	9lhl_C	positive
9lem_F	9lhl_E	positive
9l0r_B	9lhl_J	positive
9mee_A	9lee_H	positive
9lmf_J	9lhl_E	positive
9l0r_D	9mee_J	positive
9l0r_D	9mee_F	positive
9lhl_F	9l0r_H	positive
9lem_D	9lhl_E	positive
9lmf_E	9l0r_F	positive
9mee_C	9lhl_G	positive
9lmf_G	9lhk_G	positive
9lem_H	9l0r_L	positive
9mee_E	9lmf_J	positive
9lec_J	9lee_E	positive
9lem_J	9lee_E	positive
9lem_J	9l0r_F	positive
9mee_E	9lee_F	positive
9lhl_B	9lmf_F	positive
9l0r_E	9lhl_C	positive
9l0r_I	9mee_I	positive
9mee_F	9l0r_B	positive
9lem_F	9lee_A	positive
9lmf_H	9lhl_H	positive
9l0r_E	9lee_H	positive
9l0r_K	9mee_E	positive
9lmf_D	9lhl_C	positive
9lem_F	9l0r_F	positive
9lec_J	9l0r_I	positive
9lmf_B	9mee_I	positive
9lhl_L	9l0r_B	positive
9l0r_H	9mee_G	positive
9lee_H	9lhl_H	positive
9lmf_E	9mee_I	positive
9lem_F	9lhl_G	positive
9lhl_F	9mee_E	positive
9lee_I	9lmf_H	positive
9lem_B	9mee_E	positive
9lhl_F	9lee_I	positive
9lem_I	9lhl_C	positive
9lmf_H	9lhl_E	positive
9lem_I	9l0r_F	positive
9lem_J	9lee_I	positive
9lhl_J	9lmf_F	positive
9mee_L	9lhl_F	positive
9lmf_B	9lem_D	positive
9lhl_B	9lmf_D	positive
9l0r_F	9lee_F	positive
9lmf_J	9lhl_G	positive
9lem_F	9lmf_E	positive
9lem_H	9mee_G	positive
9lee_B	9mee_C	positive
9lhl_L	9mee_E	positive
9l0r_H	9lee_I	positive
9mee_G	9lmf_F	positive
9lmf_H	9l0r_F	positive
9l0r_H	9lem_D	positive
9lmf_C	9lem_J	positive
9mee_F	9lee_A	positive
9lee_A	9lhl_E	positive
9lec_J	9lhl_F	positive
9l0r_L	9lhl_I	positive
9l0r_I	9mee_G	positive
9l0r_B	9lmf_H	positive
9lhl_L	9lem_F	positive
9l0r_B	9lee_A	positive
9lhl_L	9lmf_E	positive
9lem_B	9lmf_D	positive
9l0r_I	9lmf_J	positive
9l0r_H	9lhl_E	positive
9l0r_D	9mee_G	positive
9lee_H	9lhl_J	positive
9lhl_C	9mee_I	positive
9lmf_D	9lhl_G	positive
9l0r_K	9lmf_F	positive
9l0r_E	9lem_F	positive
9l0r_E	9mee_J	positive
9lhl_B	9lmf_J	positive
9lhl_K	9lem_D	positive
9mee_E	9lem_D	positive
9l0r_I	9mee_J	positive
9lec_J	9lee_A	positive
9lem_B	9lhl_J	positive
9lhl_G	9mee_I	positive
9l0r_B	9lmf_D	positive
9lem_I	9lee_F	positive
9mee_L	9lmf_F	positive
9mee_L	9lhk_G	positive
9lec_J	9l0r_L	positive
9lee_I	9lhl_I	positive
9lhl_H	9mee_J	positive
9lmf_J	9l0r_F	positive
9lec_J	9mee_G	positive
9lec_J	9mee_E	positive
9lee_I	9lhl_H	positive
9lem_J	9lhl_C	positive
9lhl_F	9lmf_E	positive
9lhl_B	9lem_D	positive
9mee_A	9lmf_E	positive
9mee_E	9lee_H	positive
9l0r_F	9mee_I	positive
9lhk_G	9lee_F	positive
9mee_J	9lhl_I	positive
9mee_A	9lee_E	positive
9lhl_H	9lem_I	positive
9lmf_C	9lem_I	positive
9l0r_I	9lhk_G	positive
9lee_I	9lhl_C	positive
9mee_F	9lmf_G	positive
9mee_A	9lmf_F	positive
9mee_L	9l0r_K	positive
9lhl_H	9mee_G	positive
9l0r_L	9mee_I	positive
9lee_G	9lmf_H	positive
9lhl_L	9lee_E	positive
9lhl_E	9lhk_G	positive
9lee_D	9lem_B	positive
9lee_H	9lhl_B	positive
9lec_J	9lhl_E	positive
9lem_F	9lmf_D	positive
9mee_L	9lmf_E	positive
9mee_F	9lmf_H	positive
9lem_B	9l0r_I	positive
9lmf_C	9lhk_G	positive
9lem_D	9mee_G	positive
9lem_J	9lmf_D	positive
9lee_E	9lem_D	positive
9lec_J	9lhl_G	positive
9lmf_E	9mee_C	positive
9lmf_E	9lee_E	positive
9lem_I	9mee_I	positive
9lmf_H	9lhk_G	positive
9l0r_D	9lem_H	positive
9lec_J	9l0r_H	positive
9lem_H	9l0r_I	positive
9lee_I	9lmf_E	positive
9lhl_E	9mee_J	positive
9lhl_K	9mee_G	positive
9lee_D	9l0r_H	positive
9lmf_G	9lhl_H	positive
9mee_E	9lhl_J	positive
9lee_B	9lhl_J	positive
9lem_B	9lhl_B	positive
9lem_F	9mee_G	positive
9l0r_K	9lhl_I	positive
9mee_A	9l0r_B	positive
9lee_G	9l0r_B	positive
9mee_J	9lhk_G	positive
9lhl_E	9l0r_F	positive
9lee_B	9lmf_E	positive
9l0r_K	9lhl_H	positive
8sp9_C	8s95_C	positive
8sp9_C	8vma_R	positive
8sp9_C	8vma_C	positive
8sp9_C	8vm9_C	positive
8sp9_C	8vm9_R	positive
8sp9_C	8vmb_R	positive
8sp9_C	8dp3_R	positive
8sp9_C	8vm8_R	positive
8sp9_C	9d9p_R	positive
8sp9_C	9dcf_C	positive
8s95_C	8vma_R	positive
8s95_C	8vma_C	positive
8s95_C	8vm9_C	positive
8s95_C	8vm9_R	positive
8s95_C	8vmb_R	positive
8s95_C	8dp3_R	positive
8s95_C	8vm8_R	positive
8s95_C	9d9p_R	positive
8s95_C	9dcf_C	positive
8vma_R	8vm9_C	positive
8vma_R	8vm9_R	positive
8vma_R	8vmb_R	positive
8vma_R	8dp3_R	positive
8vma_R	8vm8_R	positive
8vma_R	9d9p_R	positive
8vma_R	9dcf_C	positive
8vma_C	8vm9_C	positive
8vma_C	8vm9_R	positive
8vma_C	8vmb_R	positive
8vma_C	8dp3_R	positive
8vma_C	8vm8_R	positive
8vma_C	9d9p_R	positive
8vma_C	9dcf_C	positive
8vm9_C	8vmb_R	positive
8vm9_C	8dp3_R	positive
8vm9_C	8vm8_R	positive
8vm9_C	9d9p_R	positive
8vm9_C	9dcf_C	positive
8vm9_R	8vmb_R	positive
8vm9_R	8dp3_R	positive
8vm9_R	8vm8_R	positive
8vm9_R	9d9p_R	positive
8vm9_R	9dcf_C	positive
8vmb_R	8dp3_R	positive
8vmb_R	8vm8_R	positive
8vmb_R	9d9p_R	positive
8vmb_R	9dcf_C	positive
8dp3_R	8vm8_R	positive
8dp3_R	9d9p_R	positive
8dp3_R	9dcf_C	positive
8vm8_R	9d9p_R	positive
8vm8_R	9dcf_C	positive
9d9p_R	9dcf_C	positive
7lyf_A	7lyg_A	positive
7lyf_A	8gzq_S	positive
7lyf_A	8gzp_S	positive
7lyf_A	9dtt_B	positive
7lyf_A	7umc_A	positive
7lyg_A	8gzq_S	positive
7lyg_A	8gzp_S	positive
7lyg_A	9dtt_B	positive
7lyg_A	7umc_A	positive
8gzq_S	8gzp_S	positive
8gzq_S	9dtt_B	positive
8gzq_S	7umc_A	positive
8gzp_S	9dtt_B	positive
8gzp_S	7umc_A	positive
9dtt_B	7umc_A	positive
6ahr_A	6ahu_A	positive
6ahr_A	6agb_A	positive
6ahr_A	6ah3_A	positive
6ahu_A	6agb_A	positive
6ahu_A	6ah3_A	positive
6agb_A	6ah3_A	positive
1u9s_A	3q1r_B	positive
1u9s_A	2a2e_A	positive
1u9s_A	7uo5_B	positive
1u9s_A	7uo1_B	positive
1u9s_A	3q1q_B	positive
1u9s_A	7uo0_B	positive
1u9s_A	7uo2_B	positive
3q1r_B	2a2e_A	positive
3q1r_B	7uo5_B	positive
3q1r_B	7uo1_B	positive
3q1r_B	3q1q_B	positive
3q1r_B	7uo0_B	positive
3q1r_B	7uo2_B	positive
2a2e_A	7uo5_B	positive
2a2e_A	7uo1_B	positive
2a2e_A	3q1q_B	positive
2a2e_A	7uo0_B	positive
2a2e_A	7uo2_B	positive
7uo5_B	7uo1_B	positive
7uo5_B	3q1q_B	positive
7uo5_B	7uo0_B	positive
7uo5_B	7uo2_B	positive
7uo1_B	3q1q_B	positive
7uo1_B	7uo0_B	positive
7uo1_B	7uo2_B	positive
3q1q_B	7uo0_B	positive
3q1q_B	7uo2_B	positive
7uo0_B	7uo2_B	positive
1nbs_A	2a64_A	positive
1nbs_A	3dhs_A	positive
2a64_A	1nbs_B	positive
2a64_A	3dhs_A	positive
1nbs_B	3dhs_A	positive
7mq9_L2	7mqa_L2	positive
7mq9_L2	7mq8_L2	positive
7mqa_L2	7mq8_L2	positive
8rm5_4	8h6l_4A	positive
8rm5_4	2n7m_X	positive
8rm5_4	8h6k_4A	positive
8rm5_4	5zwm_I	positive
8rm5_4	6ah0_I	positive
8rm5_4	5zwo_I	positive
8h6l_4A	2n7m_X	positive
8h6l_4A	8h6k_4A	positive
8h6l_4A	5zwm_I	positive
8h6l_4A	6ah0_I	positive
8h6l_4A	5zwo_I	positive
2n7m_X	8h6k_4A	positive
2n7m_X	5zwm_I	positive
2n7m_X	6ah0_I	positive
2n7m_X	5zwo_I	positive
8h6k_4A	5zwm_I	positive
8h6k_4A	6ah0_I	positive
8h6k_4A	5zwo_I	positive
5zwm_I	6ah0_I	positive
5zwm_I	5zwo_I	positive
6ah0_I	5zwo_I	positive
2j37_A	2go5_A	positive
2j37_A	3jan_4	positive
2j37_A	7qwq_1	positive
2j37_A	4p3e_A	positive
2j37_A	1mfq_A	positive
2j37_A	4ue5_A	positive
2j37_A	3ktv_A	positive
2j37_A	6r6g_AF	positive
2j37_A	7obr_1	positive
2j37_A	5m73_E	positive
2j37_A	6frk_1	positive
2j37_A	3ktv_C	positive
2j37_A	1ry1_A	positive
2j37_A	7nfx_1	positive
2j37_A	7obq_1	positive
2j37_A	3jaj_4	positive
2j37_A	1l9a_B	positive
2j37_A	5m73_A	positive
2go5_A	3jan_4	positive
2go5_A	7qwq_1	positive
2go5_A	4p3e_A	positive
2go5_A	1mfq_A	positive
2go5_A	4ue5_A	positive
2go5_A	3ktv_A	positive
2go5_A	6r6g_AF	positive
2go5_A	7obr_1	positive
2go5_A	5m73_E	positive
2go5_A	6frk_1	positive
2go5_A	3ktv_C	positive
2go5_A	1ry1_A	positive
2go5_A	7nfx_1	positive
2go5_A	7obq_1	positive
2go5_A	3jaj_4	positive
2go5_A	1l9a_B	positive
2go5_A	5m73_A	positive
3jan_4	7qwq_1	positive
3jan_4	4p3e_A	positive
3jan_4	1mfq_A	positive
3jan_4	4ue5_A	positive
3jan_4	3ktv_A	positive
3jan_4	6r6g_AF	positive
3jan_4	7obr_1	positive
3jan_4	5m73_E	positive
3jan_4	6frk_1	positive
3jan_4	3ktv_C	positive
3jan_4	1ry1_A	positive
3jan_4	7nfx_1	positive
3jan_4	7obq_1	positive
3jan_4	3jaj_4	positive
3jan_4	1l9a_B	positive
3jan_4	5m73_A	positive
7qwq_1	4p3e_A	positive
7qwq_1	1mfq_A	positive
7qwq_1	4ue5_A	positive
7qwq_1	3ktv_A	positive
7qwq_1	6r6g_AF	positive
7qwq_1	7obr_1	positive
7qwq_1	5m73_E	positive
7qwq_1	6frk_1	positive
7qwq_1	3ktv_C	positive
7qwq_1	1ry1_A	positive
7qwq_1	7nfx_1	positive
7qwq_1	7obq_1	positive
7qwq_1	3jaj_4	positive
7qwq_1	1l9a_B	positive
7qwq_1	5m73_A	positive
4p3e_A	1mfq_A	positive
4p3e_A	4ue5_A	positive
4p3e_A	3ktv_A	positive
4p3e_A	6r6g_AF	positive
4p3e_A	7obr_1	positive
4p3e_A	5m73_E	positive
4p3e_A	6frk_1	positive
4p3e_A	3ktv_C	positive
4p3e_A	1ry1_A	positive
4p3e_A	7nfx_1	positive
4p3e_A	7obq_1	positive
4p3e_A	3jaj_4	positive
4p3e_A	1l9a_B	positive
4p3e_A	5m73_A	positive
1mfq_A	4ue5_A	positive
1mfq_A	3ktv_A	positive
1mfq_A	6r6g_AF	positive
1mfq_A	7obr_1	positive
1mfq_A	5m73_E	positive
1mfq_A	6frk_1	positive
1mfq_A	3ktv_C	positive
1mfq_A	1ry1_A	positive
1mfq_A	7nfx_1	positive
1mfq_A	7obq_1	positive
1mfq_A	3jaj_4	positive
1mfq_A	1l9a_B	positive
1mfq_A	5m73_A	positive
4ue5_A	3ktv_A	positive
4ue5_A	6r6g_AF	positive
4ue5_A	7obr_1	positive
4ue5_A	5m73_E	positive
4ue5_A	6frk_1	positive
4ue5_A	3ktv_C	positive
4ue5_A	1ry1_A	positive
4ue5_A	7nfx_1	positive
4ue5_A	7obq_1	positive
4ue5_A	3jaj_4	positive
4ue5_A	1l9a_B	positive
4ue5_A	5m73_A	positive
3ktv_A	6r6g_AF	positive
3ktv_A	7obr_1	positive
3ktv_A	5m73_E	positive
3ktv_A	6frk_1	positive
3ktv_A	1ry1_A	positive
3ktv_A	7nfx_1	positive
3ktv_A	7obq_1	positive
3ktv_A	3jaj_4	positive
3ktv_A	1l9a_B	positive
3ktv_A	5m73_A	positive
6r6g_AF	7obr_1	positive
6r6g_AF	5m73_E	positive
6r6g_AF	6frk_1	positive
6r6g_AF	3ktv_C	positive
6r6g_AF	1ry1_A	positive
6r6g_AF	7nfx_1	positive
6r6g_AF	7obq_1	positive
6r6g_AF	3jaj_4	positive
6r6g_AF	1l9a_B	positive
6r6g_AF	5m73_A	positive
7obr_1	5m73_E	positive
7obr_1	6frk_1	positive
7obr_1	3ktv_C	positive
7obr_1	1ry1_A	positive
7obr_1	7nfx_1	positive
7obr_1	7obq_1	positive
7obr_1	3jaj_4	positive
7obr_1	1l9a_B	positive
7obr_1	5m73_A	positive
5m73_E	6frk_1	positive
5m73_E	3ktv_C	positive
5m73_E	1ry1_A	positive
5m73_E	7nfx_1	positive
5m73_E	7obq_1	positive
5m73_E	3jaj_4	positive
5m73_E	1l9a_B	positive
6frk_1	3ktv_C	positive
6frk_1	1ry1_A	positive
6frk_1	7nfx_1	positive
6frk_1	7obq_1	positive
6frk_1	3jaj_4	positive
6frk_1	1l9a_B	positive
6frk_1	5m73_A	positive
3ktv_C	1ry1_A	positive
3ktv_C	7nfx_1	positive
3ktv_C	7obq_1	positive
3ktv_C	3jaj_4	positive
3ktv_C	1l9a_B	positive
3ktv_C	5m73_A	positive
1ry1_A	7nfx_1	positive
1ry1_A	7obq_1	positive
1ry1_A	3jaj_4	positive
1ry1_A	1l9a_B	positive
1ry1_A	5m73_A	positive
7nfx_1	7obq_1	positive
7nfx_1	3jaj_4	positive
7nfx_1	1l9a_B	positive
7nfx_1	5m73_A	positive
7obq_1	3jaj_4	positive
7obq_1	1l9a_B	positive
7obq_1	5m73_A	positive
3jaj_4	1l9a_B	positive
3jaj_4	5m73_A	positive
1l9a_B	5m73_A	positive
8qzs_5	8qp9_5	positive
8h6l_5A	8qp9_5	positive
8qzs_5	7abf_5	positive
5mq0_5	8c6j_5	positive
5gan_U	8qp9_5	positive
7abf_5	8i0v_B	positive
8ro0_5	8i0s_B	positive
6j6n_D	3jcm_F	positive
8qo9_5	9esi_5	positive
7aav_5	5lj5_U	positive
6zym_5	8r0a_5	positive
7aav_5	5gm6_D	positive
8qo9_5	8c6j_5	positive
5zwo_B	5lj5_U	positive
8h6e_5A	8q7q_5	positive
8i0t_B	8rm5_5	positive
8qzs_5	8rc0_5	positive
5gmk_D	9l5s_5	positive
7w5b_B	8r0a_5	positive
8ch6_e	8qp9_5	positive
7abi_5	7qtt_e	positive
7abg_5	7abf_5	positive
8qzs_5	8h6j_5A	positive
8i0r_B	8r0a_5	positive
7qtt_e	9l5r_5	positive
6j6g_D	7qtt_e	positive
8h6e_5A	5gm6_D	positive
5mps_5	8i0v_B	positive
9esi_5	8rc0_5	positive
8rm5_5	7dco_B	positive
8qp8_5	8q7q_5	positive
8i0t_B	7abf_5	positive
7abi_5	8i0v_B	positive
7abg_5	9fmd_5	positive
7aav_5	8q7v_5	positive
8i0r_B	3jcm_F	positive
8qp8_5	8q7x_5	positive
5gmk_D	9esi_5	positive
7abg_5	8qp9_5	positive
7w5b_B	5y88_B	positive
8ch6_e	9l5r_5	positive
8i0t_B	3jcm_F	positive
7aav_5	8i0v_B	positive
5z56_B	6j6n_D	positive
8q7n_5	8i0r_B	positive
8r0a_5	6j6n_D	positive
7abg_5	5y88_B	positive
5gan_U	8h6j_5A	positive
5z56_B	8q7n_5	positive
7abi_5	8ro0_5	positive
8i0t_B	8q7n_5	positive
6j6h_D	8h6l_5A	positive
8c6j_5	6j6n_D	positive
8h6l_5A	5gam_U	positive
6qdv_5	7dco_B	positive
5gmk_D	7w5b_B	positive
8qp8_5	8i0r_B	positive
9l5s_5	8i0v_B	positive
8ro0_5	5gam_U	positive
5y88_B	7abf_5	positive
8qp8_5	8h6j_5A	positive
7abg_5	8h6e_5A	positive
7w5b_B	8ch6_e	positive
8i0s_B	8i0v_B	positive
7abf_5	8qp9_5	positive
5gmk_D	5y88_B	positive
8qp8_5	8rm5_5	positive
8q7v_5	8rm5_5	positive
8ro0_5	8q7q_5	positive
5mq0_5	6j6n_D	positive
5mps_5	8qzs_5	positive
8rm5_5	8r0a_5	positive
7w5b_B	5gam_U	positive
7aav_5	8qzs_5	positive
9esi_5	5lj5_U	positive
8h6l_5A	6zym_5	positive
5mps_5	6qdv_5	positive
8q7v_5	9l5r_5	positive
8ro0_5	8q7v_5	positive
8ro0_5	7w5b_B	positive
5mps_5	5lj5_U	positive
8c6j_5	8q91_5	positive
6j6h_D	8i0s_B	positive
8i0r_B	6j6g_D	positive
9l5s_5	8i0r_B	positive
6zym_5	8c6j_5	positive
8q91_5	3jcm_F	positive
8rm5_5	9l5r_5	positive
6j6n_D	8i0v_B	positive
8ro0_5	8qzs_5	positive
6qdv_5	7qtt_e	positive
5gm6_D	5gam_U	positive
5gan_U	8c6j_5	positive
6j6g_D	8h6j_5A	positive
6j6g_D	9l5r_5	positive
8q7v_5	9fmd_5	positive
5gan_U	9l5s_5	positive
8h6j_5A	5gm6_D	positive
7abi_5	5lj5_U	positive
5mq0_5	6j6g_D	positive
8q91_5	8h6j_5A	positive
9fmd_5	8r0a_5	positive
5lqw_5	9l5s_5	positive
7abf_5	9l5r_5	positive
6j6n_D	5lj5_U	positive
6j6h_D	7qtt_e	positive
7aav_5	6zym_5	positive
8r0a_5	8qp9_5	positive
5y88_B	9esi_5	positive
5mps_5	5lqw_5	positive
5lqw_5	8i0r_B	positive
8i0s_B	8rc0_5	positive
8h6e_5A	7dco_B	positive
5gan_U	5gm6_D	positive
9fmd_5	8i0s_B	positive
5y88_B	8h6j_5A	positive
5mq0_5	9l5s_5	positive
8i0r_B	9esi_5	positive
5mps_5	8i0s_B	positive
9fmd_5	8rc0_5	positive
6zym_5	8rm5_5	positive
8i0r_B	7dco_B	positive
8h6j_5A	8i0v_B	positive
5mq0_5	5y88_B	positive
7dco_B	8rc0_5	positive
8i0r_B	8rc0_5	positive
8h6l_5A	8q7x_5	positive
5gmk_D	8i0v_B	positive
5zwo_B	8i0s_B	positive
6qdv_5	8q7q_5	positive
5gmk_D	7aav_5	positive
8ro0_5	8qp8_5	positive
3jcm_F	8i0v_B	positive
5gan_U	5lqw_5	positive
8qo9_5	8i0v_B	positive
6zym_5	8qp9_5	positive
8q7x_5	8rm5_5	positive
5mq0_5	7dco_B	positive
7qtt_e	8ch6_e	positive
5mq0_5	9esi_5	positive
5mq0_5	8rc0_5	positive
8rm5_5	5lj5_U	positive
8qo9_5	8q7x_5	positive
8qzs_5	9l5r_5	positive
5z56_B	3jcm_F	positive
8i0t_B	8qzs_5	positive
5mps_5	5gam_U	positive
6zym_5	7dco_B	positive
9l5s_5	8rm5_5	positive
9l5s_5	8qp9_5	positive
5y88_B	8qp9_5	positive
9l5s_5	6j6n_D	positive
9l5s_5	9esi_5	positive
5gan_U	5y88_B	positive
6j6n_D	8q7q_5	positive
5mps_5	8qp9_5	positive
8q7x_5	6j6n_D	positive
8i0t_B	8ro0_5	positive
5zwo_B	8q91_5	positive
6j6g_D	5lj5_U	positive
5mps_5	8r0a_5	positive
8ro0_5	6zym_5	positive
5gmk_D	8i0t_B	positive
5gmk_D	8rc0_5	positive
8i0r_B	8q7q_5	positive
7qtt_e	8i0v_B	positive
6zym_5	5lj5_U	positive
6j6n_D	7qtt_e	positive
9l5s_5	7dco_B	positive
8ro0_5	7dco_B	positive
8i0r_B	5lj5_U	positive
8q7x_5	9esi_5	positive
6j6h_D	8i0v_B	positive
8qzs_5	9l5s_5	positive
8i0t_B	8r0a_5	positive
7abi_5	5gm6_D	positive
8qo9_5	8q7v_5	positive
6zym_5	7qtt_e	positive
5gmk_D	6j6n_D	positive
6qdv_5	5zwo_B	positive
5lqw_5	8c6j_5	positive
5mq0_5	8qp9_5	positive
7abi_5	5z56_B	positive
8i0v_B	8rc0_5	positive
8qo9_5	5z56_B	positive
5gam_U	8q7q_5	positive
5mq0_5	5mps_5	positive
6qdv_5	9esi_5	positive
8qo9_5	8qp9_5	positive
5z56_B	8rm5_5	positive
8q7n_5	5gam_U	positive
8ro0_5	8i0v_B	positive
7qtt_e	8q91_5	positive
5lqw_5	8q7q_5	positive
5mq0_5	5z56_B	positive
6j6h_D	7w5b_B	positive
9esi_5	5gm6_D	positive
7abf_5	8q7q_5	positive
8h6l_5A	7abf_5	positive
3jcm_F	8qp9_5	positive
3iyr_A	3iz4_A	positive
2czj_D	7acj_4	positive
6q98_4	5zey_A	positive
7acj_4	3iz4_A	positive
6q95_4	8vs9_TMRN	positive
1p6v_D	4v6t_AV	positive
6q95_4	2czj_F	positive
2czj_H	4v8q_BY	positive
6q98_4	7abz_4	positive
4v6t_AV	6q9a_4	positive
7acr_4	6q9a_4	positive
3iyq_A	4v6t_AV	positive
6q95_4	4v6t_AV	positive
1p6v_D	3iz4_A	positive
8vsa_TMRN	7acj_4	positive
2czj_F	1p6v_B	positive
3iyr_A	5zey_A	positive
8vs9_TMRN	2czj_D	positive
7acr_4	3iyr_A	positive
6q97_4	8vs9_TMRN	positive
6q98_4	7acj_4	positive
3iyq_A	6q98_4	positive
5zey_A	6q9a_4	positive
4v6t_AV	2czj_D	positive
8vsa_TMRN	8vs9_TMRN	positive
6q95_4	7ac7_4	positive
6q97_4	3iz4_A	positive
6q98_4	2czj_D	positive
2czj_B	8vs9_TMRN	positive
2czj_F	3iyr_A	positive
6q95_4	7abz_4	positive
6q98_4	6q9a_4	positive
3iyq_A	2czj_F	positive
2czj_B	6q9a_4	positive
7acr_4	1p6v_D	positive
7acj_4	7ac7_4	positive
2czj_B	7abz_4	positive
7acr_4	7abz_4	positive
2czj_F	7abz_4	positive
4v6t_AV	3iyr_A	positive
1p6v_D	2czj_F	positive
1p6v_D	6q95_4	positive
5zey_A	7ac7_4	positive
3iz4_A	4v8q_BY	positive
3iyq_A	4v8q_BY	positive
8vsa_TMRN	5zey_A	positive
2czj_F	7ac7_4	positive
7acj_4	4v8q_BY	positive
8vs9_TMRN	3iz4_A	positive
2czj_D	4v8q_BY	positive
2czj_F	6q97_4	positive
2czj_H	1p6v_B	positive
2czj_B	7acj_4	positive
1p6v_D	3iyr_A	positive
1p6v_D	7abz_4	positive
7acr_4	3iz4_A	positive
6q95_4	5zey_A	positive
6q97_4	1p6v_B	positive
8vsa_TMRN	6q9a_4	positive
3iyq_A	3iz4_A	positive
2czj_B	6q97_4	positive
2czj_H	6q95_4	positive
7abz_4	7ac7_4	positive
7acr_4	8vs9_TMRN	positive
8vsa_TMRN	2czj_D	positive
1p6v_D	5zey_A	positive
7abz_4	6q9a_4	positive
3iyr_A	1p6v_B	positive
3iyr_A	4v8q_BY	positive
8vsa_TMRN	6q98_4	positive
8vsa_TMRN	7ac7_4	positive
5zey_A	3iz4_A	positive
3iyr_A	2czj_D	positive
6q98_4	4v8q_BY	positive
7acr_4	4v8q_BY	positive
4v6t_AV	6q97_4	positive
7acr_4	1p6v_B	positive
6q95_4	7acj_4	positive
3iz4_A	6q9a_4	positive
8vsa_TMRN	6q95_4	positive
7acr_4	7ac7_4	positive
3iyr_A	7acj_4	positive
2czj_H	8vs9_TMRN	positive
3iyr_A	7abz_4	positive
6q98_4	8vs9_TMRN	positive
6q97_4	6q9a_4	positive
2czj_B	1p6v_B	positive
7abz_4	3iz4_A	positive
1p6v_B	4v8q_BY	positive
1p6v_D	4v8q_BY	positive
8vs9_TMRN	6q9a_4	positive
3iyq_A	6q9a_4	positive
2czj_B	3iyq_A	positive
6q95_4	3iyr_A	positive
1p6v_D	8vs9_TMRN	positive
2czj_B	4v6t_AV	positive
4v6t_AV	5zey_A	positive
1p6v_D	3iyq_A	positive
2czj_D	1p6v_B	positive
2czj_B	7ac7_4	positive
4v6t_AV	7acj_4	positive
1p6v_B	7ac7_4	positive
3iz4_A	1p6v_B	positive
3iyq_A	3iyr_A	positive
7acr_4	2czj_B	positive
3iyq_A	7ac7_4	positive
2czj_H	3iyr_A	positive
7abz_4	4v8q_BY	positive
4v6t_AV	4v8q_BY	positive
2czj_F	8vs9_TMRN	positive
8vsa_TMRN	3iyq_A	positive
8vs9_TMRN	4v8q_BY	positive
3iyq_A	7abz_4	positive
2czj_H	6q98_4	positive
6q97_4	7acj_4	positive
4v8q_BY	6q9a_4	positive
8vsa_TMRN	1p6v_D	positive
2czj_H	3iz4_A	positive
7acj_4	1p6v_B	positive
6q95_4	2czj_B	positive
8vs9_TMRN	7acj_4	positive
4v6t_AV	6q98_4	positive
3iyr_A	6q98_4	positive
2czj_H	6q9a_4	positive
8vsa_TMRN	4v8q_BY	positive
2czj_H	4v6t_AV	positive
7acr_4	4v6t_AV	positive
2czj_H	7abz_4	positive
6q98_4	3iz4_A	positive
3iyq_A	2czj_D	positive
2czj_H	5zey_A	positive
1p6v_D	6q97_4	positive
6q98_4	7ac7_4	positive
6q95_4	2czj_D	positive
6q95_4	1p6v_B	positive
7acr_4	2czj_F	positive
2czj_H	7acj_4	positive
2czj_F	5zey_A	positive
5zey_A	7acj_4	positive
6q95_4	3iz4_A	positive
1p6v_D	2czj_B	positive
2czj_H	7acr_4	positive
7acr_4	6q97_4	positive
3iyr_A	6q97_4	positive
8vsa_TMRN	1p6v_B	positive
1p6v_D	7acj_4	positive
6q97_4	4v8q_BY	positive
6q97_4	5zey_A	positive
4v6t_AV	1p6v_B	positive
8vsa_TMRN	2czj_F	positive
1p6v_D	2czj_D	positive
8vsa_TMRN	2czj_B	positive
8vsa_TMRN	6q97_4	positive
8vsa_TMRN	4v6t_AV	positive
8vsa_TMRN	2czj_H	positive
3iyq_A	7acj_4	positive
6q95_4	6q97_4	positive
3iyr_A	6q9a_4	positive
8vsa_TMRN	3iyr_A	positive
2czj_D	5zey_A	positive
8vsa_TMRN	7acr_4	positive
6q97_4	7abz_4	positive
6q95_4	4v8q_BY	positive
4v6t_AV	3iz4_A	positive
7abz_4	5zey_A	positive
2czj_F	4v8q_BY	positive
7acr_4	6q95_4	positive
7ac7_4	6q9a_4	positive
7abz_4	1p6v_B	positive
7abz_4	7acj_4	positive
2czj_F	3iz4_A	positive
3iyr_A	8vs9_TMRN	positive
2czj_B	3iyr_A	positive
4v6t_AV	7abz_4	positive
6q95_4	3iyq_A	positive
7ac7_4	4v8q_BY	positive
2czj_H	7ac7_4	positive
7abz_4	8vs9_TMRN	positive
7acr_4	2czj_D	positive
7acr_4	5zey_A	positive
6q98_4	1p6v_B	positive
1p6v_D	6q9a_4	positive
2czj_B	6q98_4	positive
3iyq_A	6q97_4	positive
5zey_A	1p6v_B	positive
2czj_F	6q98_4	positive
2czj_H	6q97_4	positive
8vsa_TMRN	7abz_4	positive
4v6t_AV	7ac7_4	positive
3iyq_A	1p6v_B	positive
2czj_D	3iz4_A	positive
1p6v_D	7ac7_4	positive
1p6v_B	6q9a_4	positive
7acr_4	3iyq_A	positive
1p6v_D	6q98_4	positive
8vsa_TMRN	3iz4_A	positive
3iz4_A	7ac7_4	positive
7acr_4	6q98_4	positive
7abz_4	2czj_D	positive
2czj_B	3iz4_A	positive
7tre_B	9qay_B	positive
7tre_B	7bgb_B	positive
7tre_B	7qxb_B	positive
7tre_B	7v9a_R	positive
7tre_B	8ouf_B	positive
7tre_B	7trd_B	positive
7tre_B	7trf_B	positive
7tre_B	7qxs_B	positive
7tre_B	9qb2_b	positive
7tre_B	9qax_B	positive
7tre_B	9qb3_b	positive
7tre_B	7v99_R	positive
7tre_B	7trc_B	positive
7tre_B	8oue_B	positive
7tre_B	9qaz_B	positive
7tre_B	7bg9_B	positive
7tre_B	9qb3_B	positive
7tre_B	9qb2_B	positive
7tre_B	7qxa_B	positive
9qay_B	7bgb_B	positive
9qay_B	7qxb_B	positive
9qay_B	7v9a_R	positive
9qay_B	8ouf_B	positive
9qay_B	7trd_B	positive
9qay_B	7trf_B	positive
9qay_B	7qxs_B	positive
9qay_B	9qb2_b	positive
9qay_B	9qax_B	positive
9qay_B	9qb3_b	positive
9qay_B	7v99_R	positive
9qay_B	7trc_B	positive
9qay_B	8oue_B	positive
9qay_B	9qaz_B	positive
9qay_B	7bg9_B	positive
9qay_B	9qb3_B	positive
9qay_B	9qb2_B	positive
9qay_B	7qxa_B	positive
7bgb_B	7qxb_B	positive
7bgb_B	7v9a_R	positive
7bgb_B	8ouf_B	positive
7bgb_B	7trd_B	positive
7bgb_B	7trf_B	positive
7bgb_B	7qxs_B	positive
7bgb_B	9qb2_b	positive
7bgb_B	9qax_B	positive
7bgb_B	9qb3_b	positive
7bgb_B	7v99_R	positive
7bgb_B	7trc_B	positive
7bgb_B	8oue_B	positive
7bgb_B	9qaz_B	positive
7bgb_B	7bg9_B	positive
7bgb_B	9qb3_B	positive
7bgb_B	9qb2_B	positive
7bgb_B	7qxa_B	positive
7qxb_B	7v9a_R	positive
7qxb_B	8ouf_B	positive
7qxb_B	7trd_B	positive
7qxb_B	7trf_B	positive
7qxb_B	7qxs_B	positive
7qxb_B	9qb2_b	positive
7qxb_B	9qax_B	positive
7qxb_B	9qb3_b	positive
7qxb_B	7v99_R	positive
7qxb_B	7trc_B	positive
7qxb_B	8oue_B	positive
7qxb_B	9qaz_B	positive
7qxb_B	7bg9_B	positive
7qxb_B	9qb3_B	positive
7qxb_B	9qb2_B	positive
7qxb_B	7qxa_B	positive
7v9a_R	8ouf_B	positive
7v9a_R	7trd_B	positive
7v9a_R	7trf_B	positive
7v9a_R	7qxs_B	positive
7v9a_R	9qb2_b	positive
7v9a_R	9qax_B	positive
7v9a_R	9qb3_b	positive
7v9a_R	7v99_R	positive
7v9a_R	7trc_B	positive
7v9a_R	8oue_B	positive
7v9a_R	9qaz_B	positive
7v9a_R	7bg9_B	positive
7v9a_R	9qb3_B	positive
7v9a_R	9qb2_B	positive
7v9a_R	7qxa_B	positive
8ouf_B	7trd_B	positive
8ouf_B	7trf_B	positive
8ouf_B	7qxs_B	positive
8ouf_B	9qb2_b	positive
8ouf_B	9qax_B	positive
8ouf_B	9qb3_b	positive
8ouf_B	7v99_R	positive
8ouf_B	7trc_B	positive
8ouf_B	8oue_B	positive
8ouf_B	9qaz_B	positive
8ouf_B	7bg9_B	positive
8ouf_B	9qb3_B	positive
8ouf_B	9qb2_B	positive
8ouf_B	7qxa_B	positive
7trd_B	7trf_B	positive
7trd_B	7qxs_B	positive
7trd_B	9qb2_b	positive
7trd_B	9qax_B	positive
7trd_B	9qb3_b	positive
7trd_B	7v99_R	positive
7trd_B	7trc_B	positive
7trd_B	8oue_B	positive
7trd_B	9qaz_B	positive
7trd_B	7bg9_B	positive
7trd_B	9qb3_B	positive
7trd_B	9qb2_B	positive
7trd_B	7qxa_B	positive
7trf_B	7qxs_B	positive
7trf_B	9qb2_b	positive
7trf_B	9qax_B	positive
7trf_B	9qb3_b	positive
7trf_B	7v99_R	positive
7trf_B	7trc_B	positive
7trf_B	8oue_B	positive
7trf_B	9qaz_B	positive
7trf_B	7bg9_B	positive
7trf_B	9qb3_B	positive
7trf_B	9qb2_B	positive
7trf_B	7qxa_B	positive
7qxs_B	9qb2_b	positive
7qxs_B	9qax_B	positive
7qxs_B	9qb3_b	positive
7qxs_B	7v99_R	positive
7qxs_B	7trc_B	positive
7qxs_B	8oue_B	positive
7qxs_B	9qaz_B	positive
7qxs_B	7bg9_B	positive
7qxs_B	9qb3_B	positive
7qxs_B	9qb2_B	positive
7qxs_B	7qxa_B	positive
9qb2_b	9qax_B	positive
9qb2_b	9qb3_b	positive
9qb2_b	7v99_R	positive
9qb2_b	7trc_B	positive
9qb2_b	8oue_B	positive
9qb2_b	9qaz_B	positive
9qb2_b	7bg9_B	positive
9qb2_b	9qb3_B	positive
9qb2_b	7qxa_B	positive
9qax_B	9qb3_b	positive
9qax_B	7v99_R	positive
9qax_B	7trc_B	positive
9qax_B	8oue_B	positive
9qax_B	9qaz_B	positive
9qax_B	7bg9_B	positive
9qax_B	9qb3_B	positive
9qax_B	9qb2_B	positive
9qax_B	7qxa_B	positive
9qb3_b	7v99_R	positive
9qb3_b	7trc_B	positive
9qb3_b	8oue_B	positive
9qb3_b	9qaz_B	positive
9qb3_b	7bg9_B	positive
9qb3_b	9qb2_B	positive
9qb3_b	7qxa_B	positive
7v99_R	7trc_B	positive
7v99_R	8oue_B	positive
7v99_R	9qaz_B	positive
7v99_R	7bg9_B	positive
7v99_R	9qb3_B	positive
7v99_R	9qb2_B	positive
7v99_R	7qxa_B	positive
7trc_B	8oue_B	positive
7trc_B	9qaz_B	positive
7trc_B	7bg9_B	positive
7trc_B	9qb3_B	positive
7trc_B	9qb2_B	positive
7trc_B	7qxa_B	positive
8oue_B	9qaz_B	positive
8oue_B	7bg9_B	positive
8oue_B	9qb3_B	positive
8oue_B	9qb2_B	positive
8oue_B	7qxa_B	positive
9qaz_B	7bg9_B	positive
9qaz_B	9qb3_B	positive
9qaz_B	9qb2_B	positive
9qaz_B	7qxa_B	positive
7bg9_B	9qb3_B	positive
7bg9_B	9qb2_B	positive
7bg9_B	7qxa_B	positive
9qb3_B	9qb2_B	positive
9qb3_B	7qxa_B	positive
9qb2_B	7qxa_B	positive
8gap_B	7lma_B	positive
8gap_B	7lmb_B	positive
8gap_B	6d6v_B	positive
8gap_B	7uy5_B	positive
8gap_B	7uy6_B	positive
7lma_B	7lmb_B	positive
7lma_B	6d6v_B	positive
7lma_B	7uy5_B	positive
7lma_B	7uy6_B	positive
7lmb_B	6d6v_B	positive
7lmb_B	7uy5_B	positive
7lmb_B	7uy6_B	positive
6d6v_B	7uy5_B	positive
6d6v_B	7uy6_B	positive
7uy5_B	7uy6_B	positive
9j8p_B	5vsu_I	positive
9j8p_B	9u47_B	positive
9j8p_B	5tf6_D	positive
9j8p_B	9u48_B	positive
9j8p_B	4n0t_B	positive
9j8p_B	6aso_I	positive
9j8p_B	5tf6_B	positive
5vsu_I	9u47_B	positive
5vsu_I	5tf6_D	positive
5vsu_I	9u48_B	positive
5vsu_I	4n0t_B	positive
5vsu_I	6aso_I	positive
5vsu_I	5tf6_B	positive
9u47_B	5tf6_D	positive
9u47_B	9u48_B	positive
9u47_B	4n0t_B	positive
9u47_B	6aso_I	positive
9u47_B	5tf6_B	positive
5tf6_D	9u48_B	positive
5tf6_D	4n0t_B	positive
5tf6_D	6aso_I	positive
9u48_B	4n0t_B	positive
9u48_B	6aso_I	positive
9u48_B	5tf6_B	positive
4n0t_B	6aso_I	positive
4n0t_B	5tf6_B	positive
6aso_I	5tf6_B	positive
5zal_C	9asn_E	positive
5zal_C	9asq_E	positive
5zal_C	9asm_E	positive
5zal_C	9aso_E	positive
5zal_C	5zam_C	positive
5zal_C	9asp_E	positive
9asn_E	9asq_E	positive
9asn_E	9asm_E	positive
9asn_E	9aso_E	positive
9asn_E	5zam_C	positive
9asn_E	9asp_E	positive
9asq_E	9asm_E	positive
9asq_E	9aso_E	positive
9asq_E	5zam_C	positive
9asq_E	9asp_E	positive
9asm_E	9aso_E	positive
9asm_E	5zam_C	positive
9asm_E	9asp_E	positive
9aso_E	5zam_C	positive
9aso_E	9asp_E	positive
5zam_C	9asp_E	positive
9mqs_A	7ych_N	positive
2rkj_K	7xsk_N	positive
9kgh_U	1grz_B	positive
1x8w_B	7xd3_N	positive
7r6n_A	2rkj_C	positive
8hd7_N	9cbx_N	positive
9cbu_N	1grz_B	positive
9cbw_N	7yci_N	positive
7xd4_N	7yga_N	positive
8tjx_N	1grz_B	positive
9cbw_N	2rkj_O	positive
7ygb_N	8tjx_N	positive
2rkj_K	9cbw_N	positive
7xd6_N	7xsm_N	positive
7xsk_N	9cby_N	positive
1y0q_A	9mqt_A	positive
6wls_A	7xsk_N	positive
1grz_A	7r6m_A	positive
8i7n_N	7xd5_N	positive
2rkj_K	9mqt_A	positive
7xsk_N	7ych_N	positive
9mqs_A	7ez2_N	positive
8tjx_N	7yg8_N	positive
9kgg_U	1x8w_A	positive
1x8w_A	9mqs_A	positive
2rkj_O	7yg9_N	positive
7r6m_A	7xsl_N	positive
8i7n_N	1grz_B	positive
7ez0_N	7ych_N	positive
9mqu_A	7xsn_N	positive
7yc8_N	9mqu_A	positive
7ez2_N	7ycg_N	positive
1x8w_C	7xsm_N	positive
1x8w_D	7xsl_N	positive
7yc8_N	7r6l_A	positive
2rkj_K	9mqu_A	positive
9kgh_U	7yg9_N	positive
8hd7_N	9cbu_N	positive
2rkj_K	8i7n_N	positive
2rkj_K	7yg8_N	positive
7xd7_N	7r6l_A	positive
7ygb_N	7xsn_N	positive
9cbw_N	9mqu_A	positive
9mqt_A	7ycg_N	positive
7ez0_N	9mqu_A	positive
6wls_A	7yci_N	positive
2rkj_K	7xsl_N	positive
7uvt_A	8hd7_N	positive
9mqt_A	2rkj_O	positive
1grz_A	2rkj_C	positive
7ez0_N	7yci_N	positive
1x8w_A	9kgh_U	positive
6wls_A	7ych_N	positive
7ygd_N	2rkj_C	positive
2rkj_K	9cbu_N	positive
1x8w_C	7xd4_N	positive
7ez2_N	1grz_B	positive
2rkj_O	7yg8_N	positive
9cby_N	7ygc_N	positive
9mqu_A	7xsl_N	positive
7xsm_N	9cby_N	positive
9mqs_A	7r6l_A	positive
6wls_A	7r6m_A	positive
9kgg_U	7ygb_N	positive
2rkj_K	7xsn_N	positive
7ez0_N	7xd3_N	positive
9mqu_A	7xd5_N	positive
6wls_A	1x8w_B	positive
8tjx_N	2rkj_O	positive
9cbw_N	9cbx_N	positive
7uvt_A	7ych_N	positive
9kgh_U	2rkj_O	positive
7xd3_N	7xsm_N	positive
9cbw_N	8tjq_N	positive
2rkj_K	7xd4_N	positive
9cby_N	7r6l_A	positive
8hd7_N	7yg9_N	positive
1grz_B	7ycg_N	positive
7yg9_N	7r6n_A	positive
1x8w_B	9cby_N	positive
7yc8_N	7yga_N	positive
7ygb_N	9kgh_U	positive
7xd7_N	7xd5_N	positive
9kgh_U	2rkj_C	positive
7xd7_N	7yga_N	positive
7yg8_N	7xd4_N	positive
7ygb_N	7r6m_A	positive
1y0q_A	7yci_N	positive
1x8w_B	7yg9_N	positive
7ez2_N	7xd5_N	positive
1x8w_A	9cbx_N	positive
7xd3_N	7r6l_A	positive
9kgh_U	7ygc_N	positive
7r6m_A	9mqu_A	positive
7ez0_N	9cby_N	positive
7xd7_N	1x8w_A	positive
8hd7_N	1grz_B	positive
7yg8_N	1grz_B	positive
8hd6_N	7xd7_N	positive
2rkj_O	7xd5_N	positive
6wls_A	9mqu_A	positive
7ygb_N	1x8w_B	positive
9mqt_A	7xsk_N	positive
7uvt_A	9kgh_U	positive
9cbw_N	7xsl_N	positive
8tjx_N	7ygc_N	positive
8tjx_N	7yci_N	positive
1grz_A	7xd4_N	positive
8tjx_N	7r6l_A	positive
7ez2_N	9cbu_N	positive
7ygb_N	1x8w_C	positive
9kgh_U	1x8w_D	positive
8tjx_N	7xsk_N	positive
8hd6_N	7ez2_N	positive
9cbx_N	7yga_N	positive
9mqt_A	9cby_N	positive
1x8w_C	9kgh_U	positive
9mqt_A	7yga_N	positive
9kgh_U	1grz_A	positive
7yg8_N	7xd6_N	positive
7ygc_N	7ycg_N	positive
8hd7_N	7xsm_N	positive
8tjx_N	7r6m_A	positive
7yc8_N	7r6n_A	positive
1x8w_A	9mqu_A	positive
9cbw_N	1x8w_D	positive
7ez0_N	7xsn_N	positive
7ygd_N	7ygb_N	positive
8hd6_N	9mqs_A	positive
7yga_N	7xd5_N	positive
7yci_N	1x8w_D	positive
1x8w_C	7yc8_N	positive
9mqu_A	9cbu_N	positive
9kgg_U	1x8w_C	positive
7ych_N	8tjq_N	positive
8hd6_N	7ygc_N	positive
1grz_A	7xd6_N	positive
1y0q_A	7yga_N	positive
9mqs_A	7xd5_N	positive
7yg8_N	7yga_N	positive
7ygb_N	9mqt_A	positive
9kgh_U	7xd5_N	positive
8hd7_N	7xd6_N	positive
7xd7_N	9mqt_A	positive
7ez2_N	1grz_A	positive
7yc8_N	1grz_B	positive
2rkj_K	8hd7_N	positive
7ycg_N	7xd5_N	positive
9mqs_A	7xsm_N	positive
8tjq_N	7xsl_N	positive
7xd6_N	1x8w_D	positive
7xd3_N	1grz_B	positive
7yci_N	9cbu_N	positive
9kgg_U	7r6m_A	positive
7ez0_N	7xd4_N	positive
7xd4_N	9cbu_N	positive
2rkj_K	7yci_N	positive
6wls_A	1grz_B	positive
8hd7_N	1x8w_D	positive
7ez0_N	2rkj_O	positive
1x8w_B	7xd6_N	positive
9kgg_U	1x8w_D	positive
7r6n_A	1x8w_D	positive
9mqs_A	7yg8_N	positive
6wls_A	8tjq_N	positive
7uvt_A	7xd3_N	positive
6wls_A	7ez0_N	positive
7xd7_N	9cbx_N	positive
8i7n_N	9cbx_N	positive
7xsm_N	8tjq_N	positive
7yg9_N	8tjq_N	positive
9cby_N	1x8w_D	positive
7ycg_N	2rkj_C	positive
1grz_B	7xsl_N	positive
8i7n_N	2rkj_O	positive
1grz_A	7r6l_A	positive
7yc8_N	7xd4_N	positive
9cbw_N	1grz_B	positive
7ych_N	9mqu_A	positive
7xsn_N	7r6l_A	positive
7yg8_N	7xsl_N	positive
7ygb_N	7r6n_A	positive
7xsk_N	7yci_N	positive
9kgg_U	2rkj_K	positive
7r6m_A	8tjq_N	positive
6wls_A	7xsm_N	positive
9kgh_U	8tjq_N	positive
7xd3_N	7yci_N	positive
7ygd_N	8i7n_N	positive
7ygb_N	9cbw_N	positive
7xsk_N	7ycg_N	positive
9mqt_A	7yg9_N	positive
7xsk_N	7xsm_N	positive
2rkj_O	7ycg_N	positive
8hd6_N	7yci_N	positive
7r6m_A	7xd4_N	positive
9cbx_N	7ygc_N	positive
6wls_A	8tjx_N	positive
2rkj_O	9mqu_A	positive
1y0q_A	1x8w_D	positive
5g2y_A	5g2x_A	positive
4r0d_A	8t2s_B	positive
8k0r_C	1r2p_A	positive
1kxk_A	3eoh_A	positive
6chr_A	6cih_A	positive
8k0r_C	3eog_A	positive
2f88_A	8k0q_C	positive
3g78_A	7d1a_A	positive
1r2p_A	8k0s_A	positive
2f88_A	7d0f_A	positive
2f88_A	6cih_A	positive
5g2x_A	7uin_B	positive
8k0s_C	7d0f_A	positive
8k0q_C	8k0p_A	positive
3g78_A	5g2y_A	positive
8h2h_A	3eoh_A	positive
6me0_A	6chr_A	positive
6me0_A	6cih_A	positive
2lpt_A	7uin_B	positive
6cih_A	8k0s_A	positive
1kxk_A	7d0f_A	positive
6me0_A	8k0p_A	positive
3eog_A	8k0r_A	positive
2lpt_A	3eog_A	positive
6cih_A	1r2p_A	positive
1kxk_A	2f88_A	positive
8t2r_B	2lpt_A	positive
8t2r_B	8fli_A	positive
7uim_B	5g2x_A	positive
4r0d_A	8k0p_C	positive
8k0r_C	5g2x_A	positive
6me0_A	8h2h_A	positive
8t2s_B	3eog_A	positive
5g2x_A	8k0s_C	positive
6me0_A	8k0r_A	positive
8k0q_C	7uin_B	positive
8k0r_C	3eoh_A	positive
8fli_A	2lpt_A	positive
7uin_B	8k0s_A	positive
5g2y_A	1r2p_A	positive
6cih_A	3eoh_A	positive
6cih_A	2lps_A	positive
3eoh_A	8k0s_A	positive
6chr_A	8k0q_C	positive
6chr_A	3eoh_A	positive
3eoh_A	8k0p_C	positive
5g2y_A	8k0q_A	positive
8t2t_B	8k0r_A	positive
8h2h_A	8k0r_A	positive
5g2x_A	2lps_A	positive
6chr_A	1r2p_A	positive
8h2h_A	3eog_A	positive
8k15_C	8k0s_A	positive
8k0q_C	3eoh_A	positive
5g2y_A	3eog_A	positive
7uim_B	3bwp_A	positive
4r0d_A	5g2x_A	positive
7d1a_A	2lps_A	positive
8t2t_B	6me0_A	positive
2f88_A	5g2x_A	positive
4r0d_A	3bwp_A	positive
8k0r_C	3igi_A	positive
2f88_A	3g78_A	positive
4r0d_A	2lps_A	positive
8t2t_B	3igi_A	positive
1r2p_A	3bwp_A	positive
6chr_A	3eog_A	positive
8t2t_B	7uim_B	positive
8fli_A	5g2y_A	positive
6me0_A	7d1a_A	positive
8t2r_B	6chr_A	positive
7uim_B	8k0s_A	positive
8t2t_B	3g78_A	positive
7uim_B	8k0q_A	positive
6me0_A	8k0q_A	positive
8t2r_B	6cih_A	positive
8t2t_B	8k0p_C	positive
3bwp_A	8k0s_A	positive
5g2y_A	7d0f_A	positive
8fli_A	1r2p_A	positive
8k0q_A	8k0s_A	positive
7d1a_A	3eoh_A	positive
5g2x_A	8t2s_B	positive
7d1a_A	7d0f_A	positive
7uim_B	5g2y_A	positive
8t2t_B	7d1a_A	positive
3g78_A	3eoh_A	positive
8k15_C	8k0p_A	positive
8t2t_B	8fli_A	positive
8k0q_A	7uin_B	positive
2f88_A	6chr_A	positive
8k0s_C	1r2p_A	positive
8t2r_B	3bwp_A	positive
5g2y_A	7uin_B	positive
1kxk_A	2lps_A	positive
2lpt_A	7d1a_A	positive
6me0_A	3g78_A	positive
8k0r_A	2lps_A	positive
3g78_A	7uin_B	positive
8t2t_B	8t2r_B	positive
8k0r_C	8t2r_B	positive
8h2h_A	8k0p_A	positive
8k0q_A	3eoh_A	positive
7uim_B	8t2s_B	positive
3g78_A	8k0s_A	positive
5g2x_A	2lpt_A	positive
3g78_A	8k0p_A	positive
8t2r_B	3g78_A	positive
6chr_A	8t2s_B	positive
3g78_A	1r2p_A	positive
8t2r_B	5g2y_A	positive
6chr_A	8k0p_A	positive
8k0s_C	3eoh_A	positive
8t2r_B	8k0r_A	positive
8k0q_C	3bwp_A	positive
8k0q_C	1r2p_A	positive
4r0d_A	5g2y_A	positive
7uim_B	8h2h_A	positive
1kxk_A	8h2h_A	positive
8h2h_A	8k0s_C	positive
6cih_A	8h2h_A	positive
8k0r_C	8k0q_C	positive
8k15_C	3bwp_A	positive
1kxk_A	8k0s_C	positive
8k15_C	8k0q_C	positive
8k0r_C	7d1a_A	positive
8k0q_C	3igi_A	positive
8k0q_C	7d1a_A	positive
8t2t_B	3eoh_A	positive
6cih_A	8k0r_A	positive
8t2r_B	8k0p_C	positive
8k0r_A	7d0f_A	positive
8t2s_B	1r2p_A	positive
6cih_A	7uin_B	positive
6cih_A	3eog_A	positive
2lpt_A	7d0f_A	positive
8fli_A	3igi_A	positive
8k0q_A	7d0f_A	positive
4r0d_A	8k0r_A	positive
7uim_B	8k0q_C	positive
4r0d_A	8k0p_A	positive
8k15_C	8k0s_C	positive
6cih_A	7d1a_A	positive
8fli_A	2lps_A	positive
6me0_A	5g2x_A	positive
8fli_A	8k0p_A	positive
8t2s_B	8k0s_A	positive
1kxk_A	7uin_B	positive
2lps_A	3igi_A	positive
6chr_A	8k0s_A	positive
8t2r_B	3eoh_A	positive
8fli_A	3bwp_A	positive
7d0f_A	3igi_A	positive
8t2r_B	8h2h_A	positive
4r0d_A	8k0q_A	positive
8t2s_B	8k0q_A	positive
2lpt_A	3igi_A	positive
8t2s_B	3bwp_A	positive
8k15_C	6me0_A	positive
7d1a_A	1r2p_A	positive
8k0s_C	8k0p_A	positive
3eog_A	7d0f_A	positive
8k15_C	8t2s_B	positive
3bwp_A	7d0f_A	positive
4r0d_A	6chr_A	positive
8t2r_B	7d1a_A	positive
7uin_B	8k0p_A	positive
8k0r_C	7d0f_A	positive
8k0r_C	6cih_A	positive
8t2s_B	7uin_B	positive
7uim_B	2lps_A	positive
6chr_A	8h2h_A	positive
2f88_A	3igi_A	positive
2lpt_A	1r2p_A	positive
5g2y_A	8k0s_C	positive
5g2y_A	2lps_A	positive
8k0r_A	8k0p_A	positive
8t2t_B	7uin_B	positive
5g2y_A	8k0q_C	positive
7d1a_A	8k0s_A	positive
8k0r_C	6chr_A	positive
3eoh_A	8k0p_A	positive
1kxk_A	3igi_A	positive
7uim_B	2lpt_A	positive
8k0s_C	8k0q_A	positive
8fli_A	7uin_B	positive
8k15_C	7d1a_A	positive
8k0q_A	8k0p_A	positive
2lpt_A	3eoh_A	positive
8k0s_C	7uin_B	positive
2f88_A	8k0s_C	positive
7d1a_A	8k0p_C	positive
8k0s_C	2lps_A	positive
8k15_C	2lps_A	positive
3eog_A	8k0q_A	positive
8k15_C	8h2h_A	positive
8fli_A	6chr_A	positive
5g2x_A	3igi_A	positive
4r0d_A	8k0s_C	positive
3eog_A	7d1a_A	positive
4r0d_A	6me0_A	positive
4r0d_A	8fli_A	positive
4r0d_A	6chr_A	positive
4r0d_A	6cih_A	positive
6me0_A	8fli_A	positive
6me0_A	6chr_A	positive
6me0_A	6cih_A	positive
8fli_A	6chr_A	positive
8fli_A	6cih_A	positive
6chr_A	6cih_A	positive
4fau_A	9g4v_A	positive
3bwp_A	6t3k_A	positive
4e8t_A	8t2s_B	positive
9c6j_A	8ruk_A	positive
8om0_A	3eoh_A	positive
4ds6_A	8t2t_B	positive
8ruj_A	7uin_B	positive
8k0p_C	8rui_A	positive
8k15_C	4y1o_B	positive
3eog_A	6t3k_A	positive
4y1o_A	8ruk_A	positive
4e8t_A	4e8v_A	positive
4e8q_A	8ols_A	positive
8olw_A	4faq_A	positive
8k0s_C	3eoh_A	positive
8olv_A	4e8m_A	positive
8ols_A	4fb0_A	positive
4far_A	8rul_A	positive
3eog_A	3g78_A	positive
4y1n_A	8k0q_C	positive
9g4l_A	4e8v_A	positive
8ols_A	8t2t_B	positive
4far_A	8olw_A	positive
4fau_A	7uim_B	positive
3bwp_A	4fax_A	positive
3eog_A	8k0p_A	positive
4e8n_A	6t3k_A	positive
4y1n_A	9c6j_A	positive
4ds6_A	4e8q_A	positive
8olv_A	4y1n_A	positive
8olz_A	4e8v_A	positive
5j01_A	8ruk_A	positive
4e8p_A	4e8v_A	positive
4e8m_A	9c6i_A	positive
4y1n_A	8ols_A	positive
8olw_A	4ds6_A	positive
4fax_A	4fb0_A	positive
4e8n_A	5j02_A	positive
8k0q_C	5j02_A	positive
4e8p_A	4y1o_B	positive
8olv_A	8k0q_C	positive
4far_A	4e8p_A	positive
3bwp_A	4fb0_A	positive
7uim_B	8ruh_A	positive
4e8p_A	4fax_A	positive
3eog_A	4fb0_A	positive
7uin_B	8t2s_B	positive
8k0q_C	9g4v_A	positive
8run_A	8k0p_A	positive
9g4l_A	8rui_A	positive
4far_A	4fax_A	positive
4far_A	4e8q_A	positive
3eog_A	8olz_A	positive
9c6i_A	8ruk_A	positive
7uim_B	8k0p_C	positive
4e8p_A	4faq_A	positive
8k0q_C	8k0p_C	positive
4e8m_A	7uin_B	positive
4e8p_A	4fb0_A	positive
8olv_A	8ols_A	positive
8olv_A	7uim_B	positive
8om0_A	4e8t_A	positive
8olz_A	4fb0_A	positive
4e8n_A	8ruh_A	positive
4faq_A	3bwp_A	positive
4e8m_A	9g4j_A	positive
3eog_A	9g4j_A	positive
4faq_A	8k0s_A	positive
8olw_A	4y1o_B	positive
6t3r_A	3eoh_A	positive
8rui_A	5j02_A	positive
4far_A	8olz_A	positive
4y1n_A	4fau_A	positive
9g4l_A	7uim_B	positive
4e8q_A	8ruk_A	positive
3bwp_A	8k0p_A	positive
4faq_A	6t3k_A	positive
8k0s_A	4y1o_B	positive
9g4l_A	6t3r_A	positive
8k0q_C	5j01_A	positive
4e8p_A	4y1o_A	positive
8olv_A	8k0s_A	positive
4faq_A	8om0_A	positive
3eog_A	9g4l_A	positive
9g4j_A	7uin_B	positive
4e8m_A	4y1o_B	positive
8om0_A	8run_A	positive
5j01_A	8t2t_B	positive
4ds6_A	4fau_A	positive
4e8p_A	8ruh_A	positive
5j01_A	8rui_A	positive
8t2t_B	4y1o_A	positive
4ds6_A	6t3k_A	positive
8k0s_C	4y1n_A	positive
4e8n_A	4y1o_A	positive
3bwp_A	3g78_A	positive
8run_A	6t3k_A	positive
9g4v_A	8k15_C	positive
9cxf_A	6t3r_A	positive
4fax_A	8rul_A	positive
4e8n_A	3g78_A	positive
8olw_A	8olz_A	positive
5j01_A	4e8m_A	positive
4fax_A	9c6i_A	positive
8olv_A	5j02_A	positive
5j01_A	9c6i_A	positive
4e8v_A	6t3k_A	positive
5j02_A	4y1o_B	positive
6t3r_A	4fb0_A	positive
4far_A	8ols_A	positive
8olz_A	9g4v_A	positive
8om0_A	8k0p_C	positive
4fax_A	9g4l_A	positive
4y1o_A	5j02_A	positive
9c6i_A	4y1o_A	positive
8olz_A	6t3k_A	positive
8rul_A	8t2s_B	positive
4y1n_A	8k15_C	positive
3g78_A	4fb0_A	positive
4e8p_A	8k0q_C	positive
4far_A	8k0p_C	positive
4fb0_A	7uin_B	positive
8olw_A	7uin_B	positive
4far_A	4e8v_A	positive
9c6j_A	4e8t_A	positive
3bwp_A	4y1o_B	positive
8k0s_C	8k0p_C	positive
8olw_A	9g4v_A	positive
4fax_A	4y1o_B	positive
9g4v_A	8rul_A	positive
4ds6_A	8k0p_A	positive
4e8v_A	8k0p_A	positive
9c6i_A	7uim_B	positive
9c6i_A	9g4j_A	positive
8k0s_A	7uim_B	positive
8ruh_A	9g4j_A	positive
8ruh_A	4y1o_B	positive
4faq_A	8ruk_A	positive
4ds6_A	9g4l_A	positive
4e8p_A	6t3r_A	positive
8om0_A	8k0s_A	positive
4e8p_A	9c6i_A	positive
9g4v_A	9g4j_A	positive
3bwp_A	9c6i_A	positive
4faq_A	4y1o_B	positive
8ruj_A	4fau_A	positive
4fax_A	6t3r_A	positive
4fb0_A	9g4j_A	positive
8olw_A	8k0p_A	positive
8om0_A	9c6i_A	positive
4fau_A	5j02_A	positive
5j01_A	4e8q_A	positive
8olw_A	8ols_A	positive
5j01_A	4e8v_A	positive
4e8p_A	8rui_A	positive
4fau_A	8k15_C	positive
3eog_A	3bwp_A	positive
8ols_A	9g4v_A	positive
8olw_A	4e8m_A	positive
8om0_A	4fax_A	positive
4y1n_A	5j02_A	positive
3eog_A	8ruj_A	positive
4far_A	3g78_A	positive
4faq_A	8k0q_C	positive
4far_A	9g4l_A	positive
4y1n_A	9c6i_A	positive
4e8v_A	6t3r_A	positive
4e8q_A	6t3r_A	positive
6t3r_A	8ruh_A	positive
8run_A	4y1o_A	positive
9c6j_A	9c6i_A	positive
4y1n_A	4e8t_A	positive
3eog_A	8run_A	positive
9c6j_A	8k0p_A	positive
3eog_A	4ds6_A	positive
8k0s_C	4ds6_A	positive
8ruj_A	8k15_C	positive
9c6j_A	8t2s_B	positive
6t3r_A	8rul_A	positive
8olw_A	8rui_A	positive
9c6j_A	9g4v_A	positive
8k15_C	9g4j_A	positive
4e8p_A	8olz_A	positive
8ols_A	8rul_A	positive
9g4v_A	4fb0_A	positive
8olz_A	4e8t_A	positive
8olw_A	4fax_A	positive
4y1o_A	8k0p_A	positive
8olz_A	9g4j_A	positive
4y1n_A	3bwp_A	positive
9c6j_A	4e8n_A	positive
8olv_A	3g78_A	positive
6t3k_A	3eoh_A	positive
3eog_A	9cxf_A	positive
8k0q_C	8rul_A	positive
9g4v_A	6t3k_A	positive
4far_A	4faq_A	positive
8k0s_C	9g4j_A	positive
3g78_A	7uin_B	positive
8olz_A	8t2t_B	positive
6t3n_A	4e8m_A	positive
9g54_A	5j01_A	positive
8oly_A	8t2t_B	positive
4fau_A	4far_A	positive
8t2r_B	4e8r_A	positive
4fau_A	3eoh_A	positive
8k0p_A	4e8r_A	positive
4e8v_A	8k0p_C	positive
4e8k_A	8k0q_A	positive
4fau_A	6t3k_A	positive
3g78_A	8k0p_C	positive
4fau_A	8k15_C	positive
8k0s_C	8k0q_A	positive
8k0s_A	4e8k_A	positive
5j02_A	8olw_A	positive
8ols_A	8olv_A	positive
5j01_A	3eoh_A	positive
9g54_A	4e8k_A	positive
4ds6_A	4e8m_A	positive
8olw_A	4e8r_A	positive
7uin_B	6t3r_A	positive
8oly_A	6t3k_A	positive
8ruh_A	6t3s_A	positive
5j02_A	8oly_A	positive
8k0q_C	4fb0_A	positive
8k0p_A	3igi_A	positive
8olz_A	4e8r_A	positive
4ds6_A	4e8p_A	positive
8k0s_C	8rui_A	positive
8rui_A	8k0p_C	positive
8k15_C	4e8v_A	positive
3igi_A	4e8r_A	positive
5j02_A	9g54_A	positive
6t3s_A	4e8v_A	positive
8rul_A	4e8r_A	positive
6t3k_A	3igi_A	positive
8k15_C	4far_A	positive
4e8r_A	7uim_B	positive
4e8m_A	4e8r_A	positive
7uin_B	4e8v_A	positive
4e8n_A	4fb0_A	positive
8rul_A	8t2s_B	positive
9g54_A	4far_A	positive
4far_A	8k0s_C	positive
3bwp_A	8rum_A	positive
8k0s_A	4e8v_A	positive
6t3k_A	4e8m_A	positive
3g78_A	4e8p_A	positive
8k0s_A	4faw_A	positive
8rui_A	8olz_A	positive
3bwp_A	3eoh_A	positive
8k0p_A	7uim_B	positive
8k15_C	8ruh_A	positive
8ols_A	8t2r_B	positive
8oly_A	4e8t_A	positive
8k0p_C	7uim_B	positive
5j02_A	8t2s_B	positive
8oly_A	8k0r_A	positive
5j02_A	5j01_A	positive
4e8t_A	4e8n_A	positive
4e8p_A	4faq_A	positive
8olv_A	6t3n_A	positive
8k0s_A	5j01_A	positive
8t2r_B	4e8m_A	positive
8rul_A	8k0s_C	positive
8k0q_A	4e8r_A	positive
8ruj_A	8olv_A	positive
8ols_A	8olz_A	positive
8rui_A	6t3r_A	positive
8k0s_A	6t3k_A	positive
8olv_A	6t3r_A	positive
3bwp_A	6t3n_A	positive
8rul_A	4e8k_A	positive
8k15_C	7uim_B	positive
4e8t_A	8ols_A	positive
4far_A	4e8r_A	positive
8k0q_C	4e8q_A	positive
8ols_A	7uim_B	positive
3g78_A	8rum_A	positive
8oly_A	5j01_A	positive
8k15_C	8k0r_A	positive
9g54_A	4e8m_A	positive
8ruj_A	8t2r_B	positive
6t3k_A	4e8r_A	positive
8olz_A	5j01_A	positive
7uin_B	4e8t_A	positive
4far_A	4e8v_A	positive
3bwp_A	8rui_A	positive
4e8t_A	4fb0_A	positive
8k0q_C	3g78_A	positive
8t2r_B	4e8v_A	positive
8rui_A	6t3s_A	positive
4e8q_A	9c6i_A	positive
6t3n_A	4e8r_A	positive
9g54_A	3igi_A	positive
5j02_A	8ols_A	positive
8olv_A	8rum_A	positive
5j02_A	4e8p_A	positive
8oly_A	8k0s_A	positive
8rul_A	6t3k_A	positive
4fau_A	8rui_A	positive
7uin_B	8k0q_A	positive
8k0p_A	4ds6_A	positive
8ols_A	9g54_A	positive
8t2r_B	8olv_A	positive
8k15_C	8k0q_A	positive
3igi_A	4faq_A	positive
8k0p_C	3eoh_A	positive
3bwp_A	4e8n_A	positive
4fau_A	4e8r_A	positive
7uin_B	8t2s_B	positive
8ols_A	8k0p_A	positive
4e8p_A	4e8q_A	positive
8rul_A	6t3n_A	positive
8k15_C	3eoh_A	positive
3g78_A	6t3n_A	positive
8rul_A	4ds6_A	positive
8k0q_C	3igi_A	positive
8rui_A	4faq_A	positive
7uin_B	8k0p_A	positive
4e8t_A	8olz_A	positive
8t2s_B	4faq_A	positive
4e8n_A	4faw_A	positive
6t3k_A	8k0p_C	positive
6t3r_A	4e8v_A	positive
8k0q_C	8ruh_A	positive
8k0s_C	7uim_B	positive
4e8n_A	8olv_A	positive
4e8t_A	4faw_A	positive
4e8k_A	4faq_A	positive
8ols_A	4e8r_A	positive
8om0_A	6t3r_A	positive
8ruh_A	6t3k_A	positive
4e8p_A	3igi_A	positive
8oly_A	8k0q_A	positive
8k0q_C	4e8n_A	positive
9g54_A	8k0q_A	positive
4far_A	8olv_A	positive
6t3r_A	8t2s_B	positive
8t2r_B	3eoh_A	positive
6t3n_A	7uim_B	positive
8rum_A	4faw_A	positive
7uin_B	8olz_A	positive
8k15_C	4faw_A	positive
8ruh_A	6t3r_A	positive
8k0s_C	8k0r_A	positive
8oly_A	8k0p_A	positive
4ds6_A	8t2t_B	positive
8ols_A	4far_A	positive
5j01_A	4faw_A	positive
9g54_A	4faw_A	positive
4e8v_A	7uim_B	positive
4fau_A	4faw_A	positive
8ruj_A	8olw_A	positive
8rum_A	3igi_A	positive
4e8v_A	4faq_A	positive
8olw_A	6t3s_A	positive
4e8k_A	8olw_A	positive
4e8m_A	3igi_A	positive
6t3r_A	7uim_B	positive
8k0s_A	8k0r_A	positive
6t3k_A	6t3r_A	positive
3bwp_A	7uim_B	positive
8om0_A	4far_A	positive
8k0q_C	8oly_A	positive
8k0s_A	8k0p_C	positive
8k0p_A	8k0s_A	positive
8ruh_A	5j01_A	positive
7uin_B	8olv_A	positive
8olv_A	8k0r_A	positive
5j01_A	4faq_A	positive
8ruj_A	8rui_A	positive
8k0p_C	4e8r_A	positive
8k0p_A	9c6i_A	positive
4e8t_A	8ruh_A	positive
5j02_A	8t2r_B	positive
9g54_A	8t2t_B	positive
9g54_A	4e8n_A	positive
3bwp_A	4e8m_A	positive
8k0q_A	4faw_A	positive
7uin_B	8t2r_B	positive
8k0p_A	3g78_A	positive
4faw_A	4fb0_A	positive
8ruj_A	8k0s_C	positive
4e8t_A	8k0p_C	positive
4e8t_A	8k0r_A	positive
4e8r_A	8k0r_A	positive
8ruj_A	8rum_A	positive
9c6i_A	3eoh_A	positive
8k0q_C	8k0p_A	positive
4e8k_A	9c6i_A	positive
8t2t_B	4faq_A	positive
8t2t_B	8k0r_A	positive
8om0_A	8olz_A	positive
8olw_A	7uim_B	positive
4e8v_A	4fb0_A	positive
8k0s_A	8t2r_B	positive
4e8t_A	7uim_B	positive
8olw_A	8k0p_C	positive
8k0q_C	6t3s_A	positive
7c7a_A	7c79_A	positive
7c7a_A	6w6v_A	positive
7c79_A	6w6v_A	positive
7jqq_K	6qyz_B	positive
7jqq_K	1foq_E	positive
7jqq_K	6qyz_A	positive
7jqq_K	6qyz_D	positive
7jqq_K	6qyz_C	positive
7jqq_K	1foq_A	positive
7jqq_K	1foq_D	positive
7jqq_K	1foq_B	positive
7jqq_K	1foq_C	positive
7jqq_K	6qyz_E	positive
6qyz_B	1foq_E	positive
6qyz_B	1foq_A	positive
6qyz_B	1foq_D	positive
6qyz_B	7jqq_M	positive
6qyz_B	7jqq_O	positive
6qyz_B	1foq_B	positive
6qyz_B	1foq_C	positive
6qyz_B	7jqq_L	positive
6qyz_B	7jqq_N	positive
1foq_E	6qyz_A	positive
1foq_E	6qyz_D	positive
1foq_E	6qyz_C	positive
1foq_E	7jqq_M	positive
1foq_E	7jqq_O	positive
1foq_E	7jqq_L	positive
1foq_E	7jqq_N	positive
1foq_E	6qyz_E	positive
6qyz_A	1foq_A	positive
6qyz_A	1foq_D	positive
6qyz_A	7jqq_M	positive
6qyz_A	7jqq_O	positive
6qyz_A	1foq_B	positive
6qyz_A	1foq_C	positive
6qyz_A	7jqq_L	positive
6qyz_A	7jqq_N	positive
6qyz_D	1foq_A	positive
6qyz_D	1foq_D	positive
6qyz_D	7jqq_M	positive
6qyz_D	7jqq_O	positive
6qyz_D	1foq_B	positive
6qyz_D	1foq_C	positive
6qyz_D	7jqq_L	positive
6qyz_D	7jqq_N	positive
6qyz_C	1foq_A	positive
6qyz_C	1foq_D	positive
6qyz_C	7jqq_M	positive
6qyz_C	7jqq_O	positive
6qyz_C	1foq_B	positive
6qyz_C	1foq_C	positive
6qyz_C	7jqq_L	positive
6qyz_C	7jqq_N	positive
1foq_A	7jqq_M	positive
1foq_A	7jqq_O	positive
1foq_A	7jqq_L	positive
1foq_A	7jqq_N	positive
1foq_A	6qyz_E	positive
1foq_D	7jqq_M	positive
1foq_D	7jqq_O	positive
1foq_D	7jqq_L	positive
1foq_D	7jqq_N	positive
1foq_D	6qyz_E	positive
7jqq_M	1foq_B	positive
7jqq_M	1foq_C	positive
7jqq_M	6qyz_E	positive
7jqq_O	1foq_B	positive
7jqq_O	1foq_C	positive
7jqq_O	6qyz_E	positive
1foq_B	7jqq_L	positive
1foq_B	7jqq_N	positive
1foq_B	6qyz_E	positive
1foq_C	7jqq_L	positive
1foq_C	7jqq_N	positive
1foq_C	6qyz_E	positive
7jqq_L	6qyz_E	positive
7jqq_N	6qyz_E	positive
6wjs_X	3f2q_X	positive
6wjs_X	3f2t_X	positive
6wjs_X	3f2y_X	positive
6wjs_X	3f2x_X	positive
6wjs_X	3f2w_X	positive
6wjs_X	3f30_X	positive
6wjs_X	6wjr_X	positive
3f2q_X	3f2t_X	positive
3f2q_X	3f2y_X	positive
3f2q_X	3f2x_X	positive
3f2q_X	3f2w_X	positive
3f2q_X	3f30_X	positive
3f2q_X	6wjr_X	positive
3f2t_X	3f2y_X	positive
3f2t_X	3f2x_X	positive
3f2t_X	3f2w_X	positive
3f2t_X	3f30_X	positive
3f2t_X	6wjr_X	positive
3f2y_X	3f2x_X	positive
3f2y_X	3f2w_X	positive
3f2y_X	3f30_X	positive
3f2y_X	6wjr_X	positive
3f2x_X	3f2w_X	positive
3f2x_X	3f30_X	positive
3f2x_X	6wjr_X	positive
3f2w_X	3f30_X	positive
3f2w_X	6wjr_X	positive
3f30_X	6wjr_X	positive
8f4o_A	3d2v_A	positive
2cky_A	4nyd_A	positive
3d2x_B	3k0j_E	positive
3d2v_A	7tdc_A	positive
4nyb_A	2hoo_A	positive
8f4o_B	4nya_B	positive
3d2x_A	7tzr_Y	positive
3k0j_F	9c6j_A	positive
8f4o_B	2cky_A	positive
4nya_A	2gdi_Y	positive
3d2v_B	7tzs_X	positive
4nyb_A	4nya_A	positive
7tzr_X	2gdi_Y	positive
9c6k_X	4nyc_A	positive
2gdi_X	2hol_A	positive
4nya_A	4nyd_A	positive
2cky_A	3d2v_B	positive
8f4o_B	3d2v_A	positive
2hom_A	3k0j_F	positive
4nyd_A	3d2g_A	positive
2hom_A	9c6k_X	positive
7tzr_X	9c6k_X	positive
3d2x_A	3d2g_A	positive
3k0j_E	4nyc_A	positive
8f4o_A	4nyb_A	positive
3k0j_E	3d2v_A	positive
4nyg_A	4nyd_A	positive
2gdi_Y	3d2g_A	positive
8f4o_A	7tzs_Y	positive
4nya_A	7tzu_A	positive
2hop_A	7tzs_X	positive
4nya_A	9c6j_A	positive
2hom_A	2gdi_X	positive
2hom_A	7tzs_X	positive
2hol_A	2hok_A	positive
2hoo_A	7tzs_Y	positive
3k0j_F	2cky_B	positive
4nya_A	2hol_A	positive
2gdi_X	3k0j_E	positive
9c6j_A	7tdc_A	positive
7tzt_A	7tdc_A	positive
9c6k_X	2gdi_Y	positive
4nyb_A	7tzt_A	positive
4nyd_A	7tzu_A	positive
2gdi_X	4nyg_A	positive
3k0j_E	2hoj_A	positive
2hop_A	7tzt_A	positive
2hop_A	3d2x_A	positive
7tzr_X	2hoo_A	positive
7tzt_A	3d2g_A	positive
8f4o_B	7tzr_X	positive
4nya_B	3d2g_A	positive
4nyg_A	7tdb_A	positive
4nya_B	2hoo_A	positive
8f4o_B	7tzs_Y	positive
2gdi_X	2hok_A	positive
7tzr_Y	7tdc_A	positive
4nya_A	7td7_A	positive
3d2g_B	7tzu_A	positive
4nyb_A	2cky_B	positive
4nya_B	3d2v_B	positive
7tzr_X	2hom_A	positive
7tdb_A	9c6j_A	positive
2hom_A	4nya_A	positive
3d2g_A	7tzr_Y	positive
8f4o_A	9c6k_X	positive
3d2x_B	3k0j_F	positive
9c6k_X	9c6j_A	positive
4nya_A	7tdb_A	positive
2hom_A	7tdc_A	positive
8f4o_A	4nya_B	positive
4nya_A	7tzs_Y	positive
2hol_A	2cky_B	positive
8f4o_B	4nyg_A	positive
7tda_A	3k0j_F	positive
4nyb_A	7tdb_A	positive
3d2x_B	2cky_B	positive
2cky_A	7tzu_A	positive
9c6k_X	3d2v_A	positive
3d2x_B	7tdc_A	positive
7tzr_X	7tda_A	positive
7tzs_X	2gdi_Y	positive
2cky_A	2hol_A	positive
3k0j_E	7tdc_A	positive
2hol_A	9c6j_A	positive
4nyc_A	3d2v_A	positive
2hom_A	7tzu_A	positive
4nyc_A	7tdb_A	positive
3k0j_F	7tzu_A	positive
7tzs_X	7tdc_A	positive
9c6k_X	3d2g_B	positive
2hok_A	7tdc_A	positive
3k0j_E	3d2v_B	positive
2hoj_A	7tdc_A	positive
3k0j_F	4nya_B	positive
4nyd_A	3d2v_A	positive
4nyb_A	7tzr_Y	positive
2hom_A	7tzt_A	positive
2hol_A	7tzs_Y	positive
8f4o_A	3d2x_B	positive
8f4o_B	7tzu_A	positive
7tzs_X	7tzr_Y	positive
7tzr_Y	7tzs_Y	positive
4nya_A	3k0j_F	positive
7tda_A	4nyg_A	positive
7tzr_X	2gdi_X	positive
4nyd_A	3d2v_B	positive
9c6k_X	7td7_A	positive
2gdi_X	7tda_A	positive
2cky_B	2gdi_Y	positive
2hom_A	2cky_B	positive
8f4o_A	7tda_A	positive
9c6j_A	4nya_B	positive
8f4o_A	7tzs_X	positive
9c6k_X	3k0j_E	positive
3k0j_F	3d2v_B	positive
8f4o_B	3d2g_A	positive
4nyc_A	7tzu_A	positive
2hom_A	7tzr_Y	positive
2hol_A	3k0j_F	positive
2hom_A	3d2v_B	positive
2cky_A	2hok_A	positive
4nyd_A	7tzt_A	positive
2hoo_A	3d2g_A	positive
4nyb_A	4nyc_A	positive
2gdi_X	2hoo_A	positive
4nyg_A	7tdc_A	positive
2hok_A	2gdi_Y	positive
3d2g_B	7tzs_X	positive
7tda_A	7tzr_Y	positive
2hop_A	4nya_B	positive
3d2v_B	3d2g_A	positive
8f4o_A	2cky_B	positive
2cky_A	7td7_A	positive
4nyg_A	2hok_A	positive
3k0j_F	7tzr_Y	positive
2hom_A	4nyd_A	positive
2cky_A	9c6j_A	positive
9c6k_X	7tzs_Y	positive
8f4o_B	2gdi_X	positive
4nyc_A	7tzt_A	positive
8f4o_A	9c6j_A	positive
4nyd_A	2cky_B	positive
3k0j_F	4nyd_A	positive
4nyb_A	7tda_A	positive
8f4o_A	2gdi_Y	positive
8f4o_B	2hoo_A	positive
4nyb_A	2hol_A	positive
4nya_B	2gdi_Y	positive
2hop_A	7td7_A	positive
8f4o_A	2hol_A	positive
7td7_A	7tzu_A	positive
7tzr_X	7td7_A	positive
2hop_A	3d2g_A	positive
4nyg_A	3d2g_B	positive
7td7_A	7tzr_Y	positive
3k0j_F	7tzt_A	positive
9c6j_A	3d2v_B	positive
8f4o_A	3d2g_B	positive
4nyg_A	4nyc_A	positive
2gdi_X	4nyd_A	positive
3k0j_E	9c6j_A	positive
3k0j_E	7tzt_A	positive
3k0j_E	2hok_A	positive
2gdi_X	3d2g_B	positive
2hol_A	2hoj_A	positive
2cky_A	9c6k_X	positive
7tda_A	2hol_A	positive
2hol_A	4nyd_A	positive
7td7_A	2hoo_A	positive
3d2x_A	2hok_A	positive
4nyb_A	7tzs_Y	positive
7tda_A	9c6j_A	positive
2cky_A	2hoj_A	positive
2hom_A	2hok_A	positive
2hok_A	3d2g_B	positive
8f4o_A	3d2x_A	positive
9c6k_X	7tdb_A	positive
3d2v_A	3d2g_B	positive
4nyb_A	7tzu_A	positive
2cky_A	2hoo_A	positive
3d2x_A	2hoo_A	positive
9c6j_A	2hoo_A	positive
4nya_B	7tzs_Y	positive
3d2g_B	3d2v_B	positive
4nya_B	3d2v_A	positive
7tda_A	2hok_A	positive
9c6k_X	3k0j_F	positive
2hol_A	7td7_A	positive
7td7_A	2gdi_Y	positive
9c6j_A	4nyd_A	positive
2hop_A	9c6k_X	positive
2hol_A	3d2v_A	positive
7tzr_X	7tdb_A	positive
2hok_A	7tzs_Y	positive
2hom_A	3d2x_A	positive
2cky_A	4nyb_A	positive
2gdi_X	7tdc_A	positive
4nyd_A	7tzs_X	positive
2hok_A	2cky_B	positive
5a2q_3	7sys_z	positive
7syt_z	7sys_z	positive
7syp_z	5oa3_3	positive
7syk_z	4ujc_AC	positive
7syo_z	5oa3_3	positive
7syx_z	7sym_z	positive
7syi_z	4ujc_AC	positive
7syj_z	7syp_z	positive
7syx_z	5oa3_3	positive
7syx_z	7syp_z	positive
4ujd_BC	5oa3_3	positive
4ujd_BC	7syq_z	positive
7syi_z	7syp_z	positive
5a2q_3	7syo_z	positive
7syu_z	7syn_z	positive
6ip8_zz	7sys_z	positive
7syj_z	7syq_z	positive
4ujd_BC	7sys_z	positive
6ip6_zz	7syo_z	positive
7syl_z	7sym_z	positive
7syr_z	7syh_z	positive
6ip8_zz	7syj_z	positive
6ip8_zz	7syo_z	positive
7sym_z	5flx_z	positive
7sym_z	7syn_z	positive
7syv_z	7syu_z	positive
7syl_z	7syn_z	positive
7syk_z	7syn_z	positive
7syq_z	5flx_z	positive
5a2q_3	7syr_z	positive
7syk_z	7syp_z	positive
7syu_z	4ujc_AC	positive
7syi_z	7syq_z	positive
7syu_z	7syt_z	positive
7syx_z	7syu_z	positive
7sys_z	6ip6_zz	positive
7syi_z	7syr_z	positive
7syi_z	7sym_z	positive
7syt_z	7syh_z	positive
7syl_z	7syh_z	positive
7syv_z	6ip6_zz	positive
7syu_z	7syq_z	positive
7syl_z	7syq_z	positive
7sym_z	7syj_z	positive
5flx_z	7sys_z	positive
7syt_z	6ip6_zz	positive
7syr_z	7syk_z	positive
7syg_z	4ujc_AC	positive
5a2q_3	7sym_z	positive
4ujc_AC	5oa3_3	positive
7syx_z	7syg_z	positive
7sys_z	7syo_z	positive
6ip8_zz	5flx_z	positive
7syr_z	7syn_z	positive
5flx_z	5oa3_3	positive
7syv_z	7syn_z	positive
7syv_z	7syo_z	positive
4ujd_BC	4ujc_AC	positive
5flx_z	6ip6_zz	positive
4ujd_BC	7syk_z	positive
7syj_z	7sys_z	positive
7syj_z	7syk_z	positive
7syx_z	7syn_z	positive
7syt_z	7syp_z	positive
7syi_z	7syk_z	positive
5a2q_3	7syq_z	positive
7syw_z	7syp_z	positive
5flx_z	7syo_z	positive
7syi_z	7syh_z	positive
6ip6_zz	5oa3_3	positive
4ujd_BC	7sym_z	positive
5a2q_3	7syl_z	positive
7syx_z	6ip6_zz	positive
7syu_z	7syj_z	positive
4ujc_AC	6ip6_zz	positive
7syx_z	7syj_z	positive
7syx_z	5flx_z	positive
7syx_z	7syl_z	positive
7syu_z	7sys_z	positive
7syg_z	6ip6_zz	positive
7syu_z	7syo_z	positive
7syv_z	5oa3_3	positive
7syv_z	7syp_z	positive
6ip8_zz	7syx_z	positive
7syi_z	5flx_z	positive
4ujc_AC	7syh_z	positive
7syk_z	7sys_z	positive
7syj_z	7syh_z	positive
7syg_z	7syw_z	positive
4ujc_AC	7syo_z	positive
7syx_z	4ujc_AC	positive
7syj_z	7syo_z	positive
7syw_z	7syk_z	positive
4ujd_BC	6ip6_zz	positive
7syr_z	7syt_z	positive
7syv_z	7sym_z	positive
5a2q_3	5oa3_3	positive
7syi_z	4ujd_BC	positive
7syu_z	5flx_z	positive
7syt_z	5oa3_3	positive
4ujd_BC	7syn_z	positive
7syw_z	7syn_z	positive
7syg_z	7syp_z	positive
7syw_z	7syh_z	positive
7sys_z	7syp_z	positive
7syj_z	6ip6_zz	positive
5a2q_3	7syt_z	positive
7syl_z	7syw_z	positive
7sys_z	7syh_z	positive
5a2q_3	4ujc_AC	positive
7syj_z	5flx_z	positive
7syw_z	7syu_z	positive
7syl_z	7syr_z	positive
7syt_z	7syk_z	positive
7syk_z	6ip6_zz	positive
7syl_z	7syj_z	positive
7syl_z	5oa3_3	positive
5a2q_3	7syv_z	positive
5flx_z	7syp_z	positive
7syi_z	7syg_z	positive
7syt_z	7syo_z	positive
7syw_z	5oa3_3	positive
7syi_z	7syn_z	positive
5a2q_3	7syw_z	positive
7syg_z	7syj_z	positive
7syk_z	7syh_z	positive
4ujd_BC	7syr_z	positive
7syi_z	7syl_z	positive
5flx_z	7syn_z	positive
4ujd_BC	7syw_z	positive
7syg_z	5flx_z	positive
7syw_z	4ujc_AC	positive
7syq_z	7syp_z	positive
7syr_z	5oa3_3	positive
6ip8_zz	7syw_z	positive
7syw_z	7syj_z	positive
7syp_z	7syh_z	positive
7syt_z	4ujc_AC	positive
7syu_z	5oa3_3	positive
7syr_z	7syq_z	positive
7syg_z	7sym_z	positive
6ip8_zz	5oa3_3	positive
7syj_z	5oa3_3	positive
7syr_z	7syu_z	positive
4ujc_AC	7syn_z	positive
7syx_z	7syh_z	positive
7syp_z	7syo_z	positive
6ip8_zz	7syn_z	positive
7syi_z	7syo_z	positive
5a2q_3	7syh_z	positive
7syx_z	7syr_z	positive
7syv_z	7syw_z	positive
7syn_z	5oa3_3	positive
7syq_z	7syh_z	positive
7syr_z	6ip6_zz	positive
7sym_z	7syk_z	positive
7syi_z	7syj_z	positive
7syk_z	7syo_z	positive
7syi_z	7syv_z	positive
7sym_z	7syh_z	positive
7sym_z	7syt_z	positive
7syw_z	7syo_z	positive
7syj_z	7syn_z	positive
5a2q_3	7syx_z	positive
7syr_z	7sys_z	positive
6ip8_zz	7syu_z	positive
7syw_z	7sys_z	positive
7syl_z	5flx_z	positive
7syl_z	7syp_z	positive
7syn_z	7syo_z	positive
7syx_z	7syq_z	positive
7syv_z	7syk_z	positive
7syn_z	7syh_z	positive
7syr_z	7syp_z	positive
7sym_z	7sys_z	positive
4ujd_BC	7syh_z	positive
7syl_z	7syu_z	positive
7syu_z	7syh_z	positive
6ip8_zz	7sym_z	positive
6ip8_zz	7syg_z	positive
7syi_z	7syt_z	positive
6ip8_zz	7syk_z	positive
7syq_z	7syn_z	positive
7syr_z	7syj_z	positive
4ujd_BC	7syp_z	positive
7syt_z	7syn_z	positive
7syv_z	4ujc_AC	positive
7syx_z	7syw_z	positive
5a2q_3	5flx_z	positive
5a2q_3	6ip8_zz	positive
7syi_z	6ip6_zz	positive
7syq_z	4ujc_AC	positive
4ujd_BC	7syo_z	positive
7syi_z	7syx_z	positive
7sys_z	5oa3_3	positive
7syj_z	4ujc_AC	positive
7syu_z	7syk_z	positive
7syj_z	7syt_z	positive
5flx_z	4ujc_AC	positive
7syv_z	5flx_z	positive
4ujd_BC	5flx_z	positive
4ujd_BC	4ujc_AC	positive
5flx_z	4ujc_AC	positive
6cc3_B	6cc1_A	positive
6cc3_B	6cc1_B	positive
6cc1_A	6cc3_A	positive
6cc1_B	6cc3_A	positive
1vc6_B	1vbz_B	positive
1vc6_B	2oj3_B	positive
1vc6_B	1sj3_R	positive
1vc6_B	2oih_B	positive
1vc6_B	1vbx_B	positive
1vc6_B	4pr6_B	positive
1vc6_B	1drz_B	positive
1vc6_B	4prf_B	positive
1vc6_B	1vc0_B	positive
1vc6_B	1vby_B	positive
1vc6_B	1sjf_B	positive
1vc6_B	1vc5_B	positive
1vc6_B	1sj4_R	positive
1vbz_B	2oj3_B	positive
1vbz_B	1sj3_R	positive
1vbz_B	2oih_B	positive
1vbz_B	1vbx_B	positive
1vbz_B	4pr6_B	positive
1vbz_B	1drz_B	positive
1vbz_B	4prf_B	positive
1vbz_B	1vc0_B	positive
1vbz_B	1vby_B	positive
1vbz_B	1sjf_B	positive
1vbz_B	1vc5_B	positive
1vbz_B	1sj4_R	positive
2oj3_B	1sj3_R	positive
2oj3_B	2oih_B	positive
2oj3_B	1vbx_B	positive
2oj3_B	4pr6_B	positive
2oj3_B	1drz_B	positive
2oj3_B	4prf_B	positive
2oj3_B	1vc0_B	positive
2oj3_B	1vby_B	positive
2oj3_B	1sjf_B	positive
2oj3_B	1vc5_B	positive
2oj3_B	1sj4_R	positive
1sj3_R	2oih_B	positive
1sj3_R	1vbx_B	positive
1sj3_R	4pr6_B	positive
1sj3_R	1drz_B	positive
1sj3_R	4prf_B	positive
1sj3_R	1vc0_B	positive
1sj3_R	1vby_B	positive
1sj3_R	1sjf_B	positive
1sj3_R	1vc5_B	positive
1sj3_R	1sj4_R	positive
2oih_B	1vbx_B	positive
2oih_B	4pr6_B	positive
2oih_B	1drz_B	positive
2oih_B	4prf_B	positive
2oih_B	1vc0_B	positive
2oih_B	1vby_B	positive
2oih_B	1sjf_B	positive
2oih_B	1vc5_B	positive
2oih_B	1sj4_R	positive
1vbx_B	4pr6_B	positive
1vbx_B	1drz_B	positive
1vbx_B	4prf_B	positive
1vbx_B	1vc0_B	positive
1vbx_B	1vby_B	positive
1vbx_B	1sjf_B	positive
1vbx_B	1vc5_B	positive
1vbx_B	1sj4_R	positive
4pr6_B	1drz_B	positive
4pr6_B	4prf_B	positive
4pr6_B	1vc0_B	positive
4pr6_B	1vby_B	positive
4pr6_B	1sjf_B	positive
4pr6_B	1vc5_B	positive
4pr6_B	1sj4_R	positive
1drz_B	4prf_B	positive
1drz_B	1vc0_B	positive
1drz_B	1vby_B	positive
1drz_B	1sjf_B	positive
1drz_B	1vc5_B	positive
1drz_B	1sj4_R	positive
4prf_B	1vc0_B	positive
4prf_B	1vby_B	positive
4prf_B	1sjf_B	positive
4prf_B	1vc5_B	positive
4prf_B	1sj4_R	positive
1vc0_B	1vby_B	positive
1vc0_B	1sjf_B	positive
1vc0_B	1vc5_B	positive
1vc0_B	1sj4_R	positive
1vby_B	1sjf_B	positive
1vby_B	1vc5_B	positive
1vby_B	1sj4_R	positive
1sjf_B	1vc5_B	positive
1sjf_B	1sj4_R	positive
1vc5_B	1sj4_R	positive
6mcf_A	5lyv_B	positive
6mcf_A	7t1n_A	positive
6mcf_A	5lyu_A	positive
6mcf_A	6mci_A	positive
6mcf_A	7slq_R	positive
6mcf_A	7t1o_A	positive
6mcf_A	5lyv_A	positive
6mcf_A	5lys_B	positive
6mcf_A	5lys_A	positive
6mcf_A	5iem_A	positive
6mcf_A	5lyu_B	positive
6mcf_A	7t1p_A	positive
5lyv_B	7t1n_A	positive
5lyv_B	5lyu_A	positive
5lyv_B	6mci_A	positive
5lyv_B	7slq_R	positive
5lyv_B	7t1o_A	positive
5lyv_B	5lys_B	positive
5lyv_B	5lys_A	positive
5lyv_B	5iem_A	positive
5lyv_B	5lyu_B	positive
5lyv_B	7t1p_A	positive
7t1n_A	5lyu_A	positive
7t1n_A	6mci_A	positive
7t1n_A	7slq_R	positive
7t1n_A	7t1o_A	positive
7t1n_A	5lyv_A	positive
7t1n_A	5lys_B	positive
7t1n_A	5lys_A	positive
7t1n_A	5iem_A	positive
7t1n_A	5lyu_B	positive
7t1n_A	7t1p_A	positive
5lyu_A	6mci_A	positive
5lyu_A	7slq_R	positive
5lyu_A	7t1o_A	positive
5lyu_A	5lyv_A	positive
5lyu_A	5lys_B	positive
5lyu_A	5lys_A	positive
5lyu_A	5iem_A	positive
5lyu_A	7t1p_A	positive
6mci_A	7slq_R	positive
6mci_A	7t1o_A	positive
6mci_A	5lyv_A	positive
6mci_A	5lys_B	positive
6mci_A	5lys_A	positive
6mci_A	5iem_A	positive
6mci_A	5lyu_B	positive
6mci_A	7t1p_A	positive
7slq_R	7t1o_A	positive
7slq_R	5lyv_A	positive
7slq_R	5lys_B	positive
7slq_R	5lys_A	positive
7slq_R	5iem_A	positive
7slq_R	5lyu_B	positive
7slq_R	7t1p_A	positive
7t1o_A	5lyv_A	positive
7t1o_A	5lys_B	positive
7t1o_A	5lys_A	positive
7t1o_A	5iem_A	positive
7t1o_A	5lyu_B	positive
7t1o_A	7t1p_A	positive
5lyv_A	5lys_B	positive
5lyv_A	5lys_A	positive
5lyv_A	5iem_A	positive
5lyv_A	5lyu_B	positive
5lyv_A	7t1p_A	positive
5lys_B	5iem_A	positive
5lys_B	5lyu_B	positive
5lys_B	7t1p_A	positive
5lys_A	5iem_A	positive
5lys_A	5lyu_B	positive
5lys_A	7t1p_A	positive
5iem_A	5lyu_B	positive
5iem_A	7t1p_A	positive
5lyu_B	7t1p_A	positive
5fkd_A	5fkf_A	positive
2gis_A	2ydh_A	positive
3iqp_A	5fke_A	positive
5fjc_A	3gx7_A	positive
3iqn_A	3gx2_A	positive
5fkh_A	5fkd_A	positive
4kqy_A	3v7e_D	positive
3iqn_A	3gx3_A	positive
5fk2_A	5fkg_A	positive
5fkh_A	3iqp_A	positive
4kqy_A	5fk2_A	positive
5fkf_A	3gx6_A	positive
4kqy_A	5fke_A	positive
3iqn_A	3gx7_A	positive
5fk6_A	5fk4_A	positive
2gis_A	5fk2_A	positive
4b5r_A	3gx6_A	positive
2ydh_A	5fke_A	positive
5fjc_A	2ydh_A	positive
5fk5_A	3gx5_A	positive
3iqr_A	5fk4_A	positive
4kqy_A	5fk1_A	positive
3iqn_A	5fkd_A	positive
3v7e_D	3gx2_A	positive
2gis_A	5fk4_A	positive
5fk4_A	3gx3_A	positive
3v7e_C	5fk5_A	positive
5fke_A	5fk1_A	positive
4b5r_A	5fk5_A	positive
5fkh_A	5fk1_A	positive
5fkh_A	2ygh_A	positive
3iqr_A	5fk1_A	positive
3iqr_A	3gx3_A	positive
3iqr_A	5fk3_A	positive
3v7e_C	5fk4_A	positive
4aob_A	3gx2_A	positive
5fkf_A	3gx5_A	positive
4aob_A	3gx3_A	positive
5fk6_A	3gx3_A	positive
3gx7_A	2ygh_A	positive
2ydh_A	4aob_A	positive
5fkd_A	5fk4_A	positive
5fk3_A	3v7e_D	positive
7eaf_A	5fk1_A	positive
3iqp_A	5fk4_A	positive
3v7e_D	3gx5_A	positive
3gx7_A	3v7e_D	positive
4b5r_A	5fkf_A	positive
3iqn_A	3iqr_A	positive
5fk6_A	4b5r_A	positive
4kqy_A	5fkg_A	positive
4aob_A	5fk5_A	positive
5fk6_A	4kqy_A	positive
5fkh_A	3gx2_A	positive
5fjc_A	3gx6_A	positive
3iqp_A	5fkd_A	positive
2gis_A	5fk5_A	positive
5fk4_A	5fkg_A	positive
4aob_A	7eaf_A	positive
5fk6_A	3v7e_D	positive
3iqn_A	5fkg_A	positive
3gx3_A	3gx5_A	positive
5fjc_A	5fk4_A	positive
5fke_A	3gx2_A	positive
3gx7_A	7eaf_A	positive
2ydh_A	5fk5_A	positive
3iqn_A	5fk3_A	positive
2ygh_A	3iqp_A	positive
3iqn_A	3gx6_A	positive
3gx7_A	3gx6_A	positive
3gx6_A	5fk2_A	positive
4aob_A	5fk1_A	positive
5fkf_A	5fke_A	positive
3iqp_A	5fk5_A	positive
2gis_A	2ygh_A	positive
3iqp_A	3v7e_D	positive
5fjc_A	2gis_A	positive
7eaf_A	5fkg_A	positive
3gx3_A	3gx6_A	positive
4aob_A	5fkg_A	positive
7eaf_A	5fkf_A	positive
5fjc_A	4b5r_A	positive
3v7e_D	5fk1_A	positive
5fk6_A	5fke_A	positive
4b5r_A	4kqy_A	positive
2gis_A	3iqp_A	positive
3iqr_A	2ygh_A	positive
5fk3_A	7eaf_A	positive
5fke_A	5fk2_A	positive
3iqr_A	5fk2_A	positive
4kqy_A	5fkd_A	positive
2gis_A	5fkg_A	positive
2gis_A	5fkf_A	positive
5fk6_A	5fkg_A	positive
5fkf_A	5fk2_A	positive
3iqr_A	5fke_A	positive
4aob_A	5fk4_A	positive
3iqp_A	4b5r_A	positive
2gis_A	3gx5_A	positive
3iqn_A	4kqy_A	positive
5fkd_A	3gx3_A	positive
5fjc_A	4kqy_A	positive
3iqp_A	5fkg_A	positive
3iqn_A	5fk2_A	positive
5fk6_A	5fk5_A	positive
3iqn_A	7eaf_A	positive
3gx5_A	5fk2_A	positive
3v7e_C	5fk6_A	positive
2ygh_A	5fkg_A	positive
5fkh_A	3v7e_D	positive
2ydh_A	3gx7_A	positive
5fk6_A	3iqp_A	positive
5fk6_A	5fkh_A	positive
3iqp_A	3gx2_A	positive
3v7e_D	3gx3_A	positive
2gis_A	7eaf_A	positive
2ygh_A	3v7e_D	positive
2ygh_A	5fk5_A	positive
3gx5_A	5fke_A	positive
4aob_A	4kqy_A	positive
3iqp_A	3gx3_A	positive
3iqr_A	3iqp_A	positive
7eaf_A	3gx2_A	positive
3v7e_C	3gx3_A	positive
5fkf_A	5fk1_A	positive
5fk5_A	5fkg_A	positive
3gx7_A	5fk2_A	positive
3v7e_C	3iqr_A	positive
3iqn_A	5fkf_A	positive
3gx6_A	5fk1_A	positive
5fkf_A	5fkg_A	positive
3v7e_C	3iqp_A	positive
5fk3_A	5fkg_A	positive
2ydh_A	3gx2_A	positive
2ydh_A	7eaf_A	positive
3gx7_A	3iqp_A	positive
3iqn_A	5fk5_A	positive
4aob_A	5fkd_A	positive
5fjc_A	3gx2_A	positive
5fk3_A	3gx2_A	positive
4b5r_A	3v7e_D	positive
3iqn_A	4b5r_A	positive
5fk6_A	2ygh_A	positive
5fjc_A	3iqr_A	positive
3v7e_C	5fk2_A	positive
7eaf_A	5fkd_A	positive
5fkh_A	5fk2_A	positive
2ygh_A	5fk1_A	positive
5fk2_A	3gx2_A	positive
4aob_A	3v7e_D	positive
2ygh_A	3gx5_A	positive
5fk5_A	5fk2_A	positive
5fjc_A	2ygh_A	positive
5fkd_A	3gx6_A	positive
2ygh_A	5fk2_A	positive
2ydh_A	5fk2_A	positive
5fk6_A	7eaf_A	positive
3gx7_A	5fkg_A	positive
5fjc_A	5fke_A	positive
5fjc_A	3v7e_D	positive
3iqp_A	5fkf_A	positive
2ygh_A	3gx2_A	positive
3iqp_A	5fk3_A	positive
5fk4_A	3gx6_A	positive
5fk6_A	3gx2_A	positive
3v7e_C	5fkh_A	positive
2gis_A	3gx7_A	positive
2gis_A	3iqn_A	positive
3gx7_A	5fk4_A	positive
4b5r_A	3gx3_A	positive
2gis_A	5fk6_A	positive
3gx7_A	3gx3_A	positive
3v7e_C	3iqn_A	positive
4kqy_A	3gx5_A	positive
5fkh_A	3iqn_A	positive
5fjc_A	5fkd_A	positive
5fjc_A	3iqn_A	positive
3v7e_D	3gx6_A	positive
3gx7_A	4kqy_A	positive
3gx6_A	3gx2_A	positive
3iqr_A	4kqy_A	positive
5fk3_A	3gx6_A	positive
5fke_A	3gx6_A	positive
3gx3_A	3gx2_A	positive
3gx3_A	5fkg_A	positive
3iqr_A	4b5r_A	positive
5fkh_A	4aob_A	positive
4b5r_A	5fk1_A	positive
3v7e_C	4aob_A	positive
5fkd_A	5fkg_A	positive
2ygh_A	4b5r_A	positive
5fkd_A	5fke_A	positive
7eaf_A	4kqy_A	positive
3iqn_A	3gx5_A	positive
5fkf_A	5fk4_A	positive
5fk4_A	5fk2_A	positive
5fk3_A	4aob_A	positive
5fkf_A	3gx3_A	positive
2ydh_A	3iqn_A	positive
3v7e_D	5fk4_A	positive
2mf1_G	2mf0_G	positive
2mf1_G	7yr6_A	positive
2mf1_G	7yr7_A	positive
2mf0_G	7yr6_A	positive
2mf0_G	7yr7_A	positive
7yr6_A	7yr7_A	positive
1y26_X	9iwf_B	positive
9lmc_B	9ljn_A	positive
6ubu_B	3ds7_A	positive
3ds7_B	4fen_B	positive
6ubu_B	6vwv_A	positive
6p2h_A	5e54_A	positive
5uza_X	2b57_A	positive
4fe5_B	2xo0_A	positive
6uc8_B	2xnw_A	positive
6vwv_A	1y26_X	positive
5uza_X	9iwf_B	positive
3rkf_D	9ljn_A	positive
4fep_B	2eeu_A	positive
6p2h_A	3rkf_B	positive
9iwg_A	5swd_B	positive
9v4u_A	9iwf_B	positive
6vwv_A	2b57_A	positive
2b57_A	3ds7_B	positive
9iwf_A	1y26_X	positive
5e54_A	1y26_X	positive
9v4z_A	2eeu_A	positive
6p2h_A	4fe5_B	positive
9v4u_A	9v51_A	positive
6vwv_B	5e54_B	positive
9lmc_B	5uza_X	positive
9iwg_A	2xo1_A	positive
3g4m_A	9lmc_A	positive
2b57_A	3rkf_D	positive
4tzx_X	2g9c_A	positive
5uza_X	2xnw_A	positive
6p2h_A	9lmc_B	positive
6uc9_B	3la5_A	positive
6uc7_B	3rkf_D	positive
4xnr_X	9iwg_B	positive
6p2h_A	3rkf_C	positive
5e54_B	9lmc_A	positive
5e54_B	1y26_X	positive
6uc8_B	2xo0_A	positive
3ges_A	6vwv_A	positive
3rkf_B	4tzx_X	positive
3la5_A	2xnw_A	positive
9iwg_B	5swd_B	positive
9iwg_A	9lmc_A	positive
6p2h_A	9v51_A	positive
9v4z_A	2xnw_A	positive
4fep_B	3la5_A	positive
9iwg_A	6vwv_A	positive
6p2h_A	2g9c_A	positive
9iwg_B	9ljn_A	positive
5swd_B	9v51_A	positive
2g9c_A	3ds7_B	positive
3ivn_A	3ds7_A	positive
4tzx_X	1y26_X	positive
4xnr_X	6uc9_B	positive
6uc9_B	4tzy_X	positive
2b57_A	2g9c_A	positive
9v4u_A	3ges_A	positive
9v4z_A	3ivn_A	positive
2g9c_A	3got_A	positive
2g9c_A	2xo0_A	positive
9iwg_B	6uc8_B	positive
4tzx_X	9iwf_B	positive
9v4u_A	9v50_A	positive
4fep_B	2eev_A	positive
5uza_X	1y26_X	positive
9iwf_A	3got_A	positive
6vwv_B	3la5_A	positive
3got_A	9lkc_A	positive
4tzy_X	2xnw_A	positive
2xo1_A	5swd_B	positive
4fe5_B	3la5_A	positive
3g4m_A	3rkf_C	positive
3got_A	4fen_B	positive
3got_A	4tzy_X	positive
6p2h_A	6vwt_A	positive
5e54_A	2xnw_A	positive
6vwt_A	3ivn_B	positive
2g9c_A	1y26_X	positive
6uc7_B	4fen_B	positive
3rkf_B	5e54_A	positive
9lmc_B	9iwf_B	positive
2eew_A	2xnw_A	positive
4fep_B	2b57_A	positive
6vwv_B	6uc8_B	positive
9iwg_A	2eeu_A	positive
9lmc_A	3ivn_A	positive
3rkf_D	5swd_B	positive
1y26_X	2xo1_A	positive
9iwg_A	3la5_A	positive
2g9c_A	3rkf_C	positive
9iwf_A	5swd_B	positive
6vwt_A	4tzx_X	positive
3g4m_A	9iwf_B	positive
3ges_A	3la5_A	positive
4fep_B	4fe5_B	positive
9lmc_A	2xo0_A	positive
4fe5_B	6uc8_B	positive
2eev_A	3ivn_A	positive
6uc9_B	3ivn_A	positive
5e54_B	9ljn_A	positive
6vwt_A	5uza_X	positive
6ubu_B	9iwg_B	positive
6uc8_B	9v50_A	positive
4tzx_X	4tzy_X	positive
3ivn_B	9lkc_A	positive
4tzx_X	3rkf_C	positive
6ubu_B	4tzy_X	positive
1y26_X	2xnw_A	positive
4tzx_X	9v51_A	positive
9iwf_A	2eew_A	positive
9v4z_A	9iwf_A	positive
1y26_X	4tzy_X	positive
6vwv_B	2xo1_A	positive
6p2h_A	3rkf_D	positive
5e54_B	2eev_A	positive
9iwg_B	3la5_A	positive
9v4u_A	3la5_A	positive
2eew_A	4tzy_X	positive
9ljn_A	3rkf_C	positive
6vwv_B	9v4u_A	positive
6ubu_B	9v51_A	positive
6vwv_A	5swd_B	positive
9lmc_A	3ds7_A	positive
2xo1_A	3ivn_B	positive
2eeu_A	3ds7_B	positive
6uc7_B	5e54_A	positive
2b57_A	2xo1_A	positive
6uc8_B	2xo1_A	positive
3g4m_A	2eev_A	positive
2eew_A	9v51_A	positive
3la5_A	3got_A	positive
6uc8_B	9iwf_B	positive
6p2h_A	9iwf_A	positive
4fe5_B	5e54_A	positive
6vwv_B	9v4z_A	positive
6uc7_B	4tzx_X	positive
2b57_A	5e54_B	positive
6vwv_A	3rkf_B	positive
9ljn_A	5swd_B	positive
3got_A	3ivn_A	positive
6uc9_B	1y26_X	positive
6p2h_A	4fen_B	positive
9iwg_A	6uc8_B	positive
1y26_X	3ds7_B	positive
9lmc_B	3g4m_A	positive
5e54_B	9v50_A	positive
6p2h_A	9ljn_A	positive
5uza_X	6vwv_A	positive
4xnr_X	3rkf_C	positive
4xnr_X	3got_A	positive
9v4z_A	6uc9_B	positive
3rkf_B	3ivn_B	positive
2eeu_A	3rkf_C	positive
6uc8_B	9lkc_A	positive
4xnr_X	2xo1_A	positive
6p2h_A	2eev_A	positive
9iwg_B	3ds7_B	positive
9v4u_A	3rkf_C	positive
3ds7_A	5swd_B	positive
9v4z_A	4tzx_X	positive
6uc8_B	9lmc_A	positive
3ds7_A	9v51_A	positive
9lmc_A	2eev_A	positive
9v4z_A	9v51_A	positive
1y26_X	9lkc_A	positive
6vwv_B	2eeu_A	positive
4fen_B	3ivn_B	positive
4fep_B	9lmc_B	positive
2eev_A	3ds7_A	positive
2xnw_A	9v50_A	positive
4xnr_X	4fe5_B	positive
4tzy_X	9v51_A	positive
9iwg_A	9lkc_A	positive
9v4z_A	9iwf_B	positive
3rkf_B	1y26_X	positive
9iwf_A	3rkf_C	positive
3rkf_B	9iwg_B	positive
9iwg_B	3ivn_B	positive
6vwt_A	3ivn_A	positive
3ges_A	2b57_A	positive
5e54_B	4tzx_X	positive
6uc7_B	3la5_A	positive
6vwv_A	6uc8_B	positive
6uc8_B	9ljn_A	positive
9v4z_A	3ds7_A	positive
9lmc_B	6vwt_A	positive
9iwg_B	2g9c_A	positive
3ds7_B	9ljn_A	positive
6vwv_A	9ljn_A	positive
9iwf_A	3ds7_B	positive
4fe5_B	6vwv_A	positive
2eeu_A	6uc9_B	positive
2eeu_A	2eew_A	positive
6uc7_B	3got_A	positive
4xnr_X	5uza_X	positive
9lmc_A	9ljn_A	positive
9ljn_A	2eev_A	positive
3g4m_A	6uc7_B	positive
9v4z_A	4xnr_X	positive
6uc7_B	5swd_B	positive
3diz_A	3dix_A	positive
3diz_A	4erl_A	positive
3diz_A	3dis_A	positive
3diz_A	3diy_A	positive
3diz_A	3dj2_A	positive
3diz_A	3dj0_A	positive
3diz_A	3d0x_A	positive
3diz_A	3dir_A	positive
3diz_A	4erj_A	positive
3diz_A	3diq_A	positive
3diz_A	3dil_A	positive
3diz_A	3dio_X	positive
3diz_A	3dim_A	positive
3diz_A	3dig_X	positive
3diz_A	3d0u_A	positive
3dix_A	4erl_A	positive
3dix_A	3dis_A	positive
3dix_A	3diy_A	positive
3dix_A	3dj2_A	positive
3dix_A	3dj0_A	positive
3dix_A	3d0x_A	positive
3dix_A	3dir_A	positive
3dix_A	4erj_A	positive
3dix_A	3diq_A	positive
3dix_A	3dil_A	positive
3dix_A	3dio_X	positive
3dix_A	3dim_A	positive
3dix_A	3dig_X	positive
3dix_A	3d0u_A	positive
4erl_A	3dis_A	positive
4erl_A	3diy_A	positive
4erl_A	3dj2_A	positive
4erl_A	3dj0_A	positive
4erl_A	3d0x_A	positive
4erl_A	3dir_A	positive
4erl_A	4erj_A	positive
4erl_A	3diq_A	positive
4erl_A	3dil_A	positive
4erl_A	3dio_X	positive
4erl_A	3dim_A	positive
4erl_A	3dig_X	positive
4erl_A	3d0u_A	positive
3dis_A	3diy_A	positive
3dis_A	3dj2_A	positive
3dis_A	3dj0_A	positive
3dis_A	3d0x_A	positive
3dis_A	3dir_A	positive
3dis_A	4erj_A	positive
3dis_A	3diq_A	positive
3dis_A	3dil_A	positive
3dis_A	3dio_X	positive
3dis_A	3dim_A	positive
3dis_A	3dig_X	positive
3dis_A	3d0u_A	positive
3diy_A	3dj2_A	positive
3diy_A	3dj0_A	positive
3diy_A	3d0x_A	positive
3diy_A	3dir_A	positive
3diy_A	4erj_A	positive
3diy_A	3diq_A	positive
3diy_A	3dil_A	positive
3diy_A	3dio_X	positive
3diy_A	3dim_A	positive
3diy_A	3dig_X	positive
3diy_A	3d0u_A	positive
3dj2_A	3dj0_A	positive
3dj2_A	3d0x_A	positive
3dj2_A	3dir_A	positive
3dj2_A	4erj_A	positive
3dj2_A	3diq_A	positive
3dj2_A	3dil_A	positive
3dj2_A	3dio_X	positive
3dj2_A	3dim_A	positive
3dj2_A	3dig_X	positive
3dj2_A	3d0u_A	positive
3dj0_A	3d0x_A	positive
3dj0_A	3dir_A	positive
3dj0_A	4erj_A	positive
3dj0_A	3diq_A	positive
3dj0_A	3dil_A	positive
3dj0_A	3dio_X	positive
3dj0_A	3dim_A	positive
3dj0_A	3dig_X	positive
3dj0_A	3d0u_A	positive
3d0x_A	3dir_A	positive
3d0x_A	4erj_A	positive
3d0x_A	3diq_A	positive
3d0x_A	3dil_A	positive
3d0x_A	3dio_X	positive
3d0x_A	3dim_A	positive
3d0x_A	3dig_X	positive
3d0x_A	3d0u_A	positive
3dir_A	4erj_A	positive
3dir_A	3diq_A	positive
3dir_A	3dil_A	positive
3dir_A	3dio_X	positive
3dir_A	3dim_A	positive
3dir_A	3dig_X	positive
3dir_A	3d0u_A	positive
4erj_A	3diq_A	positive
4erj_A	3dil_A	positive
4erj_A	3dio_X	positive
4erj_A	3dim_A	positive
4erj_A	3dig_X	positive
4erj_A	3d0u_A	positive
3diq_A	3dil_A	positive
3diq_A	3dio_X	positive
3diq_A	3dim_A	positive
3diq_A	3dig_X	positive
3diq_A	3d0u_A	positive
3dil_A	3dio_X	positive
3dil_A	3dim_A	positive
3dil_A	3dig_X	positive
3dil_A	3d0u_A	positive
3dio_X	3dim_A	positive
3dio_X	3dig_X	positive
3dio_X	3d0u_A	positive
3dim_A	3dig_X	positive
3dim_A	3d0u_A	positive
3dig_X	3d0u_A	positive
5nco_1	5gaf_1	positive
5nco_1	2xkv_B	positive
5nco_1	2v3c_M	positive
5nco_1	2j28_8	positive
5nco_1	1lng_B	positive
5nco_1	1z43_A	positive
5nco_1	5gah_1	positive
5nco_1	5aka_7	positive
5nco_1	3zn8_G	positive
5nco_1	2v3c_N	positive
5nco_1	2xxa_F	positive
5nco_1	5gad_1	positive
5nco_1	4xco_E	positive
5nco_1	5gag_1	positive
5nco_1	2xxa_G	positive
5nco_1	4xco_M	positive
5gaf_1	2xkv_B	positive
5gaf_1	2v3c_M	positive
5gaf_1	2j28_8	positive
5gaf_1	1lng_B	positive
5gaf_1	1z43_A	positive
5gaf_1	5gah_1	positive
5gaf_1	5aka_7	positive
5gaf_1	3zn8_G	positive
5gaf_1	2v3c_N	positive
5gaf_1	2xxa_F	positive
5gaf_1	5gad_1	positive
5gaf_1	4xco_E	positive
5gaf_1	5gag_1	positive
5gaf_1	2xxa_G	positive
5gaf_1	4xco_M	positive
2xkv_B	2v3c_M	positive
2xkv_B	2j28_8	positive
2xkv_B	1lng_B	positive
2xkv_B	1z43_A	positive
2xkv_B	5gah_1	positive
2xkv_B	5aka_7	positive
2xkv_B	3zn8_G	positive
2xkv_B	2v3c_N	positive
2xkv_B	2xxa_F	positive
2xkv_B	5gad_1	positive
2xkv_B	4xco_E	positive
2xkv_B	5gag_1	positive
2xkv_B	2xxa_G	positive
2xkv_B	4xco_M	positive
2v3c_M	2j28_8	positive
2v3c_M	1lng_B	positive
2v3c_M	1z43_A	positive
2v3c_M	5gah_1	positive
2v3c_M	5aka_7	positive
2v3c_M	3zn8_G	positive
2v3c_M	2xxa_F	positive
2v3c_M	5gad_1	positive
2v3c_M	4xco_E	positive
2v3c_M	5gag_1	positive
2v3c_M	2xxa_G	positive
2v3c_M	4xco_M	positive
2j28_8	1lng_B	positive
2j28_8	1z43_A	positive
2j28_8	5gah_1	positive
2j28_8	5aka_7	positive
2j28_8	3zn8_G	positive
2j28_8	2v3c_N	positive
2j28_8	2xxa_F	positive
2j28_8	5gad_1	positive
2j28_8	4xco_E	positive
2j28_8	5gag_1	positive
2j28_8	2xxa_G	positive
2j28_8	4xco_M	positive
1lng_B	1z43_A	positive
1lng_B	5gah_1	positive
1lng_B	5aka_7	positive
1lng_B	3zn8_G	positive
1lng_B	2v3c_N	positive
1lng_B	2xxa_F	positive
1lng_B	5gad_1	positive
1lng_B	4xco_E	positive
1lng_B	5gag_1	positive
1lng_B	2xxa_G	positive
1lng_B	4xco_M	positive
1z43_A	5gah_1	positive
1z43_A	5aka_7	positive
1z43_A	3zn8_G	positive
1z43_A	2v3c_N	positive
1z43_A	2xxa_F	positive
1z43_A	5gad_1	positive
1z43_A	4xco_E	positive
1z43_A	5gag_1	positive
1z43_A	2xxa_G	positive
1z43_A	4xco_M	positive
5gah_1	5aka_7	positive
5gah_1	3zn8_G	positive
5gah_1	2v3c_N	positive
5gah_1	2xxa_F	positive
5gah_1	5gad_1	positive
5gah_1	4xco_E	positive
5gah_1	5gag_1	positive
5gah_1	2xxa_G	positive
5gah_1	4xco_M	positive
5aka_7	3zn8_G	positive
5aka_7	2v3c_N	positive
5aka_7	2xxa_F	positive
5aka_7	5gad_1	positive
5aka_7	4xco_E	positive
5aka_7	5gag_1	positive
5aka_7	2xxa_G	positive
5aka_7	4xco_M	positive
3zn8_G	2v3c_N	positive
3zn8_G	2xxa_F	positive
3zn8_G	5gad_1	positive
3zn8_G	4xco_E	positive
3zn8_G	5gag_1	positive
3zn8_G	2xxa_G	positive
3zn8_G	4xco_M	positive
2v3c_N	2xxa_F	positive
2v3c_N	5gad_1	positive
2v3c_N	4xco_E	positive
2v3c_N	5gag_1	positive
2v3c_N	2xxa_G	positive
2v3c_N	4xco_M	positive
2xxa_F	5gad_1	positive
2xxa_F	4xco_E	positive
2xxa_F	5gag_1	positive
2xxa_F	4xco_M	positive
5gad_1	4xco_E	positive
5gad_1	5gag_1	positive
5gad_1	2xxa_G	positive
5gad_1	4xco_M	positive
4xco_E	5gag_1	positive
4xco_E	2xxa_G	positive
5gag_1	2xxa_G	positive
5gag_1	4xco_M	positive
2xxa_G	4xco_M	positive
8sa6_A	6vmy_A	positive
8sa6_A	8sa5_A	positive
8sa6_A	4gxy_A	positive
8sa6_A	8sa4_B	positive
8sa6_A	8sa5_B	positive
8sa6_A	8sa4_A	positive
8sa6_A	8sa3_A	positive
8sa6_A	8sa2_B	positive
8sa6_A	8fw4_Z	positive
8sa6_A	8sa2_A	positive
8sa6_A	4gma_Z	positive
8sa6_A	8sa3_B	positive
8sa6_B	6vmy_A	positive
8sa6_B	8sa5_A	positive
8sa6_B	4gxy_A	positive
8sa6_B	8sa4_B	positive
8sa6_B	8sa5_B	positive
8sa6_B	8sa4_A	positive
8sa6_B	8sa3_A	positive
8sa6_B	8sa2_B	positive
8sa6_B	8fw4_Z	positive
8sa6_B	8sa2_A	positive
8sa6_B	4gma_Z	positive
8sa6_B	8sa3_B	positive
6vmy_A	8sa5_A	positive
6vmy_A	4gxy_A	positive
6vmy_A	8sa4_B	positive
6vmy_A	8sa5_B	positive
6vmy_A	8sa4_A	positive
6vmy_A	8sa3_A	positive
6vmy_A	8sa2_B	positive
6vmy_A	8fw4_Z	positive
6vmy_A	8sa2_A	positive
6vmy_A	4gma_Z	positive
6vmy_A	8sa3_B	positive
8sa5_A	4gxy_A	positive
8sa5_A	8sa4_B	positive
8sa5_A	8sa4_A	positive
8sa5_A	8sa3_A	positive
8sa5_A	8sa2_B	positive
8sa5_A	8fw4_Z	positive
8sa5_A	8sa2_A	positive
8sa5_A	4gma_Z	positive
8sa5_A	8sa3_B	positive
4gxy_A	8sa4_B	positive
4gxy_A	8sa5_B	positive
4gxy_A	8sa4_A	positive
4gxy_A	8sa3_A	positive
4gxy_A	8sa2_B	positive
4gxy_A	8fw4_Z	positive
4gxy_A	8sa2_A	positive
4gxy_A	4gma_Z	positive
4gxy_A	8sa3_B	positive
8sa4_B	8sa5_B	positive
8sa4_B	8sa3_A	positive
8sa4_B	8sa2_B	positive
8sa4_B	8fw4_Z	positive
8sa4_B	8sa2_A	positive
8sa4_B	4gma_Z	positive
8sa4_B	8sa3_B	positive
8sa5_B	8sa4_A	positive
8sa5_B	8sa3_A	positive
8sa5_B	8sa2_B	positive
8sa5_B	8fw4_Z	positive
8sa5_B	8sa2_A	positive
8sa5_B	4gma_Z	positive
8sa5_B	8sa3_B	positive
8sa4_A	8sa3_A	positive
8sa4_A	8sa2_B	positive
8sa4_A	8fw4_Z	positive
8sa4_A	8sa2_A	positive
8sa4_A	4gma_Z	positive
8sa4_A	8sa3_B	positive
8sa3_A	8sa2_B	positive
8sa3_A	8fw4_Z	positive
8sa3_A	8sa2_A	positive
8sa3_A	4gma_Z	positive
8sa2_B	8fw4_Z	positive
8sa2_B	4gma_Z	positive
8sa2_B	8sa3_B	positive
8fw4_Z	8sa2_A	positive
8fw4_Z	4gma_Z	positive
8fw4_Z	8sa3_B	positive
8sa2_A	4gma_Z	positive
8sa2_A	8sa3_B	positive
4gma_Z	8sa3_B	positive
1n8x_A	2n1q_A	positive
1n8x_A	2d1b_B	positive
1n8x_A	2d1b_A	positive
2n1q_A	2d1b_B	positive
2n1q_A	2d1b_A	positive
9b0q_S2	9b0s_S2	positive
9b0q_S2	9b0s_s2	positive
9b0q_S2	7pnt_A	positive
9b0q_S2	7pnw_A	positive
9b0q_S2	8p60_S60	positive
9b0q_S2	6rm3_S60	positive
9b0q_S2	6zu5_S60	positive
9b0q_S2	7pnv_A	positive
9b0q_S2	7qep_3	positive
9b0q_S2	8p60_R60	positive
9b0q_S2	7qca_S60	positive
9b0q_S2	7pnu_A	positive
9b0q_S2	8p5d_S60	positive
9b0s_S2	9b0q_s2	positive
9b0s_S2	7pnt_A	positive
9b0s_S2	7pnw_A	positive
9b0s_S2	8p60_S60	positive
9b0s_S2	6rm3_S60	positive
9b0s_S2	6zu5_S60	positive
9b0s_S2	7pnv_A	positive
9b0s_S2	7qep_3	positive
9b0s_S2	8p60_R60	positive
9b0s_S2	7qca_S60	positive
9b0s_S2	7pnu_A	positive
9b0s_S2	8p5d_S60	positive
9b0s_s2	9b0q_s2	positive
9b0s_s2	7pnt_A	positive
9b0s_s2	7pnw_A	positive
9b0s_s2	8p60_S60	positive
9b0s_s2	6rm3_S60	positive
9b0s_s2	6zu5_S60	positive
9b0s_s2	7pnv_A	positive
9b0s_s2	7qep_3	positive
9b0s_s2	8p60_R60	positive
9b0s_s2	7qca_S60	positive
9b0s_s2	7pnu_A	positive
9b0s_s2	8p5d_S60	positive
9b0q_s2	7pnt_A	positive
9b0q_s2	7pnw_A	positive
9b0q_s2	8p60_S60	positive
9b0q_s2	6rm3_S60	positive
9b0q_s2	6zu5_S60	positive
9b0q_s2	7pnv_A	positive
9b0q_s2	7qep_3	positive
9b0q_s2	8p60_R60	positive
9b0q_s2	7qca_S60	positive
9b0q_s2	7pnu_A	positive
9b0q_s2	8p5d_S60	positive
7pnt_A	7pnw_A	positive
7pnt_A	8p60_S60	positive
7pnt_A	6rm3_S60	positive
7pnt_A	6zu5_S60	positive
7pnt_A	7pnv_A	positive
7pnt_A	7qep_3	positive
7pnt_A	8p60_R60	positive
7pnt_A	7qca_S60	positive
7pnt_A	7pnu_A	positive
7pnt_A	8p5d_S60	positive
7pnw_A	8p60_S60	positive
7pnw_A	6rm3_S60	positive
7pnw_A	6zu5_S60	positive
7pnw_A	7pnv_A	positive
7pnw_A	7qep_3	positive
7pnw_A	8p60_R60	positive
7pnw_A	7qca_S60	positive
7pnw_A	7pnu_A	positive
7pnw_A	8p5d_S60	positive
8p60_S60	6rm3_S60	positive
8p60_S60	6zu5_S60	positive
8p60_S60	7pnv_A	positive
8p60_S60	7qep_3	positive
8p60_S60	7qca_S60	positive
8p60_S60	7pnu_A	positive
8p60_S60	8p5d_S60	positive
6rm3_S60	6zu5_S60	positive
6rm3_S60	7pnv_A	positive
6rm3_S60	7qep_3	positive
6rm3_S60	8p60_R60	positive
6rm3_S60	7qca_S60	positive
6rm3_S60	7pnu_A	positive
6rm3_S60	8p5d_S60	positive
6zu5_S60	7pnv_A	positive
6zu5_S60	7qep_3	positive
6zu5_S60	8p60_R60	positive
6zu5_S60	7qca_S60	positive
6zu5_S60	7pnu_A	positive
6zu5_S60	8p5d_S60	positive
7pnv_A	7qep_3	positive
7pnv_A	8p60_R60	positive
7pnv_A	7qca_S60	positive
7pnv_A	7pnu_A	positive
7pnv_A	8p5d_S60	positive
7qep_3	8p60_R60	positive
7qep_3	7qca_S60	positive
7qep_3	7pnu_A	positive
7qep_3	8p5d_S60	positive
8p60_R60	7qca_S60	positive
8p60_R60	7pnu_A	positive
8p60_R60	8p5d_S60	positive
7qca_S60	7pnu_A	positive
7qca_S60	8p5d_S60	positive
7pnu_A	8p5d_S60	positive
6hcq_A2	8ppk_2	positive
8ppk_2	8ip8_aa	positive
4u3u_2	6zvh_2	positive
9c8k_1	6eml_2	positive
9c8k_1	5ndv_2	positive
7qiz_S2	5jut_A	positive
5tgm_2	8ewb_B5	positive
6gz4_B1	6zvh_2	positive
8cg8_c	5lks_S2	positive
9c8k_1	6ip8_2m	positive
6gz4_B1	5ndv_2	positive
7wts_2	6zm7_S2	positive
7wtl_C2	6gz3_B1	positive
7r81_A2	8xxn_S2	positive
9cpa_2	8y0x_S2	positive
6snt_2	6ip8_2m	positive
7qiy_2	4u4q_2	positive
8y0x_S2	6i7o_2	positive
5lks_S2	8xxn_S2	positive
7wtl_C2	8oh6_B	positive
6gz4_B1	6gz3_B1	positive
5ndv_2	6zvh_2	positive
5lks_S2	7qiy_2	positive
8s8d_2	5lks_S2	positive
4u4o_6	5dgv_6	positive
4u4q_2	8eub_B5	positive
6zce_A	8ip8_aa	positive
9cpa_2	4u3u_2	positive
6zce_A	6i7o_2	positive
6gz3_B1	6yan_2	positive
6eml_2	6zm7_S2	positive
8c3a_CM	4u4n_6	positive
7qiz_S2	8y0x_S2	positive
6ip6_2m	7d5s_SA	positive
7d5s_SA	6i7o_2	positive
6yam_2	6i7o_2	positive
6hcq_A2	6snt_2	positive
8cg8_c	6hcm_A1	positive
6gz3_B1	8y0x_S2	positive
8xxn_S2	8oh6_B	positive
4u4n_6	4u4o_6	positive
9c8k_1	5on6_A	positive
6w2t_a	8ewb_B5	positive
8c3a_CM	8ip8_aa	positive
5dgv_6	6zvh_2	positive
6gz4_B1	5lks_S2	positive
5jut_A	6ip8_2m	positive
4u3u_2	6i7o_2	positive
8eub_B5	8ewb_B5	positive
5on6_A	5dgv_6	positive
8cg8_c	6zm7_S2	positive
8r57_A	8y0x_S2	positive
4u4n_6	7r81_A2	positive
6hcm_A1	5ndv_2	positive
4u4o_6	8xxn_S2	positive
4u4o_6	6w2t_a	positive
6hcq_A2	6ip6_2m	positive
7qiz_S2	5on6_A	positive
4u4n_6	7qiy_2	positive
8xxn_S2	6eml_2	positive
6ip8_2m	6ip6_2m	positive
8oh6_B	7oyd_9	positive
8s8d_2	7r81_A2	positive
9bdn_A18S	6zvh_2	positive
8r57_A	5dgv_6	positive
5tgm_2	8oh6_B	positive
7wtn_C2	7q0p_A	positive
7wtn_C2	6ip8_2m	positive
6gz3_B1	8ppk_2	positive
7r81_A2	5ndv_2	positive
9bdn_A18S	6eml_2	positive
7q0p_A	5on6_A	positive
5lks_S2	4u4o_6	positive
4u3u_2	8y0x_S2	positive
7qiy_2	4u3u_2	positive
9cpa_2	8cg8_c	positive
6w2t_a	8y0x_S2	positive
7r81_A2	6ip8_2m	positive
7wts_2	6zvh_2	positive
7wts_2	8oh6_B	positive
6ip6_2m	6w2t_a	positive
9cpa_2	6i7o_2	positive
7qiz_S2	6ip8_2m	positive
9c8k_1	7d5s_SA	positive
6gz3_B1	6i7o_2	positive
8cg8_c	6ip6_2m	positive
9bdn_A18S	7wtn_C2	positive
6gz4_B1	6ip6_2m	positive
8eub_B5	6yan_2	positive
8eub_B5	8oh6_B	positive
8s8d_2	4u4o_6	positive
8c3a_CM	7oyd_9	positive
6hcm_A1	8y0x_S2	positive
5jut_A	8ewb_B5	positive
9bdn_A18S	6ip8_2m	positive
6hcm_A1	4u4q_2	positive
6snt_2	5ndv_2	positive
8cg8_c	6gz4_B1	positive
8s8d_2	6zvh_2	positive
8bqd_2	5ndv_2	positive
9cpa_2	7wts_2	positive
8cg8_c	7d5s_SA	positive
8cg8_c	4u4n_6	positive
8c3a_CM	8r57_A	positive
9c8k_1	6hcm_A1	positive
7wtn_C2	8ppk_2	positive
8y0x_S2	8ip8_aa	positive
8cg8_c	9bdn_A18S	positive
7d5s_SA	6eml_2	positive
4u4n_6	8xxn_S2	positive
5lks_S2	7q0p_A	positive
5on6_A	8oh6_B	positive
7q0p_A	8bqd_2	positive
5tgm_2	6zm7_S2	positive
5on6_A	6w2t_a	positive
6snt_2	8y0x_S2	positive
6gz3_B1	8eub_B5	positive
8s8d_2	6yam_2	positive
7q0p_A	6ip6_2m	positive
7wtl_C2	7qiy_2	positive
8eub_B5	7oyd_9	positive
8s8d_2	7qiy_2	positive
8c3a_CM	6yam_2	positive
6i7o_2	8ip8_aa	positive
9cpa_2	6yan_2	positive
8cg8_c	9c8k_1	positive
6hcq_A2	5jut_A	positive
5dgv_6	8ewb_B5	positive
9bdn_A18S	8xxn_S2	positive
7qiy_2	6zm7_S2	positive
7qiz_S2	8oh6_B	positive
8cg8_c	8oh6_B	positive
7qiy_2	6w2t_a	positive
6snt_2	6yan_2	positive
7q0p_A	7oyd_9	positive
9cpa_2	4u4o_6	positive
4u4q_2	6zm7_S2	positive
6zce_A	6zm7_S2	positive
6zce_A	6gz4_B1	positive
7q0p_A	6w2t_a	positive
4u3u_2	6eml_2	positive
7qiz_S2	5tgm_2	positive
6zce_A	6snt_2	positive
7qiz_S2	7wts_2	positive
7r81_A2	5tgm_2	positive
8s8d_2	6snt_2	positive
6yam_2	6zvh_2	positive
8y0x_S2	7d5s_SA	positive
6zce_A	8r57_A	positive
7wtl_C2	6snt_2	positive
9cpa_2	5jpq_2	positive
8s8d_2	7wtn_C2	positive
6yan_2	6zvh_2	positive
7q0p_A	5jpq_2	positive
8eub_B5	8ip8_aa	positive
6yam_2	8oh6_B	positive
8cg8_c	4u3u_2	positive
7qiz_S2	8ewb_B5	positive
6hcm_A1	6yam_2	positive
8r57_A	8bqd_2	positive
6hcm_A1	5jpq_2	positive
5on6_A	6zm7_S2	positive
7wts_2	8ip8_aa	positive
6zce_A	7r81_A2	positive
4u4n_6	6hcq_A2	positive
7wtn_C2	8ip8_aa	positive
9c8k_1	6i7o_2	positive
9c8k_1	4u4o_6	positive
5jpq_2	5ndv_2	positive
6yam_2	7oyd_9	positive
8bqd_2	8ip8_aa	positive
6yam_2	5ndv_2	positive
7qiz_S2	6gz3_B1	positive
8c3a_CM	8ppk_2	positive
7wtn_C2	5ndv_2	positive
9bdn_A18S	4u4o_6	positive
9c8k_1	6zvh_2	positive
5ndv_2	6i7o_2	positive
6ip6_2m	8xxn_S2	positive
4u4o_6	7wts_2	positive
6hcq_A2	5on6_A	positive
7wtl_C2	8eub_B5	positive
4u4n_6	6yan_2	positive
9bdn_A18S	7r81_A2	positive
7qiy_2	5jpq_2	positive
8c3a_CM	6zm7_S2	positive
6ip6_2m	7wts_2	positive
5tgm_2	6eml_2	positive
4u4o_6	8bqd_2	positive
7qiz_S2	6yan_2	positive
6zce_A	7oyd_9	positive
8oh6_B	6zvh_2	positive
5jpq_2	7oyd_9	positive
6hcq_A2	8y0x_S2	positive
6gz4_B1	6w2t_a	positive
8s8d_2	4u4n_6	positive
6gz3_B1	6ip8_2m	positive
7wtn_C2	8xxn_S2	positive
6snt_2	8ppk_2	positive
7qiy_2	5on6_A	positive
4v4n_B2	6tmf_A	positive
6skg_Aa	8wq4_A16S	positive
5jb3_2	8hl2_A16S	positive
9fo0_AA	6swc_2	positive
7zah_2	7zai_2	positive
9qf5_A1	9e7f_4	positive
9fsf_2	9b0s_s2	positive
9fo0_AA	6sw9_2	positive
6th6_Aa	8hky_A16S	positive
8hl1_A16S	9qf6_A1	positive
8hl1_A16S	8hl3_A16S	positive
9qf5_A1	9fnz_AA	positive
9frl_2	9fhl_2	positive
8hl2_A16S	6swd_2	positive
9fs6_2	8wkp_A16S	positive
8wq2_A16S	9o17_AA	positive
9fnz_AA	9fy0_2	positive
8wq2_A16S	9b0s_s2	positive
8hl4_A16S	7zai_2	positive
8hky_A16S	9fny_BA	positive
8hl2_A16S	6tmf_A	positive
8wq2_A16S	9frk_2	positive
9fs6_2	8hl5_A16S	positive
6skf_Aa	4v4n_B2	positive
7zah_2	8hl3_A16S	positive
8hl2_A16S	7zhg_2	positive
7zag_2	9frl_2	positive
6swc_2	8hl3_A16S	positive
6swd_2	8wkp_A16S	positive
9fs6_2	8hkx_A16S	positive
9fs6_2	7zai_2	positive
9e7f_4	9qf4_A1	positive
9e71_4	9frl_2	positive
7zah_2	9fhl_2	positive
6sw9_2	9e7f_4	positive
8hky_A16S	7zah_2	positive
9b0s_s2	8hl3_A16S	positive
7zai_2	8hkx_A16S	positive
8hkz_A16S	9b0s_s2	positive
9fo0_AA	9qf6_A1	positive
9b0q_s2	9fny_BA	positive
9b0q_s2	9fnz_BA	positive
8hl2_A16S	8hkz_A16S	positive
9qf6_A1	6tmf_A	positive
9fny_AA	9b0q_s2	positive
7zah_2	8hl5_A16S	positive
5jb3_2	9fra_2	positive
9b0q_s2	9gut_A	positive
8wq2_A16S	9b0q_S2	positive
7zah_2	8hkz_A16S	positive
9b0s_S2	9fy0_2	positive
9qf4_A1	9fra_2	positive
9qf4_A1	9fnz_AA	positive
9fnz_AA	8wkp_A16S	positive
9frl_2	9frk_2	positive
6skg_Aa	4v6u_A2	positive
4v4n_B2	9frk_2	positive
9qf5_A1	6sw9_2	positive
9fsf_2	9fnz_AA	positive
8wq2_A16S	8hl1_A16S	positive
9fny_AA	9qf4_A1	positive
7zah_2	8wkp_A16S	positive
6sw9_2	7zah_2	positive
6skf_Aa	8hkz_A16S	positive
9qf5_A1	9fy0_2	positive
6th6_Aa	9fnz_AA	positive
9fo0_AA	6skf_Aa	positive
8hl2_A16S	9gut_A	positive
6swe_2	4v6u_A2	positive
8wq4_A16S	9fnz_AA	positive
9e7f_4	7zhg_2	positive
9e71_4	8hkx_A16S	positive
9frl_2	9fs8_2	positive
9frl_2	8hkz_A16S	positive
9frl_2	8hl5_A16S	positive
6skf_Aa	9fnz_BA	positive
9fra_2	8hkx_A16S	positive
9fo0_AA	9qf4_A1	positive
9b0s_S2	6tmf_A	positive
6skg_Aa	9frk_2	positive
5jb3_2	9fnz_AA	positive
9fs6_2	9b0s_s2	positive
6swe_2	9fny_BA	positive
8hkz_A16S	8hkx_A16S	positive
9fs8_2	8hkx_A16S	positive
9fo0_AA	9e7f_4	positive
6swe_2	6tmf_A	positive
7zhg_2	9fhl_2	positive
9fs6_2	9fny_BA	positive
8hkz_A16S	9frk_2	positive
9qf5_A1	4v4n_B2	positive
8hl4_A16S	7zag_2	positive
9fo0_AA	9frl_2	positive
8hky_A16S	7zag_2	positive
6th6_Aa	4v6u_A2	positive
9b0s_S2	8wkp_A16S	positive
9fnz_BA	9fhl_2	positive
6skg_Aa	8hkz_A16S	positive
6sw9_2	9fy0_2	positive
9fny_AA	9fy0_2	positive
6skf_Aa	9fhl_2	positive
9fsf_2	6tmf_A	positive
6swc_2	9frk_2	positive
9fo0_AA	9fy0_2	positive
8wq2_A16S	9e7f_4	positive
9qf5_A1	9b0s_S2	positive
8hl3_A16S	9qf6_A1	positive
6th6_Aa	8hl2_A16S	positive
7zhg_2	9frk_2	positive
9fo0_AA	7zhg_2	positive
9qf4_A1	9b0q_S2	positive
6swd_2	9gut_A	positive
8hl4_A16S	9frk_2	positive
8wq2_A16S	9fnz_BA	positive
9b0q_s2	9fy0_2	positive
7zag_2	8wq4_A16S	positive
6swe_2	8hl3_A16S	positive
9e71_4	8hl1_A16S	positive
6skg_Aa	7zai_2	positive
6skf_Aa	7zag_2	positive
9gut_A	8wkp_A16S	positive
7zhg_2	9gut_A	positive
8wq4_A16S	8hl1_A16S	positive
9qf5_A1	8wkp_A16S	positive
9e71_4	6sw9_2	positive
6th6_Aa	6skf_Aa	positive
9frl_2	9fny_BA	positive
9fs6_2	9gut_A	positive
9fny_BA	9fnz_BA	positive
4v4n_B2	9fhl_2	positive
6swe_2	8hky_A16S	positive
9e71_4	9qf5_A1	positive
6swe_2	8hl1_A16S	positive
7zai_2	8hl1_A16S	positive
6skg_Aa	9fny_AA	positive
9b0q_S2	9fy0_2	positive
9gut_A	7zai_2	positive
8wq4_A16S	8hl5_A16S	positive
8hl2_A16S	9fhl_2	positive
9fny_BA	7zai_2	positive
9b0q_S2	7zah_2	positive
8wq2_A16S	9fy0_2	positive
9b0q_s2	8hl3_A16S	positive
9qf4_A1	8hkz_A16S	positive
9fra_2	9fs8_2	positive
8hl5_A16S	9fra_2	positive
9e71_4	9e7f_4	positive
9b0q_S2	9fsf_2	positive
6swe_2	9frk_2	positive
8hky_A16S	6sw9_2	positive
9frl_2	9fy0_2	positive
8wq2_A16S	9qf6_A1	positive
9fny_AA	7zah_2	positive
7zai_2	6tmf_A	positive
9b0s_S2	8hl3_A16S	positive
8hky_A16S	9b0q_s2	positive
6th6_Aa	9fny_BA	positive
6skg_Aa	8hky_A16S	positive
6skg_Aa	9o17_AA	positive
8hl5_A16S	8hkx_A16S	positive
6swe_2	6sw9_2	positive
7zah_2	9frk_2	positive
9b0q_s2	7zhg_2	positive
6skf_Aa	6swc_2	positive
9o17_AA	9fny_BA	positive
9b0s_S2	9qf6_A1	positive
9e71_4	7zai_2	positive
9qf5_A1	9fs8_2	positive
9b0q_S2	6swd_2	positive
8hl3_A16S	8hkx_A16S	positive
5jb3_2	8hkx_A16S	positive
8hky_A16S	9frl_2	positive
9fny_BA	9frk_2	positive
8wq4_A16S	9frk_2	positive
8hl1_A16S	8hl5_A16S	positive
6sw9_2	7zag_2	positive
7zag_2	9frk_2	positive
6skf_Aa	9b0q_S2	positive
8wq4_A16S	6swd_2	positive
9fy0_2	9fnz_BA	positive
9fy0_2	8hkx_A16S	positive
9frl_2	6tmf_A	positive
9fnz_BA	8hl5_A16S	positive
9fy0_2	9qf6_A1	positive
4v6u_A2	9fhl_2	positive
9qf4_A1	9frl_2	positive
7zag_2	8hkx_A16S	positive
9qf5_A1	5jb3_2	positive
6swe_2	9o17_AA	positive
9fsf_2	8hl3_A16S	positive
9fo0_AA	8hl2_A16S	positive
9e71_4	9b0s_S2	positive
6skf_Aa	9fs8_2	positive
7zhg_2	9b0s_s2	positive
9b0s_S2	6swd_2	positive
9e7f_4	6tmf_A	positive
8wkp_A16S	6tmf_A	positive
8hl4_A16S	8hky_A16S	positive
7zag_2	4v4n_B2	positive
6skg_Aa	5jb3_2	positive
2kuw_A	2kuu_A	positive
2kuw_A	2ke6_A	positive
2kuw_A	2kuv_A	positive
2kuw_A	2kur_A	positive
2kuu_A	2ke6_A	positive
2kuu_A	2kuv_A	positive
2kuu_A	2kur_A	positive
2ke6_A	2kuv_A	positive
2ke6_A	2kur_A	positive
2kuv_A	2kur_A	positive
8huj_C	2nbx_A	positive
8huj_C	8j7r_C	positive
2nbx_A	8j7r_C	positive
4p5j_A	6mj0_A	positive
4p5j_A	6mj0_B	positive
3g9c_Q	3g8s_P	positive
3g8s_S	2h0s_B	positive
2nz4_P	3g8s_Q	positive
3g9c_P	3l3c_P	positive
2nz4_R	3b4a_B	positive
3g9c_Q	3g8t_P	positive
2z74_B	3l3c_P	positive
2h0z_B	2z75_B	positive
3g8t_Q	3g96_S	positive
3g96_P	3g8t_S	positive
3g9c_Q	3g96_P	positive
3g9c_S	3g8s_R	positive
2z74_B	2ho6_B	positive
3g96_P	2gcs_B	positive
2h0s_B	3g9c_R	positive
3g9c_S	3l3c_R	positive
2nz4_S	2gcs_B	positive
2h0x_B	3g8s_R	positive
2gcv_B	3g96_P	positive
3g9c_P	3g8s_R	positive
2z74_B	3g9c_S	positive
2ho6_B	3g96_R	positive
3g8s_R	3g9c_R	positive
2ho7_B	3b4a_B	positive
2nz4_R	3g9c_P	positive
3g96_Q	3g8t_R	positive
3g8t_Q	2gcv_B	positive
3g9c_R	3l3c_Q	positive
2h0x_B	3g9c_S	positive
2gcv_B	3g8t_R	positive
2ho6_B	3l3c_R	positive
3g96_Q	2gcs_B	positive
3g9c_P	3l3c_Q	positive
2ho7_B	3b4b_B	positive
2h0x_B	3g8t_S	positive
3l3c_S	3g96_P	positive
3g9c_S	4meh_B	positive
2ho6_B	2h0z_B	positive
2z74_B	4meg_B	positive
3g8t_R	3g8s_Q	positive
3l3c_S	2h0x_B	positive
3g96_Q	2z74_B	positive
3g8s_S	2h0w_B	positive
3g9c_Q	2h0x_B	positive
2h0z_B	3g9c_R	positive
2h0s_B	2nz4_S	positive
3g8t_R	3g9c_R	positive
2h0s_B	3g9c_P	positive
2h0s_B	4meh_B	positive
3g8t_S	3g9c_R	positive
3g8t_Q	2h0z_B	positive
3g9c_R	4meh_B	positive
3g96_Q	2ho7_B	positive
2z74_B	3g8s_Q	positive
3g9c_Q	3g8t_S	positive
3g8t_P	3b4c_B	positive
2gcv_B	2nz4_Q	positive
3g8t_P	3g96_S	positive
3g8t_S	3g8s_P	positive
3g8t_R	3g9c_S	positive
3g8t_R	3g9c_P	positive
2h0z_B	3l3c_Q	positive
3g8t_Q	3g8s_Q	positive
3g9c_P	2gcs_B	positive
3g9c_R	3g96_S	positive
2nz4_P	2h0x_B	positive
2h0s_B	3g96_S	positive
3b4c_B	3g96_S	positive
3g96_Q	2ho6_B	positive
2h0z_B	2nz4_R	positive
3l3c_Q	3g8s_Q	positive
2h0s_B	3b4b_B	positive
2ho7_B	3l3c_P	positive
4meg_B	2h0z_B	positive
2h0w_B	3l3c_P	positive
3g9c_Q	2ho6_B	positive
2ho7_B	2nz4_S	positive
2gcv_B	3b4a_B	positive
3g8t_R	2nz4_R	positive
4meg_B	2ho7_B	positive
2h0x_B	3b4a_B	positive
2h0z_B	3g8t_R	positive
3b4a_B	2h0w_B	positive
3g8s_P	3l3c_P	positive
3l3c_S	3g96_S	positive
2nz4_R	3g8s_R	positive
3g96_P	3g9c_R	positive
3g8t_P	3g8s_Q	positive
2z75_B	2nz4_S	positive
3l3c_S	3g9c_P	positive
3g8t_R	3g96_R	positive
2nz4_P	3g8t_S	positive
2nz4_P	3g9c_S	positive
3l3c_Q	3b4b_B	positive
3g96_Q	3l3c_Q	positive
2z75_B	2h0w_B	positive
3g9c_S	3l3c_Q	positive
2h0z_B	3g96_P	positive
2z74_B	3b4b_B	positive
3g96_P	3b4b_B	positive
3g8t_Q	3l3c_Q	positive
3l3c_S	2nz4_Q	positive
2nz4_Q	3g96_R	positive
3g96_R	2ho7_B	positive
3g8s_R	3g96_S	positive
2nz4_S	3g8s_Q	positive
3b4a_B	3g9c_S	positive
3g96_Q	2nz4_Q	positive
3l3c_R	3g8s_Q	positive
3l3c_S	2nz4_S	positive
2gcv_B	2h0s_B	positive
3g9c_Q	3g8s_R	positive
2h0s_B	3g8s_R	positive
3g8t_R	2z75_B	positive
3g9c_Q	2h0z_B	positive
3g8t_P	3g8s_R	positive
2ho6_B	2z75_B	positive
2z75_B	3g8t_P	positive
2nz4_Q	3g96_P	positive
3g8t_R	3l3c_Q	positive
3g8t_Q	2nz4_S	positive
2h0z_B	3g8t_S	positive
2ho6_B	3b4c_B	positive
2ho6_B	2nz4_S	positive
2ho7_B	3g9c_P	positive
3g8t_Q	3l3c_S	positive
3l3c_S	2nz4_R	positive
3l3c_S	3b4c_B	positive
2h0z_B	2h0x_B	positive
3g8t_Q	2nz4_R	positive
3l3c_S	2gcv_B	positive
3g8t_Q	2nz4_Q	positive
3l3c_S	3g9c_R	positive
3g8t_R	3g96_S	positive
3g8s_S	3g9c_P	positive
3g9c_S	3g8s_Q	positive
4meg_B	3g8t_P	positive
3g9c_Q	3g8t_R	positive
2z75_B	2gcs_B	positive
3g96_Q	3l3c_S	positive
3b4a_B	3l3c_Q	positive
2z74_B	2nz4_Q	positive
3g9c_P	3g8s_P	positive
3g96_P	3g9c_P	positive
2nz4_Q	2h0s_B	positive
3g8t_P	2h0w_B	positive
2h0z_B	2nz4_S	positive
2z75_B	3b4b_B	positive
3b4c_B	2h0w_B	positive
2ho7_B	3g8s_Q	positive
2h0z_B	3l3c_R	positive
2h0s_B	2h0w_B	positive
3l3c_R	3b4b_B	positive
4meg_B	3g9c_R	positive
2z74_B	3b4c_B	positive
2h0x_B	3g96_S	positive
3g96_R	2nz4_S	positive
2z75_B	3g8t_S	positive
3g96_Q	3g8s_Q	positive
2ho7_B	3g8s_R	positive
2h0w_B	2nz4_S	positive
2h0s_B	3g8t_S	positive
2ho6_B	2h0s_B	positive
2nz4_P	3b4c_B	positive
4meg_B	3b4c_B	positive
2h0w_B	2gcs_B	positive
3g9c_P	2nz4_S	positive
3g8t_S	3l3c_P	positive
3g96_Q	2gcv_B	positive
3g96_Q	2nz4_R	positive
3g8t_Q	2h0x_B	positive
3g96_P	3l3c_P	positive
3g9c_Q	3g8s_Q	positive
2nz4_Q	3g8s_P	positive
3g96_P	2h0s_B	positive
2h0z_B	2h0s_B	positive
2ho6_B	3g8s_P	positive
2h0w_B	3l3c_Q	positive
3l3c_S	2z75_B	positive
3b4c_B	3g8s_R	positive
3b4b_B	3g8s_Q	positive
3g8t_R	2ho7_B	positive
3g96_P	2ho7_B	positive
2ho6_B	3g8t_S	positive
3b4c_B	3g9c_S	positive
3g96_R	3g9c_R	positive
2h0x_B	2nz4_S	positive
3g96_R	3g9c_S	positive
3g96_P	3g9c_S	positive
3g96_P	2z75_B	positive
3g96_S	3l3c_R	positive
3g8t_P	3g9c_S	positive
2nz4_R	3g8s_Q	positive
2ho6_B	2h0x_B	positive
3g9c_R	3l3c_R	positive
2z74_B	3l3c_R	positive
2z75_B	4meh_B	positive
3g8t_S	3g9c_P	positive
3b4a_B	3l3c_P	positive
4meg_B	2nz4_P	positive
9de8_A	6vvj_A	positive
9de8_A	9de5_E	positive
9de8_A	9de5_B	positive
9de8_A	9de6_A	positive
9de8_A	9de5_D	positive
9de8_A	9de5_C	positive
9de8_A	9de7_A	positive
9de8_A	9de6_B	positive
6vvj_A	9de5_E	positive
6vvj_A	9de5_B	positive
6vvj_A	9de6_A	positive
6vvj_A	9de5_D	positive
6vvj_A	9de5_C	positive
6vvj_A	9de7_A	positive
6vvj_A	9de6_B	positive
9de5_E	9de6_A	positive
9de5_E	9de7_A	positive
9de5_E	9de6_B	positive
9de5_B	9de6_A	positive
9de5_B	9de7_A	positive
9de5_B	9de6_B	positive
9de6_A	9de5_D	positive
9de6_A	9de5_C	positive
9de6_A	9de7_A	positive
9de5_D	9de7_A	positive
9de5_D	9de6_B	positive
9de5_C	9de7_A	positive
9de5_C	9de6_B	positive
9de7_A	9de6_B	positive
6k0b_X	6k0a_X	positive
6k0b_X	6k0a_Y	positive
6k0b_Y	6k0a_X	positive
6k0b_Y	6k0a_Y	positive
6wtl_A	6n5p_A	positive
6wtl_A	4qka_A	positive
6wtl_A	6n5n_A	positive
6wtl_A	6n5o_A	positive
6wtl_A	4w92_C	positive
6wtl_A	4qk8_A	positive
6wtl_A	6n5s_A	positive
6wtl_A	6n5k_A	positive
6wtl_A	4qlm_A	positive
6wtl_A	4qk9_A	positive
6wtl_A	6wtr_A	positive
6wtl_A	6n5q_A	positive
6wtl_A	4qln_A	positive
6wtl_A	6n5t_A	positive
6wtl_A	4w90_C	positive
6n5p_A	4qka_A	positive
6n5p_A	6n5n_A	positive
6n5p_A	6n5o_A	positive
6n5p_A	4w92_C	positive
6n5p_A	4qk8_A	positive
6n5p_A	6n5s_A	positive
6n5p_A	6n5k_A	positive
6n5p_A	4qlm_A	positive
6n5p_A	4qk9_A	positive
6n5p_A	6wtr_A	positive
6n5p_A	6n5q_A	positive
6n5p_A	4qln_A	positive
6n5p_A	6n5t_A	positive
6n5p_A	4w90_C	positive
4qka_A	6n5n_A	positive
4qka_A	6n5o_A	positive
4qka_A	4w92_C	positive
4qka_A	4qk8_A	positive
4qka_A	6n5s_A	positive
4qka_A	6n5k_A	positive
4qka_A	4qlm_A	positive
4qka_A	4qk9_A	positive
4qka_A	6wtr_A	positive
4qka_A	6n5q_A	positive
4qka_A	4qln_A	positive
4qka_A	6n5t_A	positive
4qka_A	4w90_C	positive
6n5n_A	6n5o_A	positive
6n5n_A	4w92_C	positive
6n5n_A	4qk8_A	positive
6n5n_A	6n5s_A	positive
6n5n_A	6n5k_A	positive
6n5n_A	4qlm_A	positive
6n5n_A	4qk9_A	positive
6n5n_A	6wtr_A	positive
6n5n_A	6n5q_A	positive
6n5n_A	4qln_A	positive
6n5n_A	6n5t_A	positive
6n5n_A	4w90_C	positive
6n5o_A	4w92_C	positive
6n5o_A	4qk8_A	positive
6n5o_A	6n5s_A	positive
6n5o_A	6n5k_A	positive
6n5o_A	4qlm_A	positive
6n5o_A	4qk9_A	positive
6n5o_A	6wtr_A	positive
6n5o_A	6n5q_A	positive
6n5o_A	4qln_A	positive
6n5o_A	6n5t_A	positive
6n5o_A	4w90_C	positive
4w92_C	4qk8_A	positive
4w92_C	6n5s_A	positive
4w92_C	6n5k_A	positive
4w92_C	4qlm_A	positive
4w92_C	4qk9_A	positive
4w92_C	6wtr_A	positive
4w92_C	6n5q_A	positive
4w92_C	4qln_A	positive
4w92_C	6n5t_A	positive
4w92_C	4w90_C	positive
4qk8_A	6n5s_A	positive
4qk8_A	6n5k_A	positive
4qk8_A	4qlm_A	positive
4qk8_A	4qk9_A	positive
4qk8_A	6wtr_A	positive
4qk8_A	6n5q_A	positive
4qk8_A	4qln_A	positive
4qk8_A	6n5t_A	positive
4qk8_A	4w90_C	positive
6n5s_A	6n5k_A	positive
6n5s_A	4qlm_A	positive
6n5s_A	4qk9_A	positive
6n5s_A	6wtr_A	positive
6n5s_A	6n5q_A	positive
6n5s_A	4qln_A	positive
6n5s_A	6n5t_A	positive
6n5s_A	4w90_C	positive
6n5k_A	4qlm_A	positive
6n5k_A	4qk9_A	positive
6n5k_A	6wtr_A	positive
6n5k_A	6n5q_A	positive
6n5k_A	4qln_A	positive
6n5k_A	6n5t_A	positive
6n5k_A	4w90_C	positive
4qlm_A	4qk9_A	positive
4qlm_A	6wtr_A	positive
4qlm_A	6n5q_A	positive
4qlm_A	4qln_A	positive
4qlm_A	6n5t_A	positive
4qlm_A	4w90_C	positive
4qk9_A	6wtr_A	positive
4qk9_A	6n5q_A	positive
4qk9_A	4qln_A	positive
4qk9_A	6n5t_A	positive
4qk9_A	4w90_C	positive
6wtr_A	6n5q_A	positive
6wtr_A	4qln_A	positive
6wtr_A	6n5t_A	positive
6wtr_A	4w90_C	positive
6n5q_A	4qln_A	positive
6n5q_A	6n5t_A	positive
6n5q_A	4w90_C	positive
4qln_A	6n5t_A	positive
4qln_A	4w90_C	positive
6n5t_A	4w90_C	positive
2qbz_X	3pdr_A	positive
2qbz_X	3pdr_X	positive
5t83_A	6dlt_A	positive
5t83_A	6dls_A	positive
5t83_A	7mlw_F	positive
5t83_A	6dnr_A	positive
5t83_A	6ck5_B	positive
5t83_A	5u3g_B	positive
5t83_A	6dlr_A	positive
5t83_A	6dlq_A	positive
5t83_A	6ck5_A	positive
6dlt_A	6dls_A	positive
6dlt_A	7mlw_F	positive
6dlt_A	6dnr_A	positive
6dlt_A	6ck5_B	positive
6dlt_A	5u3g_B	positive
6dlt_A	6dlr_A	positive
6dlt_A	6dlq_A	positive
6dlt_A	6ck5_A	positive
6dls_A	7mlw_F	positive
6dls_A	6dnr_A	positive
6dls_A	6ck5_B	positive
6dls_A	5u3g_B	positive
6dls_A	6dlr_A	positive
6dls_A	6dlq_A	positive
6dls_A	6ck5_A	positive
7mlw_F	6dnr_A	positive
7mlw_F	6ck5_B	positive
7mlw_F	5u3g_B	positive
7mlw_F	6dlr_A	positive
7mlw_F	6dlq_A	positive
7mlw_F	6ck5_A	positive
6dnr_A	6ck5_B	positive
6dnr_A	5u3g_B	positive
6dnr_A	6dlr_A	positive
6dnr_A	6dlq_A	positive
6dnr_A	6ck5_A	positive
6ck5_B	5u3g_B	positive
6ck5_B	6dlr_A	positive
6ck5_B	6dlq_A	positive
5u3g_B	6dlr_A	positive
5u3g_B	6dlq_A	positive
5u3g_B	6ck5_A	positive
6dlr_A	6dlq_A	positive
6dlr_A	6ck5_A	positive
6dlq_A	6ck5_A	positive
5it7_4	2il9_A	positive
5it7_4	4d61_j	positive
5it7_4	9g8m_X	positive
5it7_4	6d90_4	positive
5it7_4	5it9_i	positive
5it7_4	7zjx_I	positive
5it7_4	4xej_AIRE	positive
5it7_4	4v92_AZ	positive
5it7_4	7jqc_i	positive
5it7_4	7zjw_I	positive
5it7_4	4d5n_X	positive
5it7_4	2il9_M	positive
5it7_4	4xej_BIRE	positive
5it7_4	2noq_A	positive
5it7_4	6d9j_4	positive
2il9_A	4d61_j	positive
2il9_A	9g8m_X	positive
2il9_A	6d90_4	positive
2il9_A	5it9_i	positive
2il9_A	7zjx_I	positive
2il9_A	4xej_AIRE	positive
2il9_A	4v92_AZ	positive
2il9_A	7jqc_i	positive
2il9_A	7zjw_I	positive
2il9_A	4d5n_X	positive
2il9_A	4xej_BIRE	positive
2il9_A	2noq_A	positive
2il9_A	6d9j_4	positive
4d61_j	9g8m_X	positive
4d61_j	6d90_4	positive
4d61_j	5it9_i	positive
4d61_j	7zjx_I	positive
4d61_j	4xej_AIRE	positive
4d61_j	4v92_AZ	positive
4d61_j	7jqc_i	positive
4d61_j	7zjw_I	positive
4d61_j	4d5n_X	positive
4d61_j	2il9_M	positive
4d61_j	4xej_BIRE	positive
4d61_j	2noq_A	positive
4d61_j	6d9j_4	positive
9g8m_X	6d90_4	positive
9g8m_X	5it9_i	positive
9g8m_X	7zjx_I	positive
9g8m_X	4xej_AIRE	positive
9g8m_X	4v92_AZ	positive
9g8m_X	7jqc_i	positive
9g8m_X	7zjw_I	positive
9g8m_X	4d5n_X	positive
9g8m_X	2il9_M	positive
9g8m_X	4xej_BIRE	positive
9g8m_X	2noq_A	positive
9g8m_X	6d9j_4	positive
6d90_4	5it9_i	positive
6d90_4	7zjx_I	positive
6d90_4	4xej_AIRE	positive
6d90_4	4v92_AZ	positive
6d90_4	7jqc_i	positive
6d90_4	7zjw_I	positive
6d90_4	4d5n_X	positive
6d90_4	2il9_M	positive
6d90_4	4xej_BIRE	positive
6d90_4	2noq_A	positive
6d90_4	6d9j_4	positive
5it9_i	7zjx_I	positive
5it9_i	4xej_AIRE	positive
5it9_i	4v92_AZ	positive
5it9_i	7jqc_i	positive
5it9_i	7zjw_I	positive
5it9_i	4d5n_X	positive
5it9_i	2il9_M	positive
5it9_i	4xej_BIRE	positive
5it9_i	2noq_A	positive
5it9_i	6d9j_4	positive
7zjx_I	4xej_AIRE	positive
7zjx_I	4v92_AZ	positive
7zjx_I	7jqc_i	positive
7zjx_I	7zjw_I	positive
7zjx_I	4d5n_X	positive
7zjx_I	2il9_M	positive
7zjx_I	4xej_BIRE	positive
7zjx_I	2noq_A	positive
7zjx_I	6d9j_4	positive
4xej_AIRE	4v92_AZ	positive
4xej_AIRE	7jqc_i	positive
4xej_AIRE	7zjw_I	positive
4xej_AIRE	4d5n_X	positive
4xej_AIRE	2il9_M	positive
4xej_AIRE	2noq_A	positive
4xej_AIRE	6d9j_4	positive
4v92_AZ	7jqc_i	positive
4v92_AZ	7zjw_I	positive
4v92_AZ	4d5n_X	positive
4v92_AZ	2il9_M	positive
4v92_AZ	4xej_BIRE	positive
4v92_AZ	2noq_A	positive
4v92_AZ	6d9j_4	positive
7jqc_i	7zjw_I	positive
7jqc_i	4d5n_X	positive
7jqc_i	2il9_M	positive
7jqc_i	4xej_BIRE	positive
7jqc_i	2noq_A	positive
7jqc_i	6d9j_4	positive
7zjw_I	4d5n_X	positive
7zjw_I	2il9_M	positive
7zjw_I	4xej_BIRE	positive
7zjw_I	2noq_A	positive
7zjw_I	6d9j_4	positive
4d5n_X	2il9_M	positive
4d5n_X	4xej_BIRE	positive
4d5n_X	2noq_A	positive
4d5n_X	6d9j_4	positive
2il9_M	4xej_BIRE	positive
2il9_M	2noq_A	positive
2il9_M	6d9j_4	positive
4xej_BIRE	2noq_A	positive
4xej_BIRE	6d9j_4	positive
2noq_A	6d9j_4	positive
6vwm_4	2l94_A	positive
6vwm_4	6vwn_4	positive
6vwm_4	6vwl_4	positive
6vwm_4	1z2j_A	positive
2l94_A	6vwn_4	positive
2l94_A	6vwl_4	positive
2l94_A	1z2j_A	positive
6vwn_4	6vwl_4	positive
6vwn_4	1z2j_A	positive
6vwl_4	1z2j_A	positive
5zwn_P	6n7r_R	positive
5zwn_P	7oqe_1	positive
5zwn_P	6n7p_R	positive
5zwn_P	6n7x_R	positive
5zwn_P	6g90_1	positive
5zwn_P	7oqc_1	positive
5zwn_P	8w2o_R	positive
6n7r_R	7oqe_1	positive
6n7r_R	6n7p_R	positive
6n7r_R	6n7x_R	positive
6n7r_R	6g90_1	positive
6n7r_R	7oqc_1	positive
6n7r_R	8w2o_R	positive
7oqe_1	6n7p_R	positive
7oqe_1	6n7x_R	positive
7oqe_1	6g90_1	positive
7oqe_1	7oqc_1	positive
7oqe_1	8w2o_R	positive
6n7p_R	6n7x_R	positive
6n7p_R	6g90_1	positive
6n7p_R	7oqc_1	positive
6n7p_R	8w2o_R	positive
6n7x_R	6g90_1	positive
6n7x_R	7oqc_1	positive
6n7x_R	8w2o_R	positive
6g90_1	7oqc_1	positive
6g90_1	8w2o_R	positive
7oqc_1	8w2o_R	positive
3oxj_B	3ox0_A	positive
3oxj_A	6wlm_A	positive
6wlt_A	3owi_A	positive
3oxm_A	3oxb_B	positive
3oxj_B	3oxd_B	positive
3oxm_A	6wll_A	positive
3owz_A	3oxm_B	positive
3owz_B	3ox0_A	positive
3owi_A	3p49_A	positive
3owz_B	3oww_B	positive
3ox0_B	3oxb_A	positive
3oxj_A	6wlu_A	positive
3oxj_B	3p49_A	positive
6wlt_A	3owi_B	positive
3oxj_A	3owi_B	positive
6wlm_A	3oww_A	positive
3oxj_B	6wlu_A	positive
3oxe_B	3oxm_A	positive
3ox0_B	3oww_B	positive
3owz_B	3oxd_B	positive
6wlm_A	3oxd_A	positive
3oxj_A	3oww_A	positive
3oxb_B	3oxd_A	positive
3oxm_B	3owi_A	positive
3oww_B	3oxb_A	positive
3oww_B	3p49_A	positive
3owi_B	3ox0_A	positive
6wll_A	3oww_B	positive
3oxj_B	3oxb_B	positive
6wlm_A	6wlu_A	positive
3oxm_A	3ox0_A	positive
3oxm_A	3owz_A	positive
3owz_A	3oxe_A	positive
3owz_A	3oxb_A	positive
3oxe_B	3oxb_B	positive
3owz_B	3oxb_A	positive
3owi_B	3oxd_A	positive
3oxe_A	3oxd_B	positive
3ox0_B	3oxm_A	positive
3oxe_B	3p49_A	positive
3ox0_B	3p49_A	positive
3oxm_A	3oxe_A	positive
3oww_A	3ox0_A	positive
3owi_A	3oxd_B	positive
3oxj_A	3owz_B	positive
6wlm_A	3oxe_A	positive
6wlt_A	3ox0_A	positive
6wll_A	3oxb_A	positive
3oxm_A	6wlt_A	positive
6wll_A	6wlu_A	positive
3oxb_A	3oww_A	positive
3oxb_B	3oww_A	positive
3oxd_B	3ox0_A	positive
3oxj_B	3owi_A	positive
6wll_A	3owi_A	positive
3oxe_B	6wlm_A	positive
3owz_B	3oww_A	positive
3oxj_A	3oxb_A	positive
6wll_A	3oww_A	positive
3oxe_A	3owi_A	positive
3owz_A	3oxd_A	positive
3p49_A	3ox0_A	positive
3owz_A	3oxb_B	positive
6wlt_A	3oxb_A	positive
3oxm_B	3owi_B	positive
3oxe_A	3ox0_A	positive
3oww_B	3oxd_B	positive
3ox0_B	6wlm_A	positive
3oxm_A	3p49_A	positive
6wll_A	3p49_A	positive
6wll_A	3oxe_A	positive
3oxe_A	3oxb_B	positive
3oww_B	3oxe_A	positive
3oxb_B	6wlu_A	positive
6wlm_A	3oxm_B	positive
3oxe_B	3oxd_A	positive
3p49_A	3oxd_A	positive
3oxm_B	6wlt_A	positive
3oxm_A	3oxd_B	positive
6wlm_A	3oxj_B	positive
3oxb_A	3oxd_A	positive
3p49_A	3owi_B	positive
3ox0_B	6wll_A	positive
6wll_A	3oxj_B	positive
3oww_A	3p49_A	positive
3oxm_B	3oxe_A	positive
3owz_A	3oxj_B	positive
3owz_B	3oxb_B	positive
3oxe_B	3owi_B	positive
3oxm_B	3oxd_A	positive
6wlu_A	3ox0_A	positive
6wll_A	3oxb_B	positive
3ox0_B	3owi_B	positive
3oxb_B	3ox0_A	positive
6wll_A	3owz_A	positive
3oxm_A	6wlu_A	positive
3oxm_A	3oxj_B	positive
3ox0_A	3oxd_A	positive
6wlu_A	3oxd_A	positive
6wlm_A	3owz_A	positive
3oxb_A	3owi_A	positive
3oww_B	3oxj_B	positive
3oxb_A	3owi_B	positive
6wlt_A	3oxd_B	positive
3oxm_B	3p49_A	positive
3ox0_B	3oxm_B	positive
6wlt_A	6wlu_A	positive
3oxj_A	3oxb_B	positive
6wlu_A	3owi_B	positive
3oxb_B	3p49_A	positive
3owz_A	3ox0_A	positive
3ox0_B	3owi_A	positive
3oww_B	3owi_B	positive
3oxe_A	3owi_B	positive
3oxj_A	3oww_B	positive
3oxb_A	3ox0_A	positive
3oxe_B	3oxd_B	positive
6wlm_A	3oxb_B	positive
6wlm_A	3oww_B	positive
3oww_B	3owi_A	positive
3oxm_A	3owi_A	positive
3oxe_B	3oww_B	positive
3oxe_B	6wll_A	positive
3owz_B	3oxm_B	positive
6wlt_A	3oxj_B	positive
3oxm_A	3oxb_A	positive
3oxm_B	3ox0_A	positive
3oxe_B	3oxb_A	positive
3oxe_B	3owi_A	positive
3oxj_A	3owi_A	positive
6wll_A	6wlm_A	positive
3oxe_B	3ox0_A	positive
6wlm_A	6wlt_A	positive
3owi_A	6wlu_A	positive
3ox0_B	6wlt_A	positive
3oxj_A	3ox0_A	positive
3oxj_A	3oxe_A	positive
6wlt_A	3p49_A	positive
6wll_A	3ox0_A	positive
3oxj_A	3oxd_B	positive
3ox0_B	3oxd_B	positive
3owz_A	3p49_A	positive
3owi_A	3oxd_A	positive
3oxe_A	3oxj_B	positive
3oxm_B	3oxd_B	positive
3oxj_A	3ox0_B	positive
3oxb_B	3owi_B	positive
3oxe_B	3owz_B	positive
6wll_A	6wlt_A	positive
3oww_A	3oxd_B	positive
3owz_A	3owi_B	positive
3oxe_A	3oxb_A	positive
3ox0_B	3oxd_A	positive
3oxb_B	3owi_A	positive
3owi_A	3ox0_A	positive
6wlm_A	3oxd_B	positive
3oxm_B	3oxb_A	positive
3oxe_B	6wlu_A	positive
3oxe_A	3oww_A	positive
3oxj_A	3oxm_A	positive
3oxm_A	3owi_B	positive
3oxb_B	3oxd_B	positive
3owz_A	3oxd_B	positive
3owz_B	3oxj_B	positive
3oxe_A	3p49_A	positive
3oxj_B	3oww_A	positive
3owz_B	3oxe_A	positive
3oxe_A	3oxd_A	positive
3owz_B	6wlu_A	positive
3oww_A	3owi_B	positive
3oxm_A	3owz_B	positive
3oxb_A	3oxd_B	positive
3oxm_B	3oxj_B	positive
3oxe_B	3oxj_B	positive
3owz_A	6wlu_A	positive
3oxd_B	3owi_B	positive
3ox0_B	3owz_A	positive
3ox0_B	3oxb_B	positive
3oxe_A	6wlt_A	positive
6wlm_A	3owi_B	positive
3oww_A	3oxd_A	positive
3oxe_B	3oxj_A	positive
3oxm_A	6wlm_A	positive
3oxb_A	6wlu_A	positive
3oxb_A	3p49_A	positive
3ox0_B	3oxe_A	positive
3ox0_B	3oww_A	positive
3oxe_B	3oxm_B	positive
6wll_A	3oxd_A	positive
6wlt_A	3oxb_B	positive
3oxj_A	6wlt_A	positive
6wlt_A	3oww_A	positive
3oxm_B	6wlu_A	positive
3owz_A	3owi_A	positive
3owz_B	3p49_A	positive
3owz_A	3oww_A	positive
3oxd_B	6wlu_A	positive
3oww_B	3oxb_B	positive
3ox0_B	3oxj_B	positive
3oxj_A	3owz_A	positive
6xrz_A	7o7z_AH	positive
6xrz_A	8vci_A	positive
7o7z_AH	8vci_A	positive
8r7n_A	9gcm_A	positive
8r7n_A	8y6o_P	positive
8r7n_A	9gbw_R	positive
8r7n_A	9gbz_R	positive
9gcm_A	8y6o_P	positive
9gcm_A	9gbw_R	positive
9gcm_A	9gbz_R	positive
8y6o_P	9gbw_R	positive
8y6o_P	9gbz_R	positive
9gbw_R	9gbz_R	positive
7qr3_D	7qr4_B	positive
7qr4_B	7qr3_C	positive
6uet_A	6wlr_A	positive
6uet_A	6ues_A	positive
6uet_A	6wlq_A	positive
6wlr_A	6ues_A	positive
6wlr_A	6wlq_A	positive
6ues_A	6wlq_A	positive
4yb0_A	4yaz_R	positive
4yb0_A	3muv_R	positive
4yb0_A	4yaz_A	positive
4yb0_A	3mut_R	positive
4yaz_R	3muv_R	positive
4yaz_R	4yb0_R	positive
4yaz_R	3mut_R	positive
3muv_R	4yaz_A	positive
3muv_R	4yb0_R	positive
3muv_R	3mut_R	positive
4yaz_A	4yb0_R	positive
4yaz_A	3mut_R	positive
4yb0_R	3mut_R	positive
9lcr_B	9mcw_A	positive
9lcr_B	9mcw_B	positive
9mcw_A	9lcr_A	positive
9lcr_A	9mcw_B	positive
8zmk_C	8zmj_C	positive
8zmk_C	8zmi_C	positive
8zmk_C	7sam_A	positive
8zmk_C	8zmh_A	positive
8zmk_C	7scq_C	positive
8zmk_C	7sc6_C	positive
8zmj_C	8zmi_C	positive
8zmj_C	7sam_A	positive
8zmj_C	8zmh_A	positive
8zmj_C	7scq_C	positive
8zmj_C	7sc6_C	positive
8zmi_C	7sam_A	positive
8zmi_C	8zmh_A	positive
8zmi_C	7scq_C	positive
8zmi_C	7sc6_C	positive
7sam_A	8zmh_A	positive
7sam_A	7scq_C	positive
7sam_A	7sc6_C	positive
8zmh_A	7scq_C	positive
8zmh_A	7sc6_C	positive
7scq_C	7sc6_C	positive
8hj4_B	6kc7_B	positive
8hj4_B	6kc8_B	positive
8hj4_B	6jdq_B	positive
8hj4_B	6jdv_B	positive
8hj4_B	6je4_P	positive
8hj4_B	6je9_B	positive
8hj4_B	8ja0_B	positive
8hj4_B	6je4_L	positive
8hj4_B	6je3_B	positive
8hj4_B	6je9_D	positive
8hj4_B	6je4_B	positive
8hj4_B	6je4_F	positive
8hj4_B	6jfu_B	positive
6kc7_B	6kc8_B	positive
6kc7_B	6jdq_B	positive
6kc7_B	6jdv_B	positive
6kc7_B	6je4_P	positive
6kc7_B	6je9_B	positive
6kc7_B	8ja0_B	positive
6kc7_B	6je4_L	positive
6kc7_B	6je3_B	positive
6kc7_B	6je9_D	positive
6kc7_B	6je4_B	positive
6kc7_B	6je4_F	positive
6kc7_B	6jfu_B	positive
6kc8_B	6jdq_B	positive
6kc8_B	6jdv_B	positive
6kc8_B	6je4_P	positive
6kc8_B	6je9_B	positive
6kc8_B	8ja0_B	positive
6kc8_B	6je4_L	positive
6kc8_B	6je3_B	positive
6kc8_B	6je9_D	positive
6kc8_B	6je4_B	positive
6kc8_B	6je4_F	positive
6kc8_B	6jfu_B	positive
6jdq_B	6jdv_B	positive
6jdq_B	6je4_P	positive
6jdq_B	6je9_B	positive
6jdq_B	8ja0_B	positive
6jdq_B	6je4_L	positive
6jdq_B	6je3_B	positive
6jdq_B	6je9_D	positive
6jdq_B	6je4_B	positive
6jdq_B	6je4_F	positive
6jdq_B	6jfu_B	positive
6jdv_B	6je4_P	positive
6jdv_B	6je9_B	positive
6jdv_B	8ja0_B	positive
6jdv_B	6je4_L	positive
6jdv_B	6je3_B	positive
6jdv_B	6je9_D	positive
6jdv_B	6je4_B	positive
6jdv_B	6je4_F	positive
6jdv_B	6jfu_B	positive
6je4_P	6je9_B	positive
6je4_P	8ja0_B	positive
6je4_P	6je3_B	positive
6je4_P	6je9_D	positive
6je4_P	6jfu_B	positive
6je9_B	8ja0_B	positive
6je9_B	6je4_L	positive
6je9_B	6je3_B	positive
6je9_B	6je4_B	positive
6je9_B	6je4_F	positive
6je9_B	6jfu_B	positive
8ja0_B	6je4_L	positive
8ja0_B	6je3_B	positive
8ja0_B	6je9_D	positive
8ja0_B	6je4_B	positive
8ja0_B	6je4_F	positive
8ja0_B	6jfu_B	positive
6je4_L	6je3_B	positive
6je4_L	6je9_D	positive
6je4_L	6jfu_B	positive
6je3_B	6je9_D	positive
6je3_B	6je4_B	positive
6je3_B	6je4_F	positive
6je3_B	6jfu_B	positive
6je9_D	6je4_B	positive
6je9_D	6je4_F	positive
6je9_D	6jfu_B	positive
6je4_B	6jfu_B	positive
6je4_F	6jfu_B	positive
3skt_A	3skl_B	positive
3skt_A	3skr_A	positive
3skt_A	3slm_B	positive
3skt_A	3skw_A	positive
3skt_A	3slq_A	positive
3skt_A	3slq_B	positive
3skt_A	3ski_A	positive
3skt_A	3skw_B	positive
3skt_A	3ski_B	positive
3skt_A	3skz_A	positive
3skt_A	3skl_A	positive
3skt_A	3slm_A	positive
3skt_A	3skr_B	positive
3skt_A	3skz_B	positive
3skl_B	3skr_A	positive
3skl_B	3slm_B	positive
3skl_B	3skw_A	positive
3skl_B	3slq_A	positive
3skl_B	3slq_B	positive
3skl_B	3ski_A	positive
3skl_B	3skw_B	positive
3skl_B	3skt_B	positive
3skl_B	3ski_B	positive
3skl_B	3skz_A	positive
3skl_B	3slm_A	positive
3skl_B	3skr_B	positive
3skl_B	3skz_B	positive
3skr_A	3slm_B	positive
3skr_A	3skw_A	positive
3skr_A	3slq_A	positive
3skr_A	3slq_B	positive
3skr_A	3ski_A	positive
3skr_A	3skw_B	positive
3skr_A	3skt_B	positive
3skr_A	3ski_B	positive
3skr_A	3skz_A	positive
3skr_A	3skl_A	positive
3skr_A	3slm_A	positive
3skr_A	3skz_B	positive
3slm_B	3skw_A	positive
3slm_B	3slq_A	positive
3slm_B	3slq_B	positive
3slm_B	3ski_A	positive
3slm_B	3skw_B	positive
3slm_B	3skt_B	positive
3slm_B	3ski_B	positive
3slm_B	3skz_A	positive
3slm_B	3skl_A	positive
3slm_B	3skr_B	positive
3slm_B	3skz_B	positive
3skw_A	3slq_A	positive
3skw_A	3slq_B	positive
3skw_A	3ski_A	positive
3skw_A	3skt_B	positive
3skw_A	3ski_B	positive
3skw_A	3skz_A	positive
3skw_A	3skl_A	positive
3skw_A	3slm_A	positive
3skw_A	3skr_B	positive
3skw_A	3skz_B	positive
3slq_A	3ski_A	positive
3slq_A	3skw_B	positive
3slq_A	3skt_B	positive
3slq_A	3ski_B	positive
3slq_A	3skz_A	positive
3slq_A	3skl_A	positive
3slq_A	3slm_A	positive
3slq_A	3skr_B	positive
3slq_A	3skz_B	positive
3slq_B	3ski_A	positive
3slq_B	3skw_B	positive
3slq_B	3skt_B	positive
3slq_B	3ski_B	positive
3slq_B	3skz_A	positive
3slq_B	3skl_A	positive
3slq_B	3slm_A	positive
3slq_B	3skr_B	positive
3slq_B	3skz_B	positive
3ski_A	3skw_B	positive
3ski_A	3skt_B	positive
3ski_A	3skz_A	positive
3ski_A	3skl_A	positive
3ski_A	3slm_A	positive
3ski_A	3skr_B	positive
3ski_A	3skz_B	positive
3skw_B	3skt_B	positive
3skw_B	3ski_B	positive
3skw_B	3skz_A	positive
3skw_B	3skl_A	positive
3skw_B	3slm_A	positive
3skw_B	3skr_B	positive
3skw_B	3skz_B	positive
3skt_B	3ski_B	positive
3skt_B	3skz_A	positive
3skt_B	3skl_A	positive
3skt_B	3slm_A	positive
3skt_B	3skr_B	positive
3skt_B	3skz_B	positive
3ski_B	3skz_A	positive
3ski_B	3skl_A	positive
3ski_B	3slm_A	positive
3ski_B	3skr_B	positive
3ski_B	3skz_B	positive
3skz_A	3skl_A	positive
3skz_A	3slm_A	positive
3skz_A	3skr_B	positive
3skl_A	3slm_A	positive
3skl_A	3skr_B	positive
3skl_A	3skz_B	positive
3slm_A	3skr_B	positive
3slm_A	3skz_B	positive
3skr_B	3skz_B	positive
8k2z_B	8k1e_A	positive
8k2z_B	8vt5_A	positive
8k2z_B	8k1e_B	positive
8k2z_B	8k30_A	positive
8k2z_B	8v1i_B	positive
8k2z_B	8k0y_B	positive
8k2z_B	8k0y_A	positive
8k2z_B	8k30_B	positive
8k2z_B	8v1h_A	positive
8k2z_B	8v1i_A	positive
8k1e_A	8k2z_A	positive
8k1e_A	8vt5_A	positive
8k1e_A	8k30_A	positive
8k1e_A	8v1i_B	positive
8k1e_A	8k0y_B	positive
8k1e_A	8k0y_A	positive
8k1e_A	8k30_B	positive
8k1e_A	8v1h_A	positive
8k1e_A	8v1i_A	positive
8k2z_A	8vt5_A	positive
8k2z_A	8k1e_B	positive
8k2z_A	8k30_A	positive
8k2z_A	8v1i_B	positive
8k2z_A	8k0y_B	positive
8k2z_A	8k0y_A	positive
8k2z_A	8k30_B	positive
8k2z_A	8v1h_A	positive
8k2z_A	8v1i_A	positive
8vt5_A	8k1e_B	positive
8vt5_A	8k30_A	positive
8vt5_A	8v1i_B	positive
8vt5_A	8k0y_B	positive
8vt5_A	8k0y_A	positive
8vt5_A	8k30_B	positive
8vt5_A	8v1h_A	positive
8vt5_A	8v1i_A	positive
8k1e_B	8k30_A	positive
8k1e_B	8v1i_B	positive
8k1e_B	8k0y_B	positive
8k1e_B	8k0y_A	positive
8k1e_B	8k30_B	positive
8k1e_B	8v1h_A	positive
8k1e_B	8v1i_A	positive
8k30_A	8v1i_B	positive
8k30_A	8k0y_B	positive
8k30_A	8k0y_A	positive
8k30_A	8v1h_A	positive
8k30_A	8v1i_A	positive
8v1i_B	8k0y_B	positive
8v1i_B	8k0y_A	positive
8v1i_B	8k30_B	positive
8v1i_B	8v1h_A	positive
8k0y_B	8k30_B	positive
8k0y_B	8v1h_A	positive
8k0y_B	8v1i_A	positive
8k0y_A	8k30_B	positive
8k0y_A	8v1h_A	positive
8k0y_A	8v1i_A	positive
8k30_B	8v1h_A	positive
8k30_B	8v1i_A	positive
8v1h_A	8v1i_A	positive
9e5k_C	9e5i_B	positive
9e5t_A	9e5k_A	positive
9e5r_B	9e5k_D	positive
9e5o_B	9elr_A	positive
9e5k_C	9e5t_B	positive
9e5r_A	9e5o_B	positive
9e5s_B	9e5j_B	positive
9elr_A	9e5o_A	positive
9e5h_A	9e5r_B	positive
4frn_B	9e5p_B	positive
9e5t_B	9e5q_B	positive
9e5k_A	4frg_X	positive
9e5m_A	9e5l_A	positive
4frn_B	4frg_X	positive
9e5o_B	4frg_X	positive
9e5h_B	9e5j_A	positive
4frg_X	9e5m_B	positive
9e5p_A	9e5l_B	positive
9e5l_A	9e5t_B	positive
4frn_B	9e5r_B	positive
9e5l_B	4frg_B	positive
9elr_A	9e5s_A	positive
9e5h_A	9e5j_A	positive
9e5o_B	9e5i_B	positive
9e5k_B	9e5r_B	positive
4frn_B	9e5q_B	positive
9e5r_B	9e5o_A	positive
9e5o_B	9e5s_B	positive
9e5s_B	9e5k_A	positive
4frn_A	9e5l_B	positive
9e5k_C	9e5m_B	positive
9e5m_B	4frg_B	positive
9e5r_B	9e5i_B	positive
9e5k_C	9e5j_B	positive
9e5k_D	9e5o_A	positive
9e5k_D	9e5p_B	positive
9e5o_B	9e5j_B	positive
9e5t_A	4frn_B	positive
9e5l_A	9e5m_B	positive
9e5p_A	9e5i_B	positive
9e5s_B	9e5l_B	positive
9e5k_C	9e5j_A	positive
9e5o_B	4frg_B	positive
4frn_B	4frg_B	positive
9e5j_A	9e5q_B	positive
9e5q_A	4frg_B	positive
9e5k_B	9elr_A	positive
9e5h_A	9e5i_A	positive
9e5h_B	9e5k_D	positive
9e5t_A	9e5s_B	positive
9e5k_B	9e5q_B	positive
9e5l_A	9e5p_A	positive
9e5m_A	9e5p_B	positive
9e5r_B	4frg_B	positive
9e5m_A	9e5t_B	positive
9e5m_B	9e5s_A	positive
9e5k_D	9mfh_A	positive
9e5r_B	9e5j_B	positive
9e5i_A	9e5l_B	positive
9e5i_B	9mfh_A	positive
9e5t_A	9e5j_B	positive
9e5r_A	9e5s_B	positive
9e5h_B	9e5i_B	positive
9e5r_A	9e5j_B	positive
9e5s_B	9e5q_A	positive
9e5r_A	9e5l_A	positive
9e5h_A	9e5k_A	positive
9e5k_B	9elr_B	positive
9e5t_A	9elr_A	positive
9e5p_B	9e5j_A	positive
9e5h_B	9e5i_A	positive
9elr_B	9e5q_B	positive
9e5m_A	9e5k_D	positive
4frg_X	9e5q_B	positive
9e5r_A	9e5t_A	positive
9e5o_B	4frn_B	positive
9e5k_B	9e5q_A	positive
9e5t_B	9e5p_B	positive
9e5r_A	9e5m_A	positive
9e5i_A	9e5q_A	positive
9e5h_A	9e5j_B	positive
9elr_A	9e5r_B	positive
4frn_B	9e5o_A	positive
9e5t_A	9e5i_B	positive
4frn_A	9e5q_B	positive
9e5p_B	9e5o_A	positive
9e5i_A	9e5p_B	positive
9elr_A	9e5j_A	positive
9e5m_A	9e5j_A	positive
9e5k_D	9e5q_B	positive
9e5k_C	9e5l_B	positive
9e5r_A	9e5k_C	positive
9e5t_A	9mfh_A	positive
9e5k_B	9e5l_A	positive
9e5p_A	9e5j_B	positive
9e5h_B	9e5l_B	positive
9e5r_A	9e5q_B	positive
9e5o_B	9e5p_B	positive
4frn_A	4frg_B	positive
4frn_B	9e5l_A	positive
9e5k_B	4frn_B	positive
9e5s_B	4frg_B	positive
9e5m_A	9e5s_A	positive
9e5h_A	9e5m_A	positive
9e5h_A	9e5k_D	positive
9e5o_B	9e5p_A	positive
4frn_B	9e5m_A	positive
9e5r_A	4frn_B	positive
9e5h_B	4frn_B	positive
4frn_A	9e5t_B	positive
4frg_X	9e5i_B	positive
9elr_B	9mfh_A	positive
4frn_B	9e5s_B	positive
4frn_A	9e5i_B	positive
9e5m_A	9e5p_A	positive
9e5o_B	9e5k_D	positive
9elr_B	9e5o_A	positive
9e5r_A	9e5l_B	positive
9e5h_A	4frn_A	positive
9e5m_A	9elr_B	positive
9e5p_A	9e5k_C	positive
9e5k_B	9e5i_B	positive
9e5s_B	9e5l_A	positive
9e5l_A	9e5s_A	positive
9e5h_A	9e5i_B	positive
9e5i_A	9e5s_B	positive
9elr_B	9e5j_B	positive
9e5k_D	9e5i_B	positive
4frg_B	9mfh_A	positive
9e5t_A	9e5j_A	positive
9e5h_B	9elr_B	positive
9e5r_B	9e5s_A	positive
9e5q_A	9e5m_B	positive
9e5r_A	9e5m_B	positive
9e5s_B	9e5j_A	positive
9e5p_A	9e5j_A	positive
4frn_A	9e5j_B	positive
9e5o_B	4frn_A	positive
9e5i_A	9e5k_D	positive
9e5i_B	4frg_B	positive
9e5t_A	9e5k_D	positive
9e5p_A	9mfh_A	positive
9elr_A	9e5t_B	positive
9e5r_A	9e5j_A	positive
9e5l_A	9mfh_A	positive
9e5l_B	9e5j_A	positive
9e5k_B	9e5s_A	positive
9e5o_B	9e5m_A	positive
9e5l_A	9e5k_D	positive
9e5m_A	9e5r_B	positive
9e5t_A	9e5o_A	positive
9e5l_B	9e5q_B	positive
9e5h_B	9e5q_B	positive
9e5o_B	9e5q_B	positive
9e5k_A	9e5j_A	positive
9e5h_B	9elr_A	positive
9e5j_B	9e5o_A	positive
9e5o_B	9e5r_B	positive
9e5q_A	9e5i_B	positive
4frg_X	9mfh_A	positive
9e5k_A	9elr_B	positive
9e5i_A	9e5k_A	positive
9e5q_B	9e5s_A	positive
9e5h_B	9e5p_B	positive
9e5l_B	9e5t_B	positive
9e5k_B	9e5l_B	positive
4frn_A	9e5p_B	positive
9e5h_B	4frg_B	positive
9e5l_B	9e5i_B	positive
9e5l_B	9mfh_A	positive
9e5i_B	9e5m_B	positive
9elr_A	9e5s_B	positive
4frg_B	9elr_B	positive
9e5r_A	9mfh_A	positive
9e5l_A	4frg_B	positive
9elr_A	9e5l_B	positive
9elr_B	9e5j_A	positive
9e5h_B	9e5m_B	positive
9e5s_B	9e5t_B	positive
9e5k_B	9e5j_A	positive
9e5q_A	9elr_B	positive
9e5i_A	4frn_A	positive
9e5q_A	9e5t_B	positive
9e5t_A	4frg_B	positive
9e5k_A	9e5r_B	positive
9elr_A	9e5k_D	positive
9e5q_A	9e5p_B	positive
4frn_A	9e5s_A	positive
9e5r_A	9e5k_A	positive
4frg_B	9e5s_A	positive
9elr_A	9e5q_A	positive
9e5h_B	9e5l_A	positive
9e5l_B	9e5p_B	positive
9e5r_A	9e5i_B	positive
9e5i_A	9e5p_A	positive
9e5r_B	9e5q_B	positive
9e5k_A	9e5l_A	positive
9e5t_A	9e5r_B	positive
9e5s_B	9e5p_B	positive
9e5i_A	9e5k_C	positive
4enb_A	4enc_A	positive
4enb_A	4ena_A	positive
4enb_A	3vrs_A	positive
4enb_A	4en5_A	positive
4enb_A	5kh8_A	positive
4enc_A	4ena_A	positive
4enc_A	3vrs_A	positive
4enc_A	4en5_A	positive
4enc_A	5kh8_A	positive
4ena_A	3vrs_A	positive
4ena_A	4en5_A	positive
4ena_A	5kh8_A	positive
3vrs_A	4en5_A	positive
3vrs_A	5kh8_A	positive
4en5_A	5kh8_A	positive
5ddp_B	5ddq_B	positive
5ddp_B	5ddr_B	positive
5ddp_B	5ddq_A	positive
5ddp_B	5ddr_A	positive
5ddp_A	5ddq_B	positive
5ddp_A	5ddr_B	positive
5ddp_A	5ddq_A	positive
5ddp_A	5ddr_A	positive
5ddq_B	5ddr_B	positive
5ddq_B	5ddr_A	positive
5ddr_B	5ddq_A	positive
5ddq_A	5ddr_A	positive
8vvj_A	8vqv_A	positive
8vvj_A	6wzr_A	positive
8vvj_A	9bzc_A	positive
8vvj_A	6wzs_B	positive
8vvj_A	6od9_A	positive
8vvj_A	4xw7_A	positive
8vvj_A	5btp_A	positive
8vvj_A	5btp_B	positive
8vvj_A	4znp_B	positive
8vvj_A	6od9_B	positive
8vvj_A	6wzr_B	positive
8vvj_A	4znp_A	positive
8vvj_A	4xwf_A	positive
8vvj_A	9bz1_B	positive
8vvj_A	6wzs_A	positive
8vvj_A	9bz1_A	positive
8vqv_A	6wzr_A	positive
8vqv_A	9bzc_A	positive
8vqv_A	6wzs_B	positive
8vqv_A	6od9_A	positive
8vqv_A	4xw7_A	positive
8vqv_A	5btp_A	positive
8vqv_A	5btp_B	positive
8vqv_A	4znp_B	positive
8vqv_A	6od9_B	positive
8vqv_A	6wzr_B	positive
8vqv_A	4znp_A	positive
8vqv_A	4xwf_A	positive
8vqv_A	9bz1_B	positive
8vqv_A	6wzs_A	positive
8vqv_A	9bz1_A	positive
6wzr_A	9bzc_A	positive
6wzr_A	6wzs_B	positive
6wzr_A	6od9_A	positive
6wzr_A	4xw7_A	positive
6wzr_A	5btp_A	positive
6wzr_A	5btp_B	positive
6wzr_A	4znp_B	positive
6wzr_A	6od9_B	positive
6wzr_A	4znp_A	positive
6wzr_A	4xwf_A	positive
6wzr_A	9bz1_B	positive
6wzr_A	6wzs_A	positive
6wzr_A	9bz1_A	positive
9bzc_A	6wzs_B	positive
9bzc_A	6od9_A	positive
9bzc_A	4xw7_A	positive
9bzc_A	5btp_A	positive
9bzc_A	5btp_B	positive
9bzc_A	4znp_B	positive
9bzc_A	6od9_B	positive
9bzc_A	6wzr_B	positive
9bzc_A	4znp_A	positive
9bzc_A	4xwf_A	positive
9bzc_A	9bz1_B	positive
9bzc_A	6wzs_A	positive
9bzc_A	9bz1_A	positive
6wzs_B	6od9_A	positive
6wzs_B	4xw7_A	positive
6wzs_B	5btp_A	positive
6wzs_B	5btp_B	positive
6wzs_B	4znp_B	positive
6wzs_B	6od9_B	positive
6wzs_B	6wzr_B	positive
6wzs_B	4znp_A	positive
6wzs_B	4xwf_A	positive
6wzs_B	9bz1_B	positive
6wzs_B	9bz1_A	positive
6od9_A	4xw7_A	positive
6od9_A	5btp_A	positive
6od9_A	5btp_B	positive
6od9_A	4znp_B	positive
6od9_A	6wzr_B	positive
6od9_A	4znp_A	positive
6od9_A	4xwf_A	positive
6od9_A	9bz1_B	positive
6od9_A	6wzs_A	positive
6od9_A	9bz1_A	positive
4xw7_A	5btp_A	positive
4xw7_A	5btp_B	positive
4xw7_A	4znp_B	positive
4xw7_A	6od9_B	positive
4xw7_A	6wzr_B	positive
4xw7_A	4znp_A	positive
4xw7_A	4xwf_A	positive
4xw7_A	9bz1_B	positive
4xw7_A	6wzs_A	positive
4xw7_A	9bz1_A	positive
5btp_A	4znp_B	positive
5btp_A	6od9_B	positive
5btp_A	6wzr_B	positive
5btp_A	4znp_A	positive
5btp_A	4xwf_A	positive
5btp_A	9bz1_B	positive
5btp_A	6wzs_A	positive
5btp_A	9bz1_A	positive
5btp_B	4znp_B	positive
5btp_B	6od9_B	positive
5btp_B	6wzr_B	positive
5btp_B	4znp_A	positive
5btp_B	4xwf_A	positive
5btp_B	9bz1_B	positive
5btp_B	6wzs_A	positive
5btp_B	9bz1_A	positive
4znp_B	6od9_B	positive
4znp_B	6wzr_B	positive
4znp_B	4xwf_A	positive
4znp_B	9bz1_B	positive
4znp_B	6wzs_A	positive
4znp_B	9bz1_A	positive
6od9_B	6wzr_B	positive
6od9_B	4znp_A	positive
6od9_B	4xwf_A	positive
6od9_B	9bz1_B	positive
6od9_B	6wzs_A	positive
6od9_B	9bz1_A	positive
6wzr_B	4znp_A	positive
6wzr_B	4xwf_A	positive
6wzr_B	9bz1_B	positive
6wzr_B	6wzs_A	positive
6wzr_B	9bz1_A	positive
4znp_A	4xwf_A	positive
4znp_A	9bz1_B	positive
4znp_A	6wzs_A	positive
4znp_A	9bz1_A	positive
4xwf_A	9bz1_B	positive
4xwf_A	6wzs_A	positive
4xwf_A	9bz1_A	positive
9bz1_B	6wzs_A	positive
6wzs_A	9bz1_A	positive
5nzd_B	5nz3_B	positive
5nzd_B	5o69_A	positive
5nzd_B	5nwq_A	positive
5nzd_B	5nz3_A	positive
5nzd_B	5o62_B	positive
5nzd_B	5ny8_B	positive
5nzd_B	5nwq_B	positive
5nzd_B	5nz6_A	positive
5nzd_B	5o62_A	positive
5nzd_B	5o69_B	positive
5nzd_B	5ny8_A	positive
5nz3_B	5o69_A	positive
5nz3_B	5nzd_A	positive
5nz3_B	5nwq_A	positive
5nz3_B	5o62_B	positive
5nz3_B	5ny8_B	positive
5nz3_B	5nwq_B	positive
5nz3_B	5nz6_A	positive
5nz3_B	5o62_A	positive
5nz3_B	5o69_B	positive
5nz3_B	5ny8_A	positive
5o69_A	5nzd_A	positive
5o69_A	5nwq_A	positive
5o69_A	5nz3_A	positive
5o69_A	5o62_B	positive
5o69_A	5ny8_B	positive
5o69_A	5nwq_B	positive
5o69_A	5nz6_A	positive
5o69_A	5o62_A	positive
5o69_A	5ny8_A	positive
5nzd_A	5nwq_A	positive
5nzd_A	5nz3_A	positive
5nzd_A	5o62_B	positive
5nzd_A	5ny8_B	positive
5nzd_A	5nwq_B	positive
5nzd_A	5nz6_A	positive
5nzd_A	5o62_A	positive
5nzd_A	5o69_B	positive
5nzd_A	5ny8_A	positive
5nwq_A	5nz3_A	positive
5nwq_A	5o62_B	positive
5nwq_A	5ny8_B	positive
5nwq_A	5nz6_A	positive
5nwq_A	5o62_A	positive
5nwq_A	5o69_B	positive
5nwq_A	5ny8_A	positive
5nz3_A	5o62_B	positive
5nz3_A	5ny8_B	positive
5nz3_A	5nwq_B	positive
5nz3_A	5nz6_A	positive
5nz3_A	5o62_A	positive
5nz3_A	5o69_B	positive
5nz3_A	5ny8_A	positive
5o62_B	5ny8_B	positive
5o62_B	5nwq_B	positive
5o62_B	5nz6_A	positive
5o62_B	5o69_B	positive
5o62_B	5ny8_A	positive
5ny8_B	5nwq_B	positive
5ny8_B	5nz6_A	positive
5ny8_B	5o62_A	positive
5ny8_B	5o69_B	positive
5nwq_B	5nz6_A	positive
5nwq_B	5o62_A	positive
5nwq_B	5o69_B	positive
5nwq_B	5ny8_A	positive
5nz6_A	5o62_A	positive
5nz6_A	5o69_B	positive
5nz6_A	5ny8_A	positive
5o62_A	5o69_B	positive
5o62_A	5ny8_A	positive
5o69_B	5ny8_A	positive
9ec4_M	8uta_R	positive
9ec4_M	9ebv_M	positive
9ec4_M	9ebp_M	positive
9ec4_M	9ebv_A	positive
9ec4_M	8uta_N	positive
9ec4_M	9ebp_A	positive
9ec4_M	8uiw_R	positive
9ec4_M	8uiw_N	positive
8uta_R	9ec4_A	positive
8uta_R	9ebv_M	positive
8uta_R	9ebp_M	positive
8uta_R	9ebv_A	positive
8uta_R	9ebp_A	positive
8uta_R	8uiw_R	positive
8uta_R	8uiw_N	positive
9ec4_A	9ebv_M	positive
9ec4_A	9ebp_M	positive
9ec4_A	9ebv_A	positive
9ec4_A	8uta_N	positive
9ec4_A	9ebp_A	positive
9ec4_A	8uiw_R	positive
9ec4_A	8uiw_N	positive
9ebv_M	9ebp_M	positive
9ebv_M	8uta_N	positive
9ebv_M	9ebp_A	positive
9ebv_M	8uiw_R	positive
9ebv_M	8uiw_N	positive
9ebp_M	9ebv_A	positive
9ebp_M	8uta_N	positive
9ebp_M	8uiw_R	positive
9ebp_M	8uiw_N	positive
9ebv_A	8uta_N	positive
9ebv_A	9ebp_A	positive
9ebv_A	8uiw_R	positive
9ebv_A	8uiw_N	positive
8uta_N	9ebp_A	positive
8uta_N	8uiw_R	positive
8uta_N	8uiw_N	positive
9ebp_A	8uiw_R	positive
9ebp_A	8uiw_N	positive
4lvz_A	3suh_X	positive
4lvz_A	3sux_X	positive
4lvz_A	3sd3_A	positive
4lvz_A	4lvv_A	positive
4lvz_A	4lw0_A	positive
4lvz_A	4lvy_A	positive
4lvz_A	7kd1_A	positive
4lvz_A	3suy_X	positive
4lvz_A	4lvx_A	positive
4lvz_A	4lvw_A	positive
4lvz_A	6q57_A	positive
3suh_X	3sux_X	positive
3suh_X	3sd3_A	positive
3suh_X	4lvv_A	positive
3suh_X	4lw0_A	positive
3suh_X	4lvy_A	positive
3suh_X	7kd1_A	positive
3suh_X	3suy_X	positive
3suh_X	4lvx_A	positive
3suh_X	4lvw_A	positive
3suh_X	6q57_A	positive
3sux_X	3sd3_A	positive
3sux_X	4lvv_A	positive
3sux_X	4lw0_A	positive
3sux_X	4lvy_A	positive
3sux_X	7kd1_A	positive
3sux_X	3suy_X	positive
3sux_X	4lvx_A	positive
3sux_X	4lvw_A	positive
3sux_X	6q57_A	positive
3sd3_A	4lvv_A	positive
3sd3_A	4lw0_A	positive
3sd3_A	4lvy_A	positive
3sd3_A	7kd1_A	positive
3sd3_A	3suy_X	positive
3sd3_A	4lvx_A	positive
3sd3_A	4lvw_A	positive
3sd3_A	6q57_A	positive
4lvv_A	4lw0_A	positive
4lvv_A	4lvy_A	positive
4lvv_A	7kd1_A	positive
4lvv_A	3suy_X	positive
4lvv_A	4lvx_A	positive
4lvv_A	4lvw_A	positive
4lvv_A	6q57_A	positive
4lw0_A	4lvy_A	positive
4lw0_A	7kd1_A	positive
4lw0_A	3suy_X	positive
4lw0_A	4lvx_A	positive
4lw0_A	4lvw_A	positive
4lw0_A	6q57_A	positive
4lvy_A	7kd1_A	positive
4lvy_A	3suy_X	positive
4lvy_A	4lvx_A	positive
4lvy_A	4lvw_A	positive
4lvy_A	6q57_A	positive
7kd1_A	3suy_X	positive
7kd1_A	4lvx_A	positive
7kd1_A	4lvw_A	positive
7kd1_A	6q57_A	positive
3suy_X	4lvx_A	positive
3suy_X	4lvw_A	positive
3suy_X	6q57_A	positive
4lvx_A	4lvw_A	positive
4lvx_A	6q57_A	positive
4lvw_A	6q57_A	positive
7d5t_3A	9n76_L2	positive
7d5t_3A	6rxz_C2	positive
6rxt_C2	9n70_L2	positive
9n74_L2	6rxx_C2	positive
6rxz_C2	5jpq_3	positive
6rxu_C2	9n74_L2	positive
6zqd_D4	9n73_L2	positive
6zqe_D4	6rxz_C2	positive
6zqd_D4	9n70_L2	positive
7aju_D4	5jpq_3	positive
6rxu_C2	6rxy_C2	positive
7d4i_3A	6rxx_C2	positive
6rxv_C2	7aju_D4	positive
6rxz_C2	9n76_L2	positive
9n75_L2	6zqe_D4	positive
9n70_L2	6lqs_3A	positive
6rxv_C2	9n73_L2	positive
7d5t_3A	7aju_D4	positive
9n75_L2	6rxv_C2	positive
6rxv_C2	9n72_L2	positive
6zqc_D4	5jpq_3	positive
6rxy_C2	5jpq_3	positive
6rxt_C2	5jpq_3	positive
9n75_L2	9n70_L2	positive
9n74_L2	9n78_L2	positive
9n77_L2	5jpq_3	positive
7d4i_3A	9n78_L2	positive
7ajt_D4	5jpq_3	positive
7d5t_3A	6rxx_C2	positive
5oql_2	7d4i_3A	positive
6rxx_C2	6lqs_3A	positive
6rxt_C2	7aju_D4	positive
7d4i_3A	7ajt_D4	positive
6rxv_C2	6lqs_3A	positive
6rxu_C2	6rxt_C2	positive
6zqe_D4	6rxx_C2	positive
9n74_L2	6rxt_C2	positive
6zqd_D4	6rxv_C2	positive
9n76_L2	5jpq_3	positive
7d5t_3A	5jpq_3	positive
9n74_L2	9n70_L2	positive
6rxz_C2	9n78_L2	positive
6zqe_D4	6rxu_C2	positive
6zqe_D4	6zqd_D4	positive
7d4i_3A	9n70_L2	positive
9n76_L2	9n73_L2	positive
9n75_L2	6rxx_C2	positive
9n75_L2	9n72_L2	positive
9n72_L2	9n76_L2	positive
6zqe_D4	9n72_L2	positive
5oql_2	6zqd_D4	positive
7aju_D4	9n76_L2	positive
9n75_L2	6rxt_C2	positive
5oql_2	6rxt_C2	positive
6zqe_D4	7d4i_3A	positive
7d4i_3A	9n74_L2	positive
5oql_2	6rxu_C2	positive
6zqe_D4	7d5t_3A	positive
7aju_D4	9n70_L2	positive
6rxu_C2	6rxz_C2	positive
6rxz_C2	6rxy_C2	positive
9n72_L2	9n70_L2	positive
9n76_L2	6rxy_C2	positive
6rxy_C2	9n73_L2	positive
7d4i_3A	6rxt_C2	positive
9n77_L2	9n78_L2	positive
9n74_L2	9n72_L2	positive
6rxt_C2	6rxx_C2	positive
6rxx_C2	5jpq_3	positive
5oql_2	5jpq_3	positive
9n75_L2	7aju_D4	positive
7d5t_3A	9n72_L2	positive
5oql_2	6rxz_C2	positive
6rxu_C2	5jpq_3	positive
6rxt_C2	6lqs_3A	positive
9n75_L2	6rxy_C2	positive
9n75_L2	7d5t_3A	positive
5oql_2	7ajt_D4	positive
9n74_L2	9n73_L2	positive
9n72_L2	6rxz_C2	positive
9n75_L2	9n78_L2	positive
6zqc_D4	9n73_L2	positive
9n74_L2	9n76_L2	positive
9n75_L2	9n76_L2	positive
7d5t_3A	7ajt_D4	positive
6rxu_C2	6rxv_C2	positive
6zqc_D4	6rxu_C2	positive
9n70_L2	9n78_L2	positive
6rxt_C2	9n73_L2	positive
9n75_L2	9n77_L2	positive
9n74_L2	6rxv_C2	positive
6zqd_D4	7d4i_3A	positive
7d4i_3A	6rxy_C2	positive
9n75_L2	7ajt_D4	positive
7ajt_D4	6rxz_C2	positive
6zqd_D4	9n77_L2	positive
9n75_L2	9n73_L2	positive
5oql_2	7aju_D4	positive
7d4i_3A	9n76_L2	positive
6rxx_C2	9n73_L2	positive
9n72_L2	9n78_L2	positive
5oql_2	9n70_L2	positive
7d4i_3A	9n73_L2	positive
7d5t_3A	9n70_L2	positive
9n77_L2	6lqs_3A	positive
9n72_L2	6lqs_3A	positive
9n72_L2	7aju_D4	positive
9n72_L2	9n77_L2	positive
5oql_2	9n78_L2	positive
6rxu_C2	7aju_D4	positive
9n74_L2	7aju_D4	positive
7aju_D4	6rxx_C2	positive
6rxv_C2	9n76_L2	positive
6rxv_C2	6rxy_C2	positive
6rxv_C2	9n77_L2	positive
7aju_D4	6rxz_C2	positive
6rxu_C2	9n77_L2	positive
7d5t_3A	6rxv_C2	positive
6zqc_D4	6rxx_C2	positive
6zqc_D4	6rxv_C2	positive
6zqe_D4	6zqc_D4	positive
6zqe_D4	9n78_L2	positive
5oql_2	7d5t_3A	positive
9n73_L2	9n78_L2	positive
7d5t_3A	9n78_L2	positive
7d4i_3A	7aju_D4	positive
7d5t_3A	6zqc_D4	positive
6zqe_D4	6rxy_C2	positive
6rxt_C2	9n72_L2	positive
6zqc_D4	6rxz_C2	positive
7d5t_3A	6rxt_C2	positive
6zqd_D4	6rxx_C2	positive
6rxu_C2	9n73_L2	positive
6zqd_D4	9n78_L2	positive
9n78_L2	5jpq_3	positive
6zqc_D4	7d4i_3A	positive
6zqc_D4	7ajt_D4	positive
6rxz_C2	6rxx_C2	positive
5oql_2	6rxy_C2	positive
5oql_2	9n72_L2	positive
7d5t_3A	9n77_L2	positive
7ajt_D4	9n73_L2	positive
6rxv_C2	9n70_L2	positive
6zqc_D4	9n76_L2	positive
6zqc_D4	9n77_L2	positive
7d5t_3A	9n73_L2	positive
6rxx_C2	6rxy_C2	positive
9n72_L2	9n73_L2	positive
6rxz_C2	6lqs_3A	positive
6zqd_D4	6rxz_C2	positive
9n75_L2	6zqd_D4	positive
6zqd_D4	7d5t_3A	positive
7aju_D4	6lqs_3A	positive
9n72_L2	6rxy_C2	positive
6zqe_D4	9n70_L2	positive
6rxu_C2	6rxx_C2	positive
6zqc_D4	6lqs_3A	positive
6rxz_C2	9n70_L2	positive
9n73_L2	5jpq_3	positive
9n73_L2	6lqs_3A	positive
6rxu_C2	9n76_L2	positive
9n77_L2	6rxx_C2	positive
6rxt_C2	7ajt_D4	positive
6rxu_C2	7ajt_D4	positive
7d5t_3A	6rxu_C2	positive
6zqc_D4	7aju_D4	positive
6rxy_C2	6lqs_3A	positive
6zqd_D4	9n74_L2	positive
9n74_L2	6lqs_3A	positive
6zqd_D4	6rxt_C2	positive
6zqd_D4	7ajt_D4	positive
7d4i_3A	5jpq_3	positive
7ajt_D4	6lqs_3A	positive
7ajt_D4	6rxy_C2	positive
9n75_L2	6zqc_D4	positive
5oql_2	9n76_L2	positive
9n72_L2	6rxx_C2	positive
7d5t_3A	6lqs_3A	positive
7d4i_3A	6rxu_C2	positive
7aju_D4	6rxy_C2	positive
6rxu_C2	9n78_L2	positive
6zqd_D4	9n72_L2	positive
6zqe_D4	6rxv_C2	positive
6zqe_D4	9n74_L2	positive
6zqe_D4	7ajt_D4	positive
9n70_L2	5jpq_3	positive
7aju_D4	9n78_L2	positive
6rxz_C2	9n73_L2	positive
7aju_D4	9n77_L2	positive
9n77_L2	6rxy_C2	positive
6rxv_C2	7ajt_D4	positive
9n70_L2	9n73_L2	positive
6zqe_D4	9n73_L2	positive
9n76_L2	6rxx_C2	positive
9n75_L2	5jpq_3	positive
5oql_2	9n73_L2	positive
6zqc_D4	9n72_L2	positive
7ajt_D4	9n78_L2	positive
7d4i_3A	6rxv_C2	positive
9n74_L2	6rxy_C2	positive
3w1k_H	7ur5_v	positive
5lzc_y	3add_D	positive
3add_C	3w1k_G	positive
3w1k_H	3add_D	positive
4zdp_E	5lzc_y	positive
4zdp_E	7uri_y	positive
7ur5_y	5lzd_y	positive
3a3a_A	3adc_C	positive
7zjw_F	7ur5_v	positive
8g9z_E	4rqe_B	positive
5lzb_y	3adb_D	positive
5lzc_y	3w1k_I	positive
3w1k_H	7mdl_E	positive
5lze_y	3rg5_B	positive
3w1k_H	5lze_y	positive
3adb_D	7ur5_y	positive
3rg5_A	5lzf_y	positive
3adb_D	3add_D	positive
7mdl_E	3w1k_F	positive
7ur5_v	4rqf_C	positive
3rg5_A	3adb_D	positive
3w1k_H	5lzd_y	positive
3adc_D	3w1k_G	positive
7ur5_y	3w1k_J	positive
7mdl_E	3w1k_J	positive
7urm_v	3rg5_A	positive
8g9z_E	5lzf_y	positive
4rqe_D	3w1k_J	positive
7ur5_w	3w1k_J	positive
3adc_D	3hl2_E	positive
3rg5_A	7ur5_v	positive
7zjw_F	7ur5_y	positive
3rg5_A	7uri_y	positive
3add_D	3adc_C	positive
8g9z_E	7mdl_E	positive
7ur5_w	3w1k_I	positive
5lzc_y	4rqe_D	positive
5lzb_y	3rg5_B	positive
7ur5_w	5lzc_y	positive
7ur5_v	5lzf_y	positive
7zjw_F	4rqe_D	positive
3w1k_H	3adb_D	positive
3w3s_B	3add_D	positive
5lzf_y	4rqe_B	positive
7ur5_v	7uri_y	positive
5lzc_y	4rqf_C	positive
4zdp_E	3w1k_F	positive
3add_C	8g9z_E	positive
3adc_C	4rqf_C	positive
3add_C	5lze_y	positive
8g9z_E	3w1k_I	positive
7ur5_w	3w1k_G	positive
7urm_v	4rqe_B	positive
8g9z_E	3adc_C	positive
3adb_C	4rqf_C	positive
3adb_D	3rg5_B	positive
3w3s_B	3adc_C	positive
7urm_v	4zdp_E	positive
7ur5_w	3hl2_E	positive
5lze_y	7uri_y	positive
4rqe_B	3adc_C	positive
5lzf_y	3rg5_B	positive
7zjw_F	7ur5_w	positive
7zjw_F	8g9z_E	positive
3w1k_H	3rg5_A	positive
7zjw_F	5lzd_y	positive
3adc_D	3a3a_A	positive
7ur5_v	3add_D	positive
3rg5_A	4zdo_E	positive
4zdp_E	3hl2_E	positive
7ur5_w	3w1k_F	positive
3w1k_H	4rqe_B	positive
3w1k_F	4rqf_C	positive
4zdp_E	3adc_D	positive
7ur5_v	3a3a_A	positive
7ur5_v	3hl2_E	positive
3adb_C	4rqe_D	positive
3adb_C	8g9z_E	positive
7urm_v	7ur5_w	positive
3rg5_A	5lzd_y	positive
3rg5_A	4rqf_C	positive
5lze_y	4rqe_D	positive
3adb_D	3w1k_I	positive
5lzb_y	4zdp_E	positive
5lzc_y	3adc_C	positive
3rg5_B	3adc_C	positive
3add_C	7uri_y	positive
3adb_C	5lzf_y	positive
3w1k_G	3hl2_E	positive
3a3a_A	7mdl_E	positive
3adc_D	3w1k_J	positive
3rg5_B	3w1k_J	positive
5lze_y	4rqf_C	positive
3add_C	3adc_D	positive
7ur5_v	3w1k_J	positive
5lzb_y	3hl2_E	positive
3a3a_A	3hl2_E	positive
7urm_v	3w1k_J	positive
7urm_v	5lzc_y	positive
4zdo_E	3w3s_B	positive
3adb_C	3w1k_G	positive
3add_C	4zdo_E	positive
5lzc_y	3w3s_B	positive
4rqe_B	3add_D	positive
4rqe_D	3rg5_B	positive
3w3s_B	7mdl_E	positive
5lzd_y	4rqf_C	positive
4rqe_B	4rqf_C	positive
5lzb_y	3w1k_I	positive
4zdo_E	3w1k_F	positive
5lze_y	3adc_C	positive
3add_C	3a3a_A	positive
7uri_y	3adc_C	positive
3a3a_A	3w3s_B	positive
7zjw_F	3adc_C	positive
5lzb_y	8g9z_E	positive
3rg5_A	3w1k_J	positive
4zdp_E	3w1k_I	positive
7ur5_y	3w1k_I	positive
3w1k_H	3rg5_B	positive
7ur5_y	4rqf_C	positive
8g9z_E	3adb_D	positive
8g9z_E	3hl2_E	positive
3w1k_I	3adc_C	positive
3rg5_A	7mdl_E	positive
7urm_v	5lzd_y	positive
4rqe_D	7mdl_E	positive
5lzf_y	4rqf_C	positive
7urm_v	4zdo_E	positive
7urm_v	3a3a_A	positive
7ur5_w	4rqe_B	positive
5lzf_y	7mdl_E	positive
5lzc_y	4zdo_E	positive
7zjw_F	3adc_D	positive
3w3s_B	3w1k_I	positive
8g9z_E	7uri_y	positive
5lze_y	3w1k_J	positive
4rqe_B	3w1k_I	positive
3add_C	4rqe_B	positive
3a3a_A	3w1k_F	positive
3hl2_E	7uri_y	positive
3w1k_F	3adc_C	positive
5lzb_y	7ur5_w	positive
3adb_C	3hl2_E	positive
5lze_y	3adb_D	positive
3adb_D	3w1k_J	positive
5lzf_y	3add_D	positive
7ur5_y	3hl2_E	positive
7zjw_F	4rqe_B	positive
3add_C	3w1k_F	positive
5lzb_y	3adc_C	positive
7zjw_F	7uri_y	positive
7uri_y	3w1k_J	positive
7uri_y	4rqf_C	positive
5lze_y	3w1k_F	positive
7zjw_F	3w1k_G	positive
4rqe_D	3w3s_B	positive
8g9z_E	5lzd_y	positive
5lzd_y	3hl2_E	positive
5lzb_y	3rg5_A	positive
3w1k_H	7urm_v	positive
3adb_C	7uri_y	positive
3adb_D	3adc_C	positive
4rqe_D	3w1k_F	positive
4zdo_E	3add_D	positive
3adb_D	3w1k_F	positive
3adb_C	5lzc_y	positive
3add_D	4rqf_C	positive
3adc_D	5lzd_y	positive
7zjw_F	4rqf_C	positive
3adb_D	7mdl_E	positive
3adb_C	3w1k_I	positive
7urm_v	3adc_C	positive
3adb_C	7mdl_E	positive
5lzf_y	4rqe_D	positive
4rqe_B	3a3a_A	positive
3w1k_H	7ur5_y	positive
3rg5_A	3a3a_A	positive
8g9z_E	3w1k_F	positive
5lze_y	7ur5_y	positive
5lzf_y	3w1k_F	positive
4zdo_E	3w1k_G	positive
7urm_v	8g9z_E	positive
3w1k_G	4rqf_C	positive
3hl2_E	3w1k_J	positive
8g9z_E	3adc_D	positive
3w1k_G	3w3s_B	positive
4rqe_D	7ur5_y	positive
5lzb_y	4zdo_E	positive
4zdo_E	3adc_C	positive
5lzf_y	7uri_y	positive
3a3a_A	3add_D	positive
3rg5_A	3add_D	positive
8g9z_E	3w1k_J	positive
3adb_C	3w1k_J	positive
3adc_C	3w1k_J	positive
4rqe_B	7uri_y	positive
3adb_C	7ur5_v	positive
3adb_C	7ur5_w	positive
3adb_C	5lze_y	positive
7o5b_W	4ue4_A	positive
7o5b_W	4wfm_B	positive
7o5b_W	4wfl_A	positive
7o5b_W	4wfm_A	positive
4ue4_A	4wfm_B	positive
4ue4_A	4wfl_A	positive
4ue4_A	4wfm_A	positive
4wfm_B	4wfl_A	positive
4wfl_A	4wfm_A	positive
9cxf_A	9e75_A	positive
9cxf_A	9ely_A	positive
9cxf_A	9e74_A	positive
9cxf_A	9g7c_A	positive
9cxf_A	9e73_A	positive
9e75_A	9ely_A	positive
9e75_A	9e74_A	positive
9e75_A	9g7c_A	positive
9e75_A	9e73_A	positive
9ely_A	9e74_A	positive
9ely_A	9g7c_A	positive
9ely_A	9e73_A	positive
9e74_A	9g7c_A	positive
9e74_A	9e73_A	positive
9g7c_A	9e73_A	positive
7aih_1	6hiv_CA	positive
7aih_1	7ane_1	positive
7aih_1	6hiy_CA	positive
7aih_1	7aor_2	positive
7aih_1	7am2_1	positive
7aih_1	7ane_2	positive
7aih_1	6hiw_CA	positive
6hiv_CA	7ane_1	positive
6hiv_CA	6hiy_CA	positive
6hiv_CA	7aor_2	positive
6hiv_CA	7am2_1	positive
6hiv_CA	7ane_2	positive
6hiv_CA	6hiw_CA	positive
7ane_1	6hiy_CA	positive
7ane_1	7aor_2	positive
7ane_1	7am2_1	positive
7ane_1	6hiw_CA	positive
6hiy_CA	7aor_2	positive
6hiy_CA	7am2_1	positive
6hiy_CA	7ane_2	positive
6hiy_CA	6hiw_CA	positive
7aor_2	7am2_1	positive
7aor_2	7ane_2	positive
7aor_2	6hiw_CA	positive
7am2_1	7ane_2	positive
7am2_1	6hiw_CA	positive
7ane_2	6hiw_CA	positive
7aih_1	7ane_1	positive
7aih_1	7aor_2	positive
7aih_1	7am2_1	positive
7aih_1	7ane_2	positive
7aih_1	6yxy_AA	positive
7aih_1	6yxx_AA	positive
7aih_1	6hiv_AA	positive
7aih_1	7aoi_AA	positive
7aih_1	6hix_AA	positive
7ane_1	7aor_2	positive
7ane_1	7am2_1	positive
7ane_1	6yxy_AA	positive
7ane_1	6yxx_AA	positive
7ane_1	6hiv_AA	positive
7ane_1	7aoi_AA	positive
7ane_1	6hix_AA	positive
7aor_2	7am2_1	positive
7aor_2	7ane_2	positive
7aor_2	6yxy_AA	positive
7aor_2	6yxx_AA	positive
7aor_2	6hiv_AA	positive
7aor_2	7aoi_AA	positive
7aor_2	6hix_AA	positive
7am2_1	7ane_2	positive
7am2_1	6yxy_AA	positive
7am2_1	6yxx_AA	positive
7am2_1	6hiv_AA	positive
7am2_1	7aoi_AA	positive
7am2_1	6hix_AA	positive
7ane_2	6yxy_AA	positive
7ane_2	6yxx_AA	positive
7ane_2	6hiv_AA	positive
7ane_2	7aoi_AA	positive
7ane_2	6hix_AA	positive
6yxy_AA	6yxx_AA	positive
6yxy_AA	6hiv_AA	positive
6yxy_AA	7aoi_AA	positive
6yxy_AA	6hix_AA	positive
6yxx_AA	6hiv_AA	positive
6yxx_AA	7aoi_AA	positive
6yxx_AA	6hix_AA	positive
6hiv_AA	7aoi_AA	positive
6hiv_AA	6hix_AA	positive
7aoi_AA	6hix_AA	positive
6jq5_A	6jq6_U	positive
6jq5_B	6jq6_U	positive
5ktj_C	6ufj_A	positive
5ktj_C	6ufk_C	positive
5ktj_C	6ufk_A	positive
5ktj_C	6uey_C	positive
5ktj_C	6ufj_C	positive
5ktj_C	6uey_A	positive
5ktj_C	6uf1_C	positive
5ktj_C	6uf1_A	positive
6ufj_A	6ufk_C	positive
6ufj_A	5ktj_A	positive
6ufj_A	6ufk_A	positive
6ufj_A	6uey_C	positive
6ufj_A	6uey_A	positive
6ufj_A	6uf1_C	positive
6ufj_A	6uf1_A	positive
6ufk_C	5ktj_A	positive
6ufk_C	6uey_C	positive
6ufk_C	6ufj_C	positive
6ufk_C	6uey_A	positive
6ufk_C	6uf1_C	positive
6ufk_C	6uf1_A	positive
5ktj_A	6ufk_A	positive
5ktj_A	6uey_C	positive
5ktj_A	6ufj_C	positive
5ktj_A	6uey_A	positive
5ktj_A	6uf1_C	positive
5ktj_A	6uf1_A	positive
6ufk_A	6uey_C	positive
6ufk_A	6ufj_C	positive
6ufk_A	6uey_A	positive
6ufk_A	6uf1_C	positive
6ufk_A	6uf1_A	positive
6uey_C	6ufj_C	positive
6uey_C	6uf1_C	positive
6uey_C	6uf1_A	positive
6ufj_C	6uey_A	positive
6ufj_C	6uf1_C	positive
6ufj_C	6uf1_A	positive
6uey_A	6uf1_C	positive
6uey_A	6uf1_A	positive
8vpv_A	8toz_A	positive
8vpv_A	6xkn_A	positive
8vpv_A	4rzd_A	positive
8vpv_A	6xko_A	positive
8toz_A	6xkn_A	positive
8toz_A	4rzd_A	positive
8toz_A	6xko_A	positive
6xkn_A	4rzd_A	positive
6xkn_A	6xko_A	positive
4rzd_A	6xko_A	positive
5y85_D	5y87_B	positive
5y85_D	5y87_D	positive
5y87_B	5y85_B	positive
5y87_D	5y85_B	positive
3hjw_D	3lwv_D	positive
3hjw_D	3lwr_D	positive
3hjw_D	3lwq_D	positive
3hjw_D	3lwo_D	positive
3hjw_D	3lwp_D	positive
3lwv_D	3lwr_D	positive
3lwv_D	3lwq_D	positive
3lwv_D	3lwo_D	positive
3lwv_D	3lwp_D	positive
3lwr_D	3lwq_D	positive
3lwr_D	3lwo_D	positive
3lwr_D	3lwp_D	positive
3lwq_D	3lwo_D	positive
3lwq_D	3lwp_D	positive
3lwo_D	3lwp_D	positive
9kph_A	9kpo_B	positive
9kph_A	9kpo_A	positive
9kpo_B	9kph_B	positive
9kpo_A	9kph_B	positive
7wie_V	8xzq_A	positive
7wie_V	7wif_V	positive
7wie_V	7wia_V	positive
7wie_V	8xzr_A	positive
7wie_V	7wi9_V	positive
7wie_V	8xzw_A	positive
7wie_V	7wib_V	positive
7wie_V	8xze_A	positive
7wie_V	8xzk_A	positive
7wie_V	8xzn_A	positive
7wie_V	8xzl_A	positive
7wie_V	8xzo_A	positive
7wie_V	7wii_V	positive
7wie_V	8xzp_A	positive
7wie_V	8xzm_A	positive
8xzq_A	7wif_V	positive
8xzq_A	7wia_V	positive
8xzq_A	8xzr_A	positive
8xzq_A	7wi9_V	positive
8xzq_A	8xzw_A	positive
8xzq_A	7wib_V	positive
8xzq_A	8xze_A	positive
8xzq_A	8xzk_A	positive
8xzq_A	8xzn_A	positive
8xzq_A	8xzl_A	positive
8xzq_A	8xzo_A	positive
8xzq_A	7wii_V	positive
8xzq_A	8xzp_A	positive
8xzq_A	8xzm_A	positive
7wif_V	7wia_V	positive
7wif_V	8xzr_A	positive
7wif_V	7wi9_V	positive
7wif_V	8xzw_A	positive
7wif_V	7wib_V	positive
7wif_V	8xze_A	positive
7wif_V	8xzk_A	positive
7wif_V	8xzn_A	positive
7wif_V	8xzl_A	positive
7wif_V	8xzo_A	positive
7wif_V	7wii_V	positive
7wif_V	8xzp_A	positive
7wif_V	8xzm_A	positive
7wia_V	8xzr_A	positive
7wia_V	7wi9_V	positive
7wia_V	8xzw_A	positive
7wia_V	7wib_V	positive
7wia_V	8xze_A	positive
7wia_V	8xzk_A	positive
7wia_V	8xzn_A	positive
7wia_V	8xzl_A	positive
7wia_V	8xzo_A	positive
7wia_V	7wii_V	positive
7wia_V	8xzp_A	positive
7wia_V	8xzm_A	positive
8xzr_A	7wi9_V	positive
8xzr_A	8xzw_A	positive
8xzr_A	7wib_V	positive
8xzr_A	8xze_A	positive
8xzr_A	8xzk_A	positive
8xzr_A	8xzn_A	positive
8xzr_A	8xzl_A	positive
8xzr_A	8xzo_A	positive
8xzr_A	7wii_V	positive
8xzr_A	8xzp_A	positive
8xzr_A	8xzm_A	positive
7wi9_V	8xzw_A	positive
7wi9_V	7wib_V	positive
7wi9_V	8xze_A	positive
7wi9_V	8xzk_A	positive
7wi9_V	8xzn_A	positive
7wi9_V	8xzl_A	positive
7wi9_V	8xzo_A	positive
7wi9_V	7wii_V	positive
7wi9_V	8xzp_A	positive
7wi9_V	8xzm_A	positive
8xzw_A	7wib_V	positive
8xzw_A	8xze_A	positive
8xzw_A	8xzk_A	positive
8xzw_A	8xzn_A	positive
8xzw_A	8xzl_A	positive
8xzw_A	8xzo_A	positive
8xzw_A	7wii_V	positive
8xzw_A	8xzp_A	positive
8xzw_A	8xzm_A	positive
7wib_V	8xze_A	positive
7wib_V	8xzk_A	positive
7wib_V	8xzn_A	positive
7wib_V	8xzl_A	positive
7wib_V	8xzo_A	positive
7wib_V	7wii_V	positive
7wib_V	8xzp_A	positive
7wib_V	8xzm_A	positive
8xze_A	8xzk_A	positive
8xze_A	8xzn_A	positive
8xze_A	8xzl_A	positive
8xze_A	8xzo_A	positive
8xze_A	7wii_V	positive
8xze_A	8xzp_A	positive
8xze_A	8xzm_A	positive
8xzk_A	8xzn_A	positive
8xzk_A	8xzl_A	positive
8xzk_A	8xzo_A	positive
8xzk_A	7wii_V	positive
8xzk_A	8xzp_A	positive
8xzk_A	8xzm_A	positive
8xzn_A	8xzl_A	positive
8xzn_A	8xzo_A	positive
8xzn_A	7wii_V	positive
8xzn_A	8xzp_A	positive
8xzn_A	8xzm_A	positive
8xzl_A	8xzo_A	positive
8xzl_A	7wii_V	positive
8xzl_A	8xzp_A	positive
8xzl_A	8xzm_A	positive
8xzo_A	7wii_V	positive
8xzo_A	8xzp_A	positive
8xzo_A	8xzm_A	positive
7wii_V	8xzp_A	positive
7wii_V	8xzm_A	positive
8xzp_A	8xzm_A	positive
7d7w_A	6tff_A	positive
7d7w_A	6tfe_A	positive
7d7w_A	7d7y_A	positive
7d7w_A	7d7v_A	positive
7d7w_A	6tfh_A	positive
7d7w_A	6tf2_A	positive
7d7w_A	7d7z_A	positive
7d7w_A	7d81_A	positive
7d7w_A	7d82_A	positive
7d7w_A	7d7x_A	positive
7d7w_A	6tb7_A	positive
7d7w_A	6tf0_A	positive
7d7w_A	6tf3_A	positive
7d7w_A	6tf1_A	positive
7d7w_A	6tfg_A	positive
6tff_A	6tfe_A	positive
6tff_A	7d7y_A	positive
6tff_A	7d7v_A	positive
6tff_A	6tfh_A	positive
6tff_A	6tf2_A	positive
6tff_A	7d7z_A	positive
6tff_A	7d81_A	positive
6tff_A	7d82_A	positive
6tff_A	7d7x_A	positive
6tff_A	6tb7_A	positive
6tff_A	6tf0_A	positive
6tff_A	6tf3_A	positive
6tff_A	6tf1_A	positive
6tff_A	6tfg_A	positive
6tfe_A	7d7y_A	positive
6tfe_A	7d7v_A	positive
6tfe_A	6tfh_A	positive
6tfe_A	6tf2_A	positive
6tfe_A	7d7z_A	positive
6tfe_A	7d81_A	positive
6tfe_A	7d82_A	positive
6tfe_A	7d7x_A	positive
6tfe_A	6tb7_A	positive
6tfe_A	6tf0_A	positive
6tfe_A	6tf3_A	positive
6tfe_A	6tf1_A	positive
6tfe_A	6tfg_A	positive
7d7y_A	7d7v_A	positive
7d7y_A	6tfh_A	positive
7d7y_A	6tf2_A	positive
7d7y_A	7d7z_A	positive
7d7y_A	7d81_A	positive
7d7y_A	7d82_A	positive
7d7y_A	7d7x_A	positive
7d7y_A	6tb7_A	positive
7d7y_A	6tf0_A	positive
7d7y_A	6tf3_A	positive
7d7y_A	6tf1_A	positive
7d7y_A	6tfg_A	positive
7d7v_A	6tfh_A	positive
7d7v_A	6tf2_A	positive
7d7v_A	7d7z_A	positive
7d7v_A	7d81_A	positive
7d7v_A	7d82_A	positive
7d7v_A	7d7x_A	positive
7d7v_A	6tb7_A	positive
7d7v_A	6tf0_A	positive
7d7v_A	6tf3_A	positive
7d7v_A	6tf1_A	positive
7d7v_A	6tfg_A	positive
6tfh_A	6tf2_A	positive
6tfh_A	7d7z_A	positive
6tfh_A	7d81_A	positive
6tfh_A	7d82_A	positive
6tfh_A	7d7x_A	positive
6tfh_A	6tb7_A	positive
6tfh_A	6tf0_A	positive
6tfh_A	6tf3_A	positive
6tfh_A	6tf1_A	positive
6tfh_A	6tfg_A	positive
6tf2_A	7d7z_A	positive
6tf2_A	7d81_A	positive
6tf2_A	7d82_A	positive
6tf2_A	7d7x_A	positive
6tf2_A	6tb7_A	positive
6tf2_A	6tf0_A	positive
6tf2_A	6tf3_A	positive
6tf2_A	6tf1_A	positive
6tf2_A	6tfg_A	positive
7d7z_A	7d81_A	positive
7d7z_A	7d82_A	positive
7d7z_A	7d7x_A	positive
7d7z_A	6tb7_A	positive
7d7z_A	6tf0_A	positive
7d7z_A	6tf3_A	positive
7d7z_A	6tf1_A	positive
7d7z_A	6tfg_A	positive
7d81_A	7d82_A	positive
7d81_A	7d7x_A	positive
7d81_A	6tb7_A	positive
7d81_A	6tf0_A	positive
7d81_A	6tf3_A	positive
7d81_A	6tf1_A	positive
7d81_A	6tfg_A	positive
7d82_A	7d7x_A	positive
7d82_A	6tb7_A	positive
7d82_A	6tf0_A	positive
7d82_A	6tf3_A	positive
7d82_A	6tf1_A	positive
7d82_A	6tfg_A	positive
7d7x_A	6tb7_A	positive
7d7x_A	6tf0_A	positive
7d7x_A	6tf3_A	positive
7d7x_A	6tf1_A	positive
7d7x_A	6tfg_A	positive
6tb7_A	6tf0_A	positive
6tb7_A	6tf3_A	positive
6tb7_A	6tf1_A	positive
6tb7_A	6tfg_A	positive
6tf0_A	6tf3_A	positive
6tf0_A	6tf1_A	positive
6tf0_A	6tfg_A	positive
6tf3_A	6tf1_A	positive
6tf3_A	6tfg_A	positive
6tf1_A	6tfg_A	positive
8ubc_I	8ubd_I	positive
8ubc_I	8ube_I	positive
8ubc_I	8ub8_I	positive
8ubc_I	8ub9_I	positive
8ubc_I	8ubf_I	positive
8ubc_I	8ubb_I	positive
8ubc_I	8ub7_I	positive
8ubc_I	8uba_I	positive
8ubd_I	8ube_I	positive
8ubd_I	8ub8_I	positive
8ubd_I	8ub9_I	positive
8ubd_I	8ubf_I	positive
8ubd_I	8ubb_I	positive
8ubd_I	8ub7_I	positive
8ubd_I	8uba_I	positive
8ube_I	8ub8_I	positive
8ube_I	8ub9_I	positive
8ube_I	8ubf_I	positive
8ube_I	8ubb_I	positive
8ube_I	8ub7_I	positive
8ube_I	8uba_I	positive
8ub8_I	8ub9_I	positive
8ub8_I	8ubf_I	positive
8ub8_I	8ubb_I	positive
8ub8_I	8ub7_I	positive
8ub8_I	8uba_I	positive
8ub9_I	8ubf_I	positive
8ub9_I	8ubb_I	positive
8ub9_I	8ub7_I	positive
8ub9_I	8uba_I	positive
8ubf_I	8ubb_I	positive
8ubf_I	8ub7_I	positive
8ubf_I	8uba_I	positive
8ubb_I	8ub7_I	positive
8ubb_I	8uba_I	positive
8ub7_I	8uba_I	positive
7elq_A	7elp_A	positive
7elq_A	7els_B	positive
7elq_A	7els_A	positive
7elq_A	7elp_B	positive
7elq_A	7elr_A	positive
7elq_A	7elr_B	positive
7elq_A	8q6n_A	positive
7elp_A	7els_B	positive
7elp_A	7els_A	positive
7elp_A	7elq_B	positive
7elp_A	7elr_A	positive
7elp_A	7elr_B	positive
7elp_A	8q6n_A	positive
7els_B	7elp_B	positive
7els_B	7elq_B	positive
7els_B	7elr_A	positive
7els_B	7elr_B	positive
7els_B	8q6n_A	positive
7els_A	7elp_B	positive
7els_A	7elq_B	positive
7els_A	7elr_A	positive
7els_A	7elr_B	positive
7els_A	8q6n_A	positive
7elp_B	7elq_B	positive
7elp_B	7elr_A	positive
7elp_B	7elr_B	positive
7elp_B	8q6n_A	positive
7elq_B	7elr_A	positive
7elq_B	7elr_B	positive
7elq_B	8q6n_A	positive
7elr_A	8q6n_A	positive
7elr_B	8q6n_A	positive
9mds_A	9le3_A	positive
9le6_F	9le3_C	positive
9j3t_B	9le6_F	positive
9mme_Y	9j3r_A	positive
9le3_A	9mm6_U	positive
9j6y_D	9m78_E	positive
9mm6_I	9mme_w	positive
9le3_A	9mds_F	positive
9m78_F	9j3r_B	positive
9m78_B	9isv_A	positive
9j6y_A	9mds_F	positive
9j3t_F	9le6_A	positive
9le5_A	9mds_F	positive
9j6y_D	9mds_F	positive
9mme_Y	9j6y_C	positive
9j3t_B	9mds_G	positive
9j3t_D	9j3r_A	positive
9mme_Y	9mm6_Q	positive
9mm6_I	9j3t_C	positive
9le5_A	9le3_F	positive
9mmg_c	9mme_w	positive
9mmg_c	9le6_D	positive
9m78_E	9j6y_C	positive
9mds_A	9mme_g	positive
9j6y_F	9le3_C	positive
9j3t_D	9mm6_U	positive
9mm6_U	9j3t_H	positive
9mm6_Q	9le6_A	positive
9le6_D	9m79_A	positive
9mme_Y	9j6y_E	positive
9le6_E	9mme_g	positive
9j3t_E	9mm6_c	positive
9j6y_F	9le6_F	positive
9j3t_D	9mme_g	positive
9mm6_M	9m78_E	positive
9mme_Y	9le3_E	positive
9j3t_C	9le6_A	positive
9mm6_I	9m78_B	positive
9m78_B	9m79_A	positive
9mme_o	9j6y_B	positive
9le5_A	9j3r_A	positive
9m78_B	9le3_E	positive
9j3t_C	9j6y_C	positive
9mds_B	9j6y_F	positive
9mds_B	9j6y_B	positive
9mds_A	9mme_s	positive
9mme_Y	9mmg_c	positive
9j3t_F	9j6y_C	positive
9j3t_E	9le6_A	positive
9mme_w	9le6_D	positive
9j3r_A	9m79_A	positive
9mme_s	9mds_G	positive
9j3r_B	9mm6_E	positive
9m78_B	9mm6_E	positive
9mm6_I	9le3_C	positive
9le6_E	9j6y_E	positive
9le3_A	9m78_F	positive
9le3_F	9mm6_E	positive
9j3t_A	9le3_E	positive
9m79_A	9le6_A	positive
9mm6_I	9m79_A	positive
9j3r_D	9le3_C	positive
9j3t_B	9m78_E	positive
9j6y_E	9isv_A	positive
9j3r_A	9j6y_C	positive
9mm6_I	9le3_E	positive
9mmg_c	9mm6_c	positive
9j3r_D	9mme_g	positive
9mme_g	9isv_A	positive
9le3_F	9mm6_U	positive
9mm6_I	9j3t_A	positive
9mds_F	9mm6_c	positive
9j3t_G	9mds_E	positive
9mme_Y	9mm6_A	positive
9mds_G	9le6_F	positive
9j3t_F	9mds_F	positive
9le3_F	9mm6_A	positive
9j6y_A	9m79_A	positive
9mds_G	9j3r_A	positive
9j3r_A	9le6_A	positive
9mm6_M	9m78_F	positive
9m78_F	9j3t_H	positive
9mds_G	9le3_C	positive
9j3t_G	9j6y_F	positive
9j3r_D	9m79_A	positive
9j6y_D	9mmg_c	positive
9mm6_Q	9j3t_E	positive
9j6y_E	9le6_A	positive
9m78_A	9le6_E	positive
9mm6_U	9le6_F	positive
9j3t_B	9j3r_A	positive
9mme_Y	9m78_E	positive
9le3_E	9mm6_c	positive
9j3t_D	9j3r_D	positive
9le3_F	9mm6_Q	positive
9m78_B	9mm6_c	positive
9le3_A	9mm6_c	positive
9j6y_E	9j3t_H	positive
9mm6_I	9mme_Y	positive
9mme_Y	9le3_A	positive
9j3r_A	9mm6_Q	positive
9mds_B	9j3r_A	positive
9j3r_A	9mm6_E	positive
9m78_A	9le6_D	positive
9mme_s	9le3_F	positive
9mme_w	9mds_E	positive
9j3t_D	9mmg_c	positive
9m78_A	9le3_F	positive
9j3t_B	9j6y_F	positive
9j6y_E	9le6_F	positive
9m78_E	9j3t_H	positive
9m78_A	9mds_B	positive
9m79_A	9mme_g	positive
9le6_E	9mm6_U	positive
9mds_F	9m79_A	positive
9mm6_M	9mmg_c	positive
9le6_E	9m78_B	positive
9j3t_G	9j6y_D	positive
9mm6_M	9mds_F	positive
9mme_w	9j3t_A	positive
9j6y_D	9mm6_Q	positive
9mm6_M	9le3_A	positive
9j6y_D	9mme_w	positive
9j3t_G	9m78_B	positive
9m78_F	9j3r_D	positive
9j6y_A	9le6_A	positive
9j6y_A	9mm6_c	positive
9j6y_E	9mm6_E	positive
9mds_G	9mm6_U	positive
9mme_Y	9le6_E	positive
9j3t_B	9m79_A	positive
9mme_o	9mm6_M	positive
9mme_s	9j3r_A	positive
9mme_o	9j3r_A	positive
9j3r_A	9le6_F	positive
9j6y_B	9le3_E	positive
9mm6_U	9j6y_C	positive
9isv_A	9le3_E	positive
9mme_o	9le5_A	positive
9j6y_B	9m79_A	positive
9mmg_c	9j3t_E	positive
9j3t_C	9le3_F	positive
9j6y_F	9isv_A	positive
9m78_B	9j3t_A	positive
9j3t_F	9le6_F	positive
9mme_o	9j6y_A	positive
9mmg_c	9le3_C	positive
9le5_A	9le6_A	positive
9mds_B	9j3t_A	positive
9j6y_D	9m78_F	positive
9j3t_G	9mm6_E	positive
9mds_E	9j3t_A	positive
9mm6_I	9j6y_C	positive
9j6y_D	9mds_E	positive
9j6y_A	9le3_F	positive
9mme_w	9j6y_B	positive
9m78_A	9mds_G	positive
9m78_F	9mm6_E	positive
9mme_Y	9j6y_A	positive
9mm6_M	9mds_G	positive
9mds_G	9j3r_B	positive
9mme_Y	9le5_A	positive
9j3r_A	9j3t_E	positive
9m78_E	9j3r_D	positive
9mm6_I	9j3t_E	positive
9m78_A	9j3r_A	positive
9j6y_A	9m78_B	positive
9le3_A	9le6_A	positive
9le6_D	9j6y_E	positive
9le6_E	9m78_F	positive
9mds_A	9mme_Y	positive
9mds_G	9j3t_H	positive
9j6y_F	9j3t_E	positive
9j3t_D	9j6y_C	positive
9j3t_D	9j6y_D	positive
9le5_A	9m79_A	positive
9mme_w	9mm6_Q	positive
9mm6_A	9le6_F	positive
9m79_A	9isv_A	positive
9mds_B	9le6_A	positive
9mds_B	9isv_A	positive
9j3t_G	9mm6_A	positive
9mm6_A	9isv_A	positive
9mm6_E	9le6_A	positive
9mds_G	9mm6_E	positive
9j3r_B	9j6y_F	positive
9le3_A	9j3t_E	positive
9mme_s	9j3t_A	positive
9m79_A	9le3_C	positive
9m78_E	9le3_F	positive
9j3t_D	9m78_B	positive
9j6y_B	9isv_A	positive
9j3r_D	9isv_A	positive
9j6y_B	9mds_F	positive
9mmg_c	9le6_E	positive
9mds_G	9m79_A	positive
9mme_Y	9mm6_c	positive
9mme_o	9m78_A	positive
9mm6_I	9j3t_D	positive
9mm6_Q	9mds_F	positive
3mur_R	3irw_R	positive
3mur_R	3ucu_R	positive
3mur_R	3ucz_R	positive
3mur_R	3ud3_R	positive
3mur_R	3mum_R	positive
3mur_R	4yb1_R	positive
3mur_R	3iwn_B	positive
3mur_R	3mxh_R	positive
3mur_R	3ud4_R	positive
3mur_R	3iwn_A	positive
3irw_R	3ucu_R	positive
3irw_R	3ucz_R	positive
3irw_R	3ud3_R	positive
3irw_R	3mum_R	positive
3irw_R	4yb1_R	positive
3irw_R	3iwn_B	positive
3irw_R	3mxh_R	positive
3irw_R	3ud4_R	positive
3irw_R	3iwn_A	positive
3ucu_R	3ucz_R	positive
3ucu_R	3ud3_R	positive
3ucu_R	3mum_R	positive
3ucu_R	4yb1_R	positive
3ucu_R	3iwn_B	positive
3ucu_R	3mxh_R	positive
3ucu_R	3ud4_R	positive
3ucu_R	3iwn_A	positive
3ucz_R	3ud3_R	positive
3ucz_R	3mum_R	positive
3ucz_R	4yb1_R	positive
3ucz_R	3iwn_B	positive
3ucz_R	3mxh_R	positive
3ucz_R	3ud4_R	positive
3ucz_R	3iwn_A	positive
3ud3_R	3mum_R	positive
3ud3_R	4yb1_R	positive
3ud3_R	3iwn_B	positive
3ud3_R	3mxh_R	positive
3ud3_R	3ud4_R	positive
3ud3_R	3iwn_A	positive
3mum_R	4yb1_R	positive
3mum_R	3iwn_B	positive
3mum_R	3mxh_R	positive
3mum_R	3ud4_R	positive
3mum_R	3iwn_A	positive
4yb1_R	3iwn_B	positive
4yb1_R	3mxh_R	positive
4yb1_R	3ud4_R	positive
4yb1_R	3iwn_A	positive
3iwn_B	3mxh_R	positive
3iwn_B	3ud4_R	positive
3mxh_R	3ud4_R	positive
3mxh_R	3iwn_A	positive
3ud4_R	3iwn_A	positive
1m5k_E	1m5v_B	positive
1m5k_E	1m5p_E	positive
1m5k_E	1m5o_E	positive
1m5k_E	1m5v_E	positive
1m5k_E	1m5o_B	positive
1m5k_E	1m5p_B	positive
1m5v_B	1m5p_E	positive
1m5v_B	1m5o_E	positive
1m5v_B	1m5o_B	positive
1m5v_B	1m5k_B	positive
1m5v_B	1m5p_B	positive
1m5p_E	1m5o_E	positive
1m5p_E	1m5v_E	positive
1m5p_E	1m5o_B	positive
1m5p_E	1m5k_B	positive
1m5o_E	1m5v_E	positive
1m5o_E	1m5k_B	positive
1m5o_E	1m5p_B	positive
1m5v_E	1m5o_B	positive
1m5v_E	1m5k_B	positive
1m5v_E	1m5p_B	positive
1m5o_B	1m5k_B	positive
1m5o_B	1m5p_B	positive
1m5k_B	1m5p_B	positive
8cvl_2y	9f1d_B7	negative
5el5_1J	4v4w_AV	negative
8g7s_x	1m5k_E	negative
4tua_QV	4v83_BB	negative
6dlq_A	9drs_F	negative
8uvs_2w	6vz3_d	negative
8p60_L70	6y57_D4	negative
6n5o_A	6rm3_L70	negative
3owz_A	6oj2_QW	negative
5wf0_y	8t2y_A3	negative
7y41_B	3kfu_M	negative
8p03_1	4meg_B	negative
5t62_B	6ha8_x	negative
4u4z_3	8uo6_B	negative
5zey_B	2mf1_G	negative
6osi_RB	6wdc_6	negative
4nyb_A	7pjw_B	negative
7pjt_B	4wqf_BY	negative
5m73_E	5kcs_1B	negative
2otl_9	9v26_sJ	negative
6nd5_1x	6ufk_A	negative
8cvk_2B	4v7j_Av	negative
8sp9_C	9sfb_T	negative
3akz_E	5vp2_1B	negative
4v87_AB	1m5p_E	negative
8jdk_B	8qoz_5	negative
8e36_J	5we4_w	negative
4wt1_1J	6y3g_F	negative
4v42_AB	6sv4_BR	negative
6ole_v	4v4b_B4	negative
9iwf_A	3j0q_W	negative
7jqq_L	3d2x_B	negative
7pip_4	4v5d_AW	negative
1il2_C	8t8b_2B	negative
8vtx_1x	3j92_7	negative
5u4i_B	3oxd_B	negative
1jgp_C	7k00_b	negative
5uq8_B	4v9q_BW	negative
8uql_B	9bh5_A7	negative
4wqu_DY	3j6y_5S	negative
5vpp_YB	7qi5_B	negative
5ndg_7	3jah_3	negative
6nd6_2B	8emm_Y	negative
7rq8_2w	3jai_7	negative
5wis_1x	7s0s_i	negative
6cc1_A	6xqd_2B	negative
6xz7_g	6czr_2B	negative
8eub_A3	7nhn_D	negative
3npq_C	6hrm_3	negative
5lys_A	4v5s_AY	negative
4v5y_BA	8y5m_6	negative
4v5y_BA	3oxd_B	negative
7lv0_5	6xgf_d	negative
7md7_1B	3zn8_G	negative
5uq8_y	8i9r_C4	negative
4v64_BA	5vp2_2w	negative
2lc8_A	9f1b_B7	negative
5hd1_2x	8g2a_2B	negative
7rq8_2x	3owi_A	negative
4v6i_DC	7nwg_33	negative
5l3p_B	4v5s_AY	negative
5hau_1w	8pnn_3	negative
6tff_A	8bhj_5	negative
4v4g_HA	6icz_B	negative
3suh_X	6y6x_L7	negative
8uyp_A	9d0g_1w	negative
9de5_E	6xu7_B	negative
6wd4_7	8huj_C	negative
8uvr_1B	9d0j_2w	negative
4v7y_DB	9dfc_2x	negative
4v77_A3	9qiw_L7	negative
1hc8_C	6o97_1w	negative
8cf5_Bb	9e5q_A	negative
5afi_w	8rc0_5	negative
4woi_AX	8e41_J	negative
1tn1_A	3skl_A	negative
7u2h_2B	3g4m_A	negative
8vkv_d	6gqb_AX	negative
6xu8_A8	4v5n_AV	negative
8t5h_A	9d7t_2x	negative
3jbo_AB	6jq6_U	negative
8cvl_2y	8p8u_LE	negative
6i7v_DB	8xt0_L2	negative
8ubd_I	5z58_B	negative
4ybb_DB	4v4x_AD	negative
7d7v_A	9e5t_B	negative
6vyq_B	5kps_29	negative
8ohd_8	5uyk_Y	negative
4v8f_CC	8y6o_P	negative
4v9b_AC	7qca_L70	negative
4v9q_DW	5wis_2B	negative
6bz7_YB	9d7t_1y	negative
7qg8_M	7ohp_2	negative
4v4a_B9	9de6_A	negative
4wr6_1K	5lqw_5	negative
5el6_3K	7qep_2	negative
8vpk_B	4v9i_AW	negative
6osk_3	2zuf_B	negative
7azs_TRNA	7d7y_A	negative
6ft6_3	2hom_A	negative
9f9s_L3	7k53_6	negative
4p70_RB	1gts_B	negative
6cfl_2B	1vy4_AW	negative
4v9c_BB	8vkv_A	negative
4zsn_YB	8yuq_V	negative
7mdl_E	7t1n_A	negative
8p7b_R	3d2v_A	negative
6bk8_2	4v8u_CV	negative
8zff_Z	1m5p_E	negative
3j3v_B	9asn_E	negative
9dfd_2y	3owi_A	negative
4v5a_DB	4v8e_BD	negative
7lh5_DB	5mdv_5	negative
3j7q_7	5gm6_D	negative
6r87_3	3skl_A	negative
3g8t_S	3gx6_A	negative
6oj2_YB	8xzn_A	negative
7nhk_B	5fk6_A	negative
7rq8_1x	2eet_A	negative
3b4b_B	1ml5_B	negative
9o3h_2w	8fzi_B	negative
4v4g_JA	8qp9_5	negative
5doy_1B	8uu5_x	negative
8rcs_W	8ip8_TB	negative
8g29_1B	9dfd_2x	negative
3gao_A	6wdi_7	negative
7qi5_Ay	8p4v_AS	negative
5ccb_N	3rkf_D	negative
8c94_B	6vz7_A	negative
4v4g_FA	8vvj_A	negative
4yzv_RB	4nya_B	negative
4b5r_A	8t3f_A3	negative
9e5k_D	8ev7_1B	negative
9e5k_D	7nbu_b	negative
6xiq_AX	4v6c_DB	negative
5jus_D	4wsd_1L	negative
4wqu_CB	8g7s_y	negative
6i9r_B	7bl4_B	negative
6od9_B	7ac7_7	negative
6nd6_1B	2wwa_D	negative
6wdm_7	6n5q_A	negative
7pam_4	8uvs_2w	negative
8flb_L4	8cku_Bb	negative
5mgp_B	8ouf_B	negative
6tnu_BR	4v8b_AD	negative
7rq9_1y	9h3z_B	negative
4u4q_3	5vp2_1w	negative
9o3k_1B	5yzg_B	negative
8g7p_y	8pva_b	negative
8btk_AT	5aka_7	negative
4wj3_S	7rqe_1B	negative
6gsj_3L	5iqr_3	negative
8bhn_4	9b0s_l7	negative
5f8k_1B	6n1d_BPTN	negative
1k73_B	1vy7_CX	negative
8cgn_Cc	4cxh_1	negative
6ztl_AX	7phc_4	negative
8g29_1y	8rd8_D8	negative
5j3c_RB	8r0a_5	negative
5hcr_1B	9gft_AU	negative
8cas_1	4wzo_16	negative
7qv2_x	6cfj_2B	negative
6cfk_1B	8uvs_2y	negative
6xiq_AX	6uo1_1B	negative
8a98_8	2zm5_D	negative
3skw_A	3ccq_9	negative
6p5k_7	8agw_x	negative
1wz2_D	6xkn_A	negative
8f4o_A	8uxb_5	negative
8uvs_2y	7tor_A5S	negative
6prv_B	9buq_S7	negative
4v8c_CB	1nwy_9	negative
7rr5_P	9o3i_1B	negative
8vu0_C	7a0s_Y	negative
2l3j_B	5ndk_W4	negative
8ekc_B	3jce_9	negative
1asy_R	6gz4_A4	negative
6wdl_7	8vos_d	negative
9ey2_T	5m1j_34	negative
1nwy_9	4wc6_B	negative
4tue_YB	8vtu_2w	negative
9mtq_2x	7oif_3	negative
2eet_A	2hoj_A	negative
4v9p_EB	6q57_A	negative
7jqm_1B	7azo_PSIB	negative
8bgh_1	4cxg_1	negative
6cae_2B	1sz1_F	negative
4v4t_AW	8uvs_2B	negative
7n31_5	7vnw_B	negative
9gbw_R	6ufj_C	negative
6wdj_2	1vy5_AY	negative
1vbz_B	9de8_A	negative
7y7h_Z	7dvq_B	negative
4rqe_D	6oli_E	negative
4v9k_DB	8uba_I	negative
7nww_3	8yup_X	negative
4v4z_BB	9b00_2x	negative
7z3o_3	3g4m_A	negative
4v74_A3	8rjd_u	negative
3skz_A	3d2v_B	negative
4v7k_BA	4u1v_CA	negative
4www_RA	6qzp_S2	negative
1xmq_A	7syp_2	negative
7oic_A	4uer_A	negative
5xyi_2	8y0w_L5	negative
6o90_A	8fkt_L3	negative
3ccu_0	4jya_A	negative
5lzv_5	4wf1_DA	negative
8oh6_B	7rqe_2A	negative
6caq_A	7q0p_A	negative
4v6g_AA	8uz3_1	negative
8bhj_2	6og7_1	negative
6vys_a	7qvp_S3	negative
8cre_1	7ph9_3	negative
8hky_A23S	9h3w_A	negative
7o5h_A	6v3a_AN1	negative
4d67_2	6dnc_A	negative
6yss_A	8buu_a	negative
8fon_YA	4lf8_A	negative
4v7s_AA	8h2h_A	negative
6mtc_9	4tub_RA	negative
9l0r_L	4v73_AA	negative
5j4b_1a	6cfk_1A	negative
7s1g_C	4v5h_BB	negative
3ccq_0	6th6_Aa	negative
4u24_BA	8eth_1	negative
4wq1_1H	7oiz_A	negative
6w2t_a	6nqb_A	negative
5doy_2a	5fci_5	negative
6xz7_A	8cre_1	negative
7azo_23SB	4v6z_AA	negative
6mte_9	5anc_N	negative
4v8i_CA	9b0s_S2	negative
7zag_2	4v8j_DA	negative
4l47_RA	6ord_XA	negative
7pjw_A	5u9g_A	negative
6o3m_YA	5lzd_a	negative
7d6z_A	4v4g_AA	negative
6qtz_A	5tga_2	negative
8qie_S1	4u50_5	negative
7msm_A	5el4_1G	negative
4ji7_A	8vvu_ZA	negative
1xnq_A	6zmt_2	negative
9v24_lA	7s1i_I	negative
1n34_A	8e35_I	negative
9nlb_R3	8flf_L3	negative
8crx_a	9g8m_S2	negative
7y7c_A	7qgh_N	negative
9njf_R3	8ylr_A	negative
8fc2_1a	4ujd_A2	negative
8bge_2	8jdm_D	negative
8ud8_2A	8esr_1	negative
8civ_AA	8fze_a	negative
8c99_A	6o8y_a	negative
8cre_B	5j4c_2A	negative
8uu4_a	4v9m_DA	negative
5mc6_BQ	5dox_1a	negative
9bdp_A28S	8ydh_3	negative
8jdl_w	4v5k_AA	negative
8uzg_1	4ox9_A	negative
8y5m_3	8y37_A	negative
6rxx_C1	9mee_E	negative
8rjc_K	7wtt_2	negative
4v6d_DA	4v4n_A1	negative
5t6r_A	7rqa_1a	negative
7z3o_2	5mgp_a	negative
7oif_1	5obm_1	negative
8s8i_2	7p7t_a	negative
4v7k_BA	3j92_5	negative
4v6a_DA	5lyb_5	negative
6x7f_a	7tor_A28S	negative
9guq_A	7syh_2	negative
6yxx_AA	5wfk_a	negative
6lqs_SA	4v9c_DA	negative
8p09_2	8qsj_A	negative
4z8c_2A	8p16_2	negative
5vpp_XA	9hcd_A	negative
9axv_AA	7bof_A	negative
4v56_DB	8rcl_A2	negative
8cq7_1	6ztp_AA	negative
4u24_AA	8i9p_C1	negative
8vtu_1A	6by1_AA	negative
7d0f_A	8pj4_A	negative
7boh_A	5lks_L5	negative
6frk_5	8c99_A	negative
7nbu_a	6eri_BA	negative
5imq_A	8jdj_w	negative
7uck_5	4v4q_AA	negative
5j4d_A	8cgn_AA	negative
3j2e_N	4v6s_AB	negative
8z70_A	9e0n_A	negative
1q7y_A	5mdv_1	negative
6nwy_YA	5mei_6	negative
6nd6_1A	9h8g_A	negative
9mkk_a	4tub_QA	negative
8rdw_iN	9lhl_F	negative
5h5u_A	8qrn_A	negative
9l0r_G	7qh7_A	negative
9v26_sa	5wdt_A	negative
2ogo_0	7n2c_16	negative
4zsn_YA	6zm7_L5	negative
8ztu_a	6sgc_A1	negative
6tnu_BQ	5dc3_2	negative
8fc1_1a	3cd6_0	negative
8t8b_2A	8t3e_A1	negative
8z71_2	4ypb_XA	negative
7qvp_L5	7l20_A	negative
6bok_A	8oh6_B	negative
9nlj_R3	4v6c_BA	negative
8ury_D	5myj_BA	negative
8a3l_a	8akn_B	negative
6hix_AA	6wdl_3	negative
3ow2_0	8ux8_1	negative
1vq8_0	8om3_r	negative
9n2c_16	8bh4_0	negative
4v6r_BB	7msh_a	negative
7ls2_m2	9qqb_B5	negative
5j4b_1A	8vvp_ZA	negative
8bhl_2	6z1p_Ab	negative
5lzy_9	6yw5_aa	negative
7ohu_1	1vql_0	negative
4v5c_BA	6bz7_QA	negative
5tbw_A	7s1h_C	negative
1vy5_DA	9nlq_R3	negative
8vtx_2A	8cbj_2	negative
5dgf_2	1vy7_DA	negative
6c4h_A	8g2a_2a	negative
9lhl_D	9nlq_R1	negative
8pv5_C1	6ztj_BA	negative
5lyb_1	7lh5_DA	negative
1ond_0	6olz_A2	negative
8p85_1	4v6o_AA	negative
6skg_Aa	8qu1_A	negative
4zsn_XA	9mkk_a	negative
7par_3	7v2m_A	negative
7qi4_AA	1vvj_YA	negative
4v8y_B5	6wd4_1	negative
8p16_1	7ls2_m2	negative
9ghe_a	4u4n_5	negative
7ot5_1	8zfg_A	negative
5t6r_A	8y0u_C2	negative
9qeg_A	8voo_D	negative
8yur_A	8p85_A	negative
8cre_B	6ypu_2	negative
4v5c_BA	4lf9_A	negative
8a3w_1	6gsl_13	negative
8cvj_2a	4v4p_AA	negative
4v6c_AA	7phc_3	negative
4lt8_XA	4bts_AA	negative
6pcr_I	5j88_AA	negative
4tud_QA	7jqb_A	negative
4u52_6	6vyy_a	negative
4ujd_A2	8y38_a	negative
7o1a_BA	5m1j_22	negative
8fks_L3	6fyy_2	negative
8vos_D	4v6q_BB	negative
6wyv_I	9o3k_2a	negative
7zuw_2	1vy5_AA	negative
9n76_L1	8idy_2	negative
4v5s_CA	6ylh_1	negative
5lzx_5	3jcj_g	negative
6xhv_1a	8pv2_C1	negative
4u20_CA	9hcd_A	negative
8ap4_a	4w4g_XA	negative
4v6y_AA	4v9h_BA	negative
8cgd_a	8a3w_S1	negative
9hal_A	6az1_1	negative
7pjz_A	6fxc_Aa	negative
8vvs_ZA	9wnr_A	negative
8uxb_2	5v93_A	negative
9buu_AA	5wns_A	negative
9qeg_A	8oj3_CM	negative
4v71_AA	6z6k_C2	negative
9f1b_B5	7ls1_m2	negative
4uer_A	1ibl_A	negative
6w6l_t	7md7_2A	negative
9nkl_R3	8ylr_2	negative
6ddd_1	4nxm_A	negative
3j7p_S2	8rcm_A1	negative
8qoa_a	7a01_K3	negative
7q08_A	8fon_XA	negative
5j5b_CA	8btk_A2	negative
4wqu_DA	4v9j_BA	negative
8bpo_A1	5el6_1H	negative
9c3h_L5	5mrc_aa	negative
4ji8_A	5tbw_1	negative
8v03_2	8zhb_S2	negative
7pia_5	7msm_A	negative
4w2f_AA	7a5f_A3	negative
6ztl_BA	7n2v_16	negative
6ope_XA	4u56_6	negative
7aoi_AA	4wqf_BA	negative
4v6u_B1	4v52_DB	negative
9mee_N	5uyq_01	negative
6bu8_01	5el6_1G	negative
6otr_QA	5kpw_27	negative
8ipa_aa	4z8c_1a	negative
7bod_A	6hiv_AA	negative
6w2s_A	6zsd_AA	negative
4v84_AA	6by1_DA	negative
9h4n_C2	8apn_A3	negative
9mqu_A	8ewb_A4	negative
3j92_8	9lee_C	negative
7trd_B	6swe_2	negative
6mtb_8	8rxx_L4	negative
8iaz_E	8fku_L1	negative
9c0j_R	8cq7_AU	negative
4e8v_A	9le6_E	negative
1x8w_A	9lel_J	negative
7sys_z	8evr_A4	negative
9fxo_L4	7syo_z	negative
8uti_C	9qb3_b	negative
9f1d_B8	9lem_E	negative
3j7q_8	6zqc_D4	negative
9i05_Rc	7uo2_B	negative
8sa6_B	8a22_B3	negative
4u53_8	4e8q_A	negative
6t3n_A	4u51_8	negative
7syr_z	7zuw_3	negative
8zmh_A	9kpo_A	negative
6cfj_2x	8k30_A	negative
8ine_8	7xd3_N	negative
6wlm_A	4v88_A8	negative
7ygb_N	9bup_AC	negative
9j6y_A	6elz_2	negative
7mqa_L2	7o7y_B8	negative
6sv4_BS	4e8p_A	negative
5lzz_8	6k0a_Y	negative
1x8w_C	3jcs_7	negative
6frk_1	9buu_AC	negative
7xd3_N	8ols_A	negative
2n1q_A	8oo0_4	negative
9cbx_N	7sym_z	negative
8ruk_A	4gxy_A	negative
8evt_A4	7yga_N	negative
3pdr_A	1x8w_A	negative
8ca7_A	9v28_sa	negative
6bz8_YA	4v8b_AA	negative
4u52_8	9lec_J	negative
8rxh_L7	6k0b_Y	negative
7yg9_N	8fld_L1	negative
9kgg_U	9m78_F	negative
6t3k_A	6q95_4	negative
6ri5_y	9le6_D	negative
7lma_B	9azm_S2	negative
6rxv_C2	7o80_B8	negative
7syw_z	7q0r_4	negative
9mm6_Q	9lmf_E	negative
9fpz_1	7ls2_C2	negative
7m5d_1	9mds_G	negative
8ruk_A	7ohr_2	negative
8evr_A4	1ffz_A	negative
8ca7_A	4v7r_D3	negative
6wlm_A	5tga_4	negative
8cq7_AU	7c7a_A	negative
8oi5_AU	9qb2_B	negative
6zj3_LF	9le3_E	negative
8a22_A3	9f9s_L2	negative
8agt_i	3dig_X	negative
4ujc_A3	9g28_4	negative
8kie_a	8sa3_B	negative
8a22_B3	8a98_7	negative
2a64_A	8eui_2	negative
1x8w_B	8ip8_SB	negative
6ah3_A	7tm3_v	negative
8fks_L1	6zqe_D4	negative
9qb3_B	5dge_8	negative
9cbx_N	6hcm_82	negative
4ds6_A	9b0q_l8	negative
8uti_C	9j6y_A	negative
8esq_2	9lel_J	negative
6ah3_A	7ls1_C2	negative
8hd6_N	9lmf_I	negative
6om0_D	7r6l_A	negative
2eet_A	6wrs_2	negative
6swe_2	7ajt_D4	negative
8i9t_C2	8ovj_4	negative
6w6l_D	8rui_A	negative
7lmb_B	6rxz_C2	negative
9lee_G	8bqx_BS	negative
8ylr_C	3q1r_B	negative
3d0u_A	6mtc_8	negative
6ylx_2	7yga_N	negative
9lee_E	7osa_58S	negative
4fb0_A	7c79_A	negative
8olv_A	6lqs_3A	negative
3dir_A	9m78_A	negative
9lee_A	4y1n_B	negative
7syl_z	6z6j_C3	negative
5xxb_4	3iz4_A	negative
5oql_2	7qiy_2	negative
9mqt_A	8apn_B4	negative
8rxx_L7	8w2o_R	negative
6rxz_C2	7cpv_L8	negative
4u4y_4	9lee_H	negative
4v8p_B2	9mqt_A	negative
8p85_AT	8sa5_A	negative
6zqd_D4	7xsm_N	negative
9n70_L2	8pv5_C2	negative
7pzy_4	6q97_4	negative
7qiy_2	6om0_D	negative
3eoh_A	8zgr_LC	negative
8yld_C	7dco_B	negative
7r6n_A	9le6_C	negative
7uo0_B	8vvu_YA	negative
3iyq_A	7r6m_A	negative
4v88_A4	7bg9_B	negative
8eug_2	6wlm_A	negative
8r57_A	9n70_L2	negative
5dat_4	4faq_A	negative
8y0w_L8	9mcw_A	negative
7ych_N	1nbs_B	negative
4d61_j	5ndw_8	negative
9lmf_C	4u4y_4	negative
3dhs_A	5zwo_B	negative
3dil_A	9j6y_C	negative
6zqc_D4	6swa_r	negative
6hhq_AT	9mm6_Y	negative
6zm7_L8	8sa3_A	negative
8ink_8	9lee_E	negative
5lzw_8	7ycg_N	negative
8ewb_A4	7af8_1	negative
8vs9_TMRN	5tgm_4	negative
9le3_C	5dc3_4	negative
7ych_N	4erl_A	negative
7zjw_I	8cvo_A	negative
7ych_N	9fpz_1	negative
2j37_Z	4gxy_A	negative
9j3t_B	7oi6_A	negative
4erj_A	7qwr_8	negative
4u51_8	8gap_B	negative
9j6y_F	9lcr_B	negative
7nwh_8	9h9i_1	negative
5h4p_4	3dis_A	negative
6hcf_82	9i05_Rc	negative
2a64_A	7af3_1	negative
4e8n_A	7z3o_4	negative
2a2e_A	7syo_z	negative
7lma_B	9c6j_A	negative
6swe_2	8zgy_LC	negative
9j3r_D	6rxv_C2	negative
7zjw_I	8vvu_YA	negative
5br8_A	8akn_a	negative
7c79_A	4erj_A	negative
3j16_K	8cmj_CC	negative
8t30_A4	4gxy_A	negative
7xsn_N	9g4j_A	negative
9f58_4	7b9v_5	negative
4v8m_BG	5t6r_C	negative
9h9k_1	6mtb_8	negative
4gxy_A	9kph_B	negative
4y1o_B	7xd5_N	negative
5nrl_2	7sc6_C	negative
7tre_B	7q08_4	negative
8ovj_7	9lem_E	negative
5lzy_8	2rkj_K	negative
9g6k_lJ	8rjb_v	negative
9lem_F	5tbw_AT	negative
6ybs_A	6q9a_4	negative
6om6_2	6n9f_1A	negative
4u3n_8	6rxv_C2	negative
6uz7_8	6rzz_y	negative
9kgh_U	5t2a_G	negative
7syv_z	8sa2_A	negative
8tjq_N	5zwm_H	negative
3dix_A	3pdr_X	negative
6ah3_A	8idt_8	negative
8a22_B4	5lzv_8	negative
6wls_A	4v88_A4	negative
9j3r_D	7r6l_A	negative
4u4y_8	9i05_Rc	negative
9c6j_A	7zpq_3	negative
4gxy_A	4v7e_Ac	negative
9mm6_Q	9qqb_B8	negative
9lee_C	6zmi_L8	negative
5u4j_a	2n1q_A	negative
8k82_C3	9mm6_I	negative
9n9j_L8	9lem_B	negative
8vvv_8	9h9i_1	negative
6q95_4	3diy_A	negative
3j16_J	9cbw_N	negative
8fkw_L1	3eoh_A	negative
9qqb_B8	8gap_B	negative
6i7o_YS	7nfx_1	negative
7r7c_1	7af5_1	negative
3q1r_B	7b9v_5	negative
9g1z_4	9g28_4	negative
7syp_z	7uck_8	negative
6n8n_C	9lmf_D	negative
7r81_C1	9lem_E	negative
6k0b_X	7d5t_3A	negative
6s47_AC	8onz_1	negative
7syn_z	9azc_L8	negative
3q1q_B	7acr_4	negative
4v6t_AV	7a01_h2	negative
7paq_3	8rcl_A2	negative
6j6g_D	8yld_C	negative
8fw4_Z	6zmi_L8	negative
4gma_Z	6wls_A	negative
4fau_A	7q0p_4	negative
9g7c_A	8btk_B8	negative
8y0x_L5	7zah_2	negative
6wdc_3	7y7h_a	negative
8c8x_A	5uz4_A	negative
8p85_1	7suk_8	negative
9mme_Y	4v6l_AA	negative
7qh4_A	7rqd_2a	negative
9bup_SA	9o3k_1A	negative
4v65_A1	6hcj_A2	negative
9mds_H	4v9p_EA	negative
6ddd_1	8t30_B5	negative
8g61_L8	9g54_A	negative
8xp2_S2	1i95_A	negative
4v9s_CA	6q8y_2	negative
9e7f_4	9dfe_2a	negative
4v4s_BA	6hd7_1	negative
8oin_AA	7mq8_L1	negative
6oig_5	5on6_6	negative
8eiu_A	6ore_1	negative
6q8y_BQ	6w2t_a	negative
9v29_sa	5ndj_1G	negative
4u3u_1	5mmm_A	negative
7ssd_1	2vqf_A	negative
9fo0_AA	4v8y_B2	negative
7pan_5	6ip6_2m	negative
5w4k_2a	8qbt_A	negative
7m4y_a	9mee_F	negative
5hcq_1A	8cvk_1a	negative
6buw_XA	8oin_B8	negative
6vz2_a	4b3s_A	negative
4v7u_AA	3g4s_0	negative
7vpx_L	6em1_2	negative
6zse_AA	7mpj_B5	negative
8oi5_1	4v8y_B2	negative
4v79_AA	8p60_K50	negative
9axv_B2	8vsa_16S	negative
7old_2	6vyq_a	negative
9ha7_A	8g34_v	negative
8pnn_AR	9l0r_L	negative
4v9r_BB	8ubf_I	negative
4v5l_BA	6g5i_2	negative
5dfe_QA	6nu2_A	negative
6xza_A1	5kps_28	negative
9fs6_2	7a0r_X	negative
7zux_5	4v6d_CA	negative
9dul_A	7k55_1	negative
1c2w_B	9n73_L1	negative
9h9n_A	7lh5_DA	negative
6wqn_1	8p16_2	negative
9njf_R1	8i9p_C1	negative
9fy0_2	7jsz_3	negative
6cfl_2a	6nd5_1A	negative
4p70_XA	9n6v_L1	negative
7rqa_2A	7nbu_A	negative
6q9a_1	8evt_A1	negative
5el5_1H	3jct_1	negative
9f1b_B5	6eml_2	negative
1nji_A	7pjy_a	negative
6ywy_A	8cvj_2a	negative
7p7s_A	4wq1_1G	negative
6oj2_YA	9g6j_A	negative
9ghc_A	7uoo_1	negative
4yzv_YA	9v26_lA	negative
4v7p_CA	6zoj_2	negative
8emm_a	8vvs_ZA	negative
4u4q_5	6ztm_AA	negative
4v7z_CA	8rct_72	negative
4v4q_AA	9mee_D	negative
4v6f_BA	5j91_DA	negative
7b7d_2	3j9w_BA	negative
5vp2_2a	3cpw_0	negative
8cg8_AA	8p9a_sR	negative
8fto_a	8cgn_c	negative
8fvy_2	4b3t_A	negative
6p5k_2	6tbv_23S1	negative
5dat_1	4v9k_DA	negative
1w2b_0	6t83_1b	negative
4w2f_DA	5el7_13	negative
9bln_A	7p48_A	negative
7d80_A	8y5q_3	negative
8ukb_L5	4u3n_2	negative
7o1c_AA	8xu8_A	negative
4ujc_A2	7olc_2	negative
8evs_B5	6zs9_XA	negative
4v61_AA	7rqa_2A	negative
6rxu_C1	8qrk_A	negative
4lnt_RA	5kpw_26	negative
6cfj_1A	4v90_AA	negative
8s1u_A	6xiq_1	negative
6zxh_2	4wqr_13	negative
3ccq_0	4v87_BA	negative
4v9k_BA	6y0g_S2	negative
6o9j_a	5el7_14	negative
5hau_1a	8g7r_A	negative
5zlu_G	6sv4_YQ	negative
8ogj_1	8rdv_iN	negative
9npx_i	4u52_5	negative
1ibm_A	6ppk_A	negative
7md7_2a	4v8u_DA	negative
8eiu_A	7sa4_1	negative
9g6j_4	8sa2_B	negative
8vos_a	8oj0_5	negative
4u27_DA	4v9p_BA	negative
8zej_b	6z6l_S2	negative
8wv1_a	8oh6_1	negative
8ccs_c	6vz7_D	negative
6tnu_BQ	7oig_2	negative
8xsy_S2	6xu6_A5	negative
9g30_1	6fxc_Aa	negative
4kzz_i	7afo_A	negative
5dge_2	7pas_3	negative
6vwm_1	8fla_L3	negative
9f1c_B5	7rr5_C2	negative
9ou7_BA	9f9s_L1	negative
8ia0_C1	7nsp_a	negative
4dv6_A	7xny_S2	negative
5jus_A	7msz_a	negative
7odt_A	8om2_r	negative
6th6_Aa	4v5k_DA	negative
8fru_1	7nql_AA	negative
7unu_a	8v83_1	negative
8tpu_AA	6snt_2	negative
3cma_0	7nrc_LA	negative
8t3e_B5	9b50_AA	negative
9i5t_A	6xhw_2a	negative
7jil_1	7osm_18S	negative
4w4g_RA	1m1k_A	negative
9fxo_L2	9but_SA	negative
5ib8_13	8t3e_A1	negative
8vsa_23S	1vq7_0	negative
5hcr_2A	7n2u_16	negative
5a2q_2	7uvz_A	negative
4v77_AA	6me0_A	negative
8fl3_L3	9l0r_E	negative
6bu8_01	7piq_5	negative
6zsb_AA	9g33_D3	negative
6nwy_XA	8eub_B5	negative
5dm6_X	4u3n_1	negative
7zta_23S1	4v6p_AA	negative
8phj_A	4wsd_1H	negative
7uvy_a	6of1_2A	negative
6wdm_1	9n74_L1	negative
8hl4_A23S	4dr6_A	negative
8ydj_3	6xa1_S2	negative
4u4r_6	8a22_A7	negative
9lhl_G	6awb_A	negative
8vtu_2a	4r0d_A	negative
7tql_2	9b51_AA	negative
4u4r_1	8c90_A	negative
5ool_A	6lu8_2	negative
7zpq_5	7duh_A	negative
6gzq_A1	5mei_1	negative
5gak_4	6lqs_3A	negative
5t5h_B	4v74_BA	negative
8cqw_AS	9ha7_A	negative
8vtu_2a	9mtt_2A	negative
8z71_2	8rdw_Z2	negative
9f1d_A2	7jt2_3	negative
5t2c_A	1njo_0	negative
5i4l_2	8y5r_1	negative
4v7l_CA	9j3t_F	negative
7pai_5	8fc5_1A	negative
7pnt_A	8rd8_Z2	negative
5aj3_A	8ipd_2	negative
6ope_XA	9dfc_1A	negative
9h3r_A	9j3t_D	negative
9bdp_A58S	7syp_z	negative
5dox_2a	5jpq_2	negative
6of1_2A	6vyq_D	negative
6xii_a	7paj_5	negative
7tm3_K	8rdv_Z2	negative
6r7q_K	4ug0_L5	negative
9dfe_1A	8vtx_2a	negative
4v6w_A5	9o3i_1a	negative
9b00_1A	8ewb_A1	negative
6qik_A	4v8u_DA	negative
5mei_6	9nle_R3	negative
6wqq_1	4v8o_AA	negative
5j30_XA	4wpo_AA	negative
8pv2_C1	3j9y_A	negative
6zce_A	5lzy_5	negative
5j7l_DA	4v9p_DA	negative
9hl9_S1	4w4g_YA	negative
8qfd_5	4w4g_RA	negative
9cpa_2	4x65_A	negative
8g2b_2a	9j3t_C	negative
5dat_2	5lze_A	negative
8g5z_S2	4v52_DB	negative
6olf_S2	2uxb_A	negative
7u2j_2A	4v83_CA	negative
8g34_B	5mmj_a	negative
9mee_F	8yur_A	negative
8oeq_AS	2ogn_0	negative
6yly_1	8y36_A	negative
5j91_BA	5jvh_X	negative
7nas_A	7bl5_A	negative
4v5y_BB	4v5p_AA	negative
4v7t_AA	7pzy_1	negative
5fcj_6	5wis_1a	negative
9wnr_b	6n1d_B16S	negative
5dgv_6	8htz_a	negative
8p2f_A	7qiz_2	negative
5juu_A	4v4h_CA	negative
9bus_SA	9j3t_C	negative
5j4b_2a	4u55_5	negative
7qiz_2	8bhf_A3	negative
4wqr_13	6az3_1	negative
5lzb_a	6yxx_AA	negative
9cg5_a	7v2l_A	negative
7ug7_23	9v24_lA	negative
5dat_1	9h3p_A	negative
1ibm_A	8bge_0	negative
4nxn_A	8k0r_A	negative
6vyz_a	7wu0_2	negative
9j3t_E	4v9p_CA	negative
1vqp_0	4v5h_BB	negative
8bhn_0	8wi9_a	negative
6hiv_CA	8qu1_A	negative
6osi_XA	7a5j_A	negative
5j4b_1a	5nd8_A	negative
7k5i_2	1yit_0	negative
1n34_A	7a5g_A3	negative
6o7k_g	8cmj_c	negative
5j91_DA	5iqr_2	negative
8bgh_2	8i9t_C1	negative
2d3o_0	6qzp_S2	negative
4v7i_A8	5jus_A	negative
6wdf_3	5lzd_A	negative
7obr_5	9bh5_B2	negative
6bz7_XA	7ohq_1	negative
6lqp_SA	6y6x_L5	negative
3g6e_0	4k0k_A	negative
4wu1_14	8rxx_S1	negative
8d8j_a	4u4n_5	negative
1q7y_A	7d5s_SA	negative
8vos_D	7zq6_b	negative
9h3n_A	1jj2_0	negative
4v4j_w	6yly_1	negative
7ryh_A	8cgn_c	negative
8ovj_2	5d8b_UC	negative
4wf9_X	4v72_AA	negative
9g1z_1	7pnu_A	negative
8bil_2	5j7l_CA	negative
7wtn_C2	7nbu_A	negative
4v9o_CA	4u4r_2	negative
6wdb_1	6ztj_AA	negative
4lnt_YA	6ouo_2	negative
4v7w_DA	7boi_A	negative
8g7p_a	8wi8_A	negative
6vlz_AA	5wyj_SA	negative
4v9b_CA	6th6_BA	negative
3j7p_S2	5jut_B	negative
5el7_13	8y5t_1	negative
8agw_f	4yy3_A	negative
7ug6_1	4wsm_14	negative
8t2z_B5	5mdz_1	negative
7b7d_2	3jcj_g	negative
5oa3_2	7zuw_5	negative
4v7d_AA	4dv1_A	negative
8pj1_A	8ip8_RB	negative
8y38_A	7k54_3	negative
4v4p_BA	6vyt_a	negative
8zdc_2	9guv_A	negative
7oic_A	9e71_4	negative
7uvw_A	8fc2_2a	negative
8ekb_1a	5lzx_5	negative
5hcp_1A	8upo_D	negative
4v70_AA	6buw_RA	negative
5uyl_01	6cfk_2a	negative
6h4n_a	7ohp_1	negative
7a1g_2	6n8k_1	negative
2zjr_X	4v8f_CA	negative
6q9a_1	8ifb_A	negative
6sv4_2c	9nl6_R1	negative
9lhl_C	8ydj_1	negative
9n6z_L1	8qu1_A	negative
7ohy_1	5we4_a	negative
5lmq_A	8fku_L3	negative
7rqc_1A	8c3a_B	negative
7syi_2	9h3q_A	negative
9j3t_A	4v7l_BA	negative
7pnw_A	4v8u_AA	negative
6nd5_1A	7o80_B5	negative
7k51_1	8zgr_S2	negative
6tbv_16S1	8cre_1	negative
9gmo_A	4y4o_2a	negative
5ibb_1H	4u24_CA	negative
4u4y_1	4v4q_DB	negative
8pv1_C1	7ryf_A	negative
4www_QA	8bh4_0	negative
6hhq_A	6wd8_3	negative
9lhl_A	4v7c_BA	negative
9evs_1	4u25_AA	negative
8r55_X	5aa0_BA	negative
8ifb_a	6nta_XA	negative
3jaj_S2	6mte_5	negative
9b0s_S2	4u4z_6	negative
1ond_0	8qyx_A2	negative
4v9m_BA	8pvl_C1	negative
6y57_L5	6okk_A	negative
8glp_S2	4v95_BA	negative
7ryh_A	7zah_2	negative
6bok_EB	1vy6_AA	negative
4v73_BA	8yop_L5	negative
9mtt_1A	5w4k_1a	negative
5dge_1	7oia_A	negative
4u27_CA	7rqc_2A	negative
3j2f_N	6t7i_C1	negative
8a3w_1	7nwt_2	negative
8vtv_2a	8g5z_L5	negative
8ekb_1A	5x8r_a	negative
7jt3_1	9gy4_5	negative
5uym_01	9n75_L1	negative
9o3k_2A	8vvt_ZA	negative
6zs9_XA	9f1c_A2	negative
9e7f_4	6o3m_XA	negative
6ybw_A	6ord_XA	negative
5tga_6	6xu7_A5	negative
4v6m_B8	8cdl_AA	negative
8g2d_1a	4u55_6	negative
4v64_AA	3jq4_A	negative
8vty_1a	9d7r_2A	negative
5o61_BA	4u55_5	negative
6awc_A	6gzq_A1	negative
6p4g_2	9i5v_a	negative
7asm_A	6rbd_2	negative
8rwg_A	5wnr_A	negative
9fny_AA	5ndw_1	negative
1ibl_A	7oya_51	negative
8g34_B	8qk7_2	negative
5it8_AA	4v5b_AB	negative
5j88_BA	4v8q_AA	negative
8fc2_2A	9fy0_2	negative
4v9k_DA	4l47_QA	negative
6gsl_14	6lqs_SA	negative
4wqr_14	4u50_6	negative
4v5b_CB	7cpu_L5	negative
7uoo_1	6vyq_D	negative
8ced_A	4v5o_BA	negative
7nwh_5	6x6t_a	negative
4bts_DA	5uz4_A	negative
9e0n_a	9lhk_G	negative
7k54_3	6nta_YA	negative
5anc_N	5obm_2	negative
8r55_A	9j9h_j	negative
8g61_L5	4wqr_13	negative
7oi0_A	8ifc_a	negative
3j80_2	6lkq_t	negative
5el4_1H	6xqe_1a	negative
8a3w_S1	7of1_1	negative
8k0q_C	8xxm_S2	negative
3ccj_0	9gr1_a	negative
8vft_9	7zfw_L5	negative
4zsn_QA	4v92_A2	negative
7bl6_A	6z6m_L5	negative
7zw0_2	8uvr_2a	negative
4lel_XA	1vy4_DA	negative
4v5y_AA	7ase_0	negative
5k0y_A	7l08_AA	negative
6n8k_1	8xz3_A	negative
3j9y_A	5fci_2	negative
4v9f_0	9fxo_L2	negative
5dfe_YA	4u4q_5	negative
4p6f_XA	5j7l_CA	negative
5ngm_Aa	6zsc_XA	negative
8g7q_A	7paq_5	negative
1vq7_0	8ppl_A2	negative
6tnu_BQ	7n2c_23	negative
7tm3_K	6dti_A	negative
7y7f_a	6hhq_1	negative
4wqr_13	5mre_A	negative
4y4o_1A	4v6c_AA	negative
6otr_YA	6snt_1	negative
5li0_a	4v5h_BB	negative
4v4g_FB	4w29_CA	negative
6awb_A	6w2s_A	negative
8ylr_2	4v5d_DA	negative
9mts_1A	6bok_DB	negative
1vy7_AA	8ir1_2	negative
9e0p_A	5dgv_1	negative
8eyt_A	7qp6_A	negative
8fc4_2a	9uwh_A	negative
5mrc_A	3j7p_S2	negative
5zlu_V	6ysr_a	negative
6nta_YA	7po1_A	negative
7k53_1	8v03_2	negative
7q0p_1	8bil_0	negative
8ife_2m	4v4j_w	negative
4p6f_RA	4lfz_XA	negative
9fy0_2	6r6g_K	negative
4v7z_DA	7osa_25S	negative
9h3r_A	7lv0_3	negative
6xu7_A5	7acj_2	negative
8rcl_A1	8hl2_A23S	negative
6ha8_A	9nlq_R3	negative
8fl4_L3	9h0l_A	negative
6oxa_XA	4u4q_5	negative
4v6p_BB	2ykr_A	negative
4w2f_CA	4v7x_BA	negative
4v91_1	5j4d_A	negative
8olz_A	2n1q_A	negative
4ue5_A	4u4r_4	negative
8agz_i	7syn_z	negative
9e75_A	6sxo_L5	negative
7mqa_L2	6lsr_8	negative
8qhu_4	8vvq_YA	negative
5zwm_H	7syv_z	negative
8sa5_A	8rjc_v	negative
5a8l_A	6q8y_BS	negative
9j6y_A	7zjx_I	negative
5ndj_V4	4w2i_BB	negative
9axv_B3	8g7s_y	negative
8uz3_5	5wfk_B	negative
9frk_4	9i5v_B	negative
8ud7_2w	1s9s_A	negative
8rr3_T	5np6_Z	negative
8am9_b	6fec_N	negative
1y0q_A	9lec_J	negative
8pv3_C4	7syx_i	negative
7qxa_B	4u3m_4	negative
4zdp_E	4ujc_A4	negative
7md7_1B	4wqf_DY	negative
9fxo_L4	5jus_C	negative
6ft6_3	4v4v_AU	negative
7lva_A	6xqd_1x	negative
7zrs_6	8fzd_B	negative
6zu1_AX	7u2h_1B	negative
8uvr_1w	4v97_BB	negative
4v4w_AV	9bh5_A8	negative
7u0h_2	4faq_A	negative
4v5m_BB	8rxx_S4	negative
6p5j_8	9lmf_F	negative
8bim_4	4u4o_7	negative
1kqs_9	9d0h_1w	negative
4wq1_1L	8jdl_E	negative
4v6s_AA	4v5a_CW	negative
3ds7_B	4y4p_1x	negative
7p3k_b	1vbz_B	negative
7o7y_AT	9esh_5	negative
5e81_3L	9d0j_1B	negative
3igi_A	9kph_B	negative
3umy_B	8cg8_Cc	negative
8pv2_C2	9lmf_D	negative
6wdi_7	3npq_A	negative
7ohq_3	4v4v_AU	negative
6cb1_2	6d6v_B	negative
7asa_2	8p6p_3	negative
6uc9_B	7pao_8	negative
7lh5_CV	4qln_A	negative
6gq1_3	4v6g_CC	negative
6q8y_n	8hsp_b	negative
5kpv_28	9e5l_A	negative
3wfq_C	6cc3_B	negative
8fru_3	8q7w_5	negative
6wrs_2	6wtl_A	negative
8p4v_AS	8p09_1	negative
4v8n_BB	7paj_6	negative
6vz7_A	5ngm_AB	negative
6tfe_A	7tos_5S	negative
7oi8_B	9d0j_1B	negative
8uvr_2y	3jbu_a	negative
3jah_7	5j4c_2y	negative
6dzp_B	8ev7_1w	negative
4v66_AA	6s05_x	negative
4cxg_2	7kgb_B	negative
3gx3_A	6gsl_1J	negative
6ugg_B	5u4i_B	negative
7syq_z	9j6y_A	negative
8cgn_BB	6cae_1y	negative
9le6_A	5ndg_8	negative
4zer_2B	7qvp_D5	negative
8bhp_1	4v8m_AB	negative
7pau_4	7aqd_T	negative
9l5t_5	7ur5_v	negative
9lee_J	6d90_4	negative
1j2b_D	8k2d_C4	negative
9mm6_A	3jaj_4	negative
4y4p_2x	4v7v_BB	negative
3al0_E	7toq_A5S	negative
8p8b_7	8vvr_XA	negative
6wdi_7	8cvk_1B	negative
5ib8_3K	3jb9_C	negative
4uje_A3	9ely_A	negative
9nle_T	7k52_2	negative
8vl1_d	6cc3_B	negative
7bv8_B	4wt8_C4	negative
8q7z_B8	8r57_A	negative
6uz7_8	8t3b_A4	negative
5obm_8	3diz_A	negative
1x8w_A	6zmo_L8	negative
9lcr_B	3jaj_4	negative
5it7_4	4y1o_B	negative
3jcj_0	6olg_Bv	negative
4v97_DB	4wt1_1K	negative
8g61_At	9h3s_B	negative
8a3w_4	7yga_N	negative
9le6_C	8gap_B	negative
5jup_C	1grz_A	negative
4w29_BB	4v7j_Aw	negative
7afh_1	5umd_C	negative
8fw4_Z	7xsl_N	negative
7azo_5SB	4w2f_AW	negative
7of5_B	3d2g_B	negative
5el7_3K	4u27_BB	negative
6bz7_RB	5afi_w	negative
8hl1_AETN	1vqn_9	negative
9ggr_M	6uc8_B	negative
9bdn_PTRN	8wib_B	negative
7td7_A	5gag_B	negative
6olf_v	4v91_3	negative
5ddq_A	3rkf_B	negative
8uvr_1y	8a3d_B	negative
7n8b_A3	3jcm_F	negative
9n75_L2	5dc3_4	negative
6zj3_LB	4wzd_16	negative
5swd_A	8p2g_D	negative
7p7s_D	5e54_B	negative
9h3q_B	4v6f_CD	negative
4u1u_DB	8apn_C1	negative
4wzo_1K	8p2k_B7	negative
6zse_XB	9asq_E	negative
7tor_PTRN	3cce_9	negative
5lzc_B	6mwn_A	negative
4v4v_AV	3owz_A	negative
3j0p_2	3j7r_S6	negative
3j16_L	8q7x_5	negative
5kps_31	6xij_d	negative
7zux_4	8q7q_5	negative
9cbw_N	3j77_8S	negative
7jqm_2x	8zgr_LB	negative
6nwy_QV	8b6c_7	negative
3iqr_A	1yit_9	negative
4v9j_AW	6xdq_d	negative
8s8f_1	7jqq_N	negative
8uqm_B	4fen_B	negative
9hl9_L8	6p2h_A	negative
4w2i_CX	6n9e_2B	negative
8k2z_B	1f7v_B	negative
9d0j_1x	6wdb_2	negative
4v4r_BB	4v7l_AY	negative
5uq8_y	2hol_A	negative
9ghe_Z	7ssd_2	negative
8xzo_A	5np6_Z	negative
5mdz_3	6zsb_XB	negative
7bgb_B	6pc7_J	negative
4v64_DA	9nlq_T	negative
5dar_A	5ot7_2	negative
6uo1_1B	8g7p_x	negative
8xzk_A	4v8f_CB	negative
6od9_B	7uck_2	negative
5dar_A	6x7f_A	negative
7qgg_v	9h0l_b	negative
7olc_3	8ud7_2x	negative
4rqe_B	5h5u_B	negative
1gtr_B	9bs0_B	negative
8q5i_3	7oi7_B	negative
5wwr_C	8ydj_2	negative
6t4q_7	5ndj_1J	negative
8p7d_R	1nbs_A	negative
6xhy_1B	6x7f_B	negative
8jdl_E	6t4q_7	negative
5kpv_30	6aso_I	negative
4v51_CV	8e44_J	negative
8fzr_R	9ha6_B	negative
1ry1_A	6xiq_3	negative
5lzu_7	6bok_LC	negative
5czp_RB	6uc8_B	negative
5nrl_2	8cf8_A	negative
4v55_BA	5ndk_V4	negative
4l71_QV	6b4v_GB	negative
6xgf_d	8apn_C1	negative
7lh5_DB	4wqu_BY	negative
3j6y_5S	8kd9_O	negative
3ja1_LB	9lpc_C	negative
9g6j_PT	3ox0_B	negative
5zlu_DD	7ur5_v	negative
1vq9_9	8fvy_g	negative
7st2_5	3jaj_7	negative
6hcf_72	8oin_B9	negative
9d0h_2w	8e42_J	negative
6ys5_3	1x8w_B	negative
6c4i_B	8z71_t	negative
9azc_L7	3gog_A	negative
6ucq_1x	5ady_A	negative
1vy4_CW	5lzc_B	negative
7nww_z	8ove_BD	negative
5e81_1K	6q97_3	negative
8flb_L4	3jcd_9	negative
6uo1_1x	1k8a_B	negative
7ttu_2	3f30_X	negative
4d5y_3	3j2c_M	negative
8s1p_B	8g6w_Z	negative
7b5k_x	4v9b_DB	negative
8a98_8	5lmr_Z	negative
4v52_DA	6cc1_A	negative
5v7q_B	5el5_1K	negative
2oj3_B	7tzt_A	negative
5el4_16	3bbv_z	negative
8bpo_B1	3ud4_R	negative
4v63_CZ	8qp8_5	negative
4l47_QV	6ylg_3	negative
4tuc_RB	9gch_T	negative
8s1u_B	3j5y_D	negative
5wsg_D	7azo_5SB	negative
6oj2_QV	8bpo_B1	negative
7kga_B	4v4n_B1	negative
6yef_x	7s0s_i	negative
9c3h_L9	7u2i_1y	negative
4v67_BB	8uql_B	negative
8btd_LE	9j9i_AQ	negative
4qk9_A	8agz_x	negative
3jcd_B	5j4b_1x	negative
7u2i_1y	2h0w_B	negative
6n9e_1B	6od9_B	negative
4u24_BB	7cpj_9	negative
6vys_d	4v4v_AW	negative
4lel_XV	6ubu_B	negative
2go5_9	3jag_3	negative
6ip5_zu	9de8_A	negative
8cmj_BB	5wdt_v	negative
4u55_7	6qnq_3K	negative
3l3c_Q	8fla_L4	negative
4w2i_BB	7uq6_B	negative
3oxm_B	5doy_1y	negative
9nls_R2	9d0h_2y	negative
4xco_M	4v4r_AW	negative
6sv4_nb	6jq6_U	negative
5m1j_34	8y5r_6	negative
1m5k_E	6frk_7	negative
6s13_B	8q7w_5	negative
8kab_B	6zsg_XB	negative
7qgr_M	7qws_7	negative
6gsk_16	8oj8_8	negative
4wt8_Ds	8okd_C	negative
4xwf_A	1qrs_B	negative
5gam_U	8yde_5	negative
4w2h_AX	7pak_4	negative
8qu1_B	4lvz_A	negative
3ud4_R	7kga_A	negative
8ev7_2y	8pv5_C4	negative
6wlr_A	8uqm_d	negative
5el7_2K	2qex_9	negative
7a5k_24	5ndv_3	negative
3epj_F	5wis_2B	negative
8rcm_Y2	6s05_x	negative
4v7j_Av	4v54_DA	negative
5oql_2	7r6l_A	negative
4rzd_A	4x0a_B	negative
5dge_3	8fzr_R	negative
5hau_2w	1vy4_DB	negative
9e75_A	7osa_58S	negative
6vz3_B	6osi_RB	negative
3slq_B	4v5a_DB	negative
9bz1_B	8ip9_cl	negative
7d80_a	3jai_3	negative
7jsw_2	8ydj_6	negative
5x8t_B	9ene_C	negative
6ftg_v	3epl_F	negative
9e5l_A	6vwt_A	negative
4wro_1K	3jah_7	negative
6rm3_L70	3fo4_A	negative
4en5_A	6spg_B	negative
8qu5_B	4v4g_DA	negative
9b0q_PE	9h3s_B	negative
7osm_ASIT	7d80_a	negative
8ev7_2x	4wzd_1J	negative
8yuq_X	5lj3_U	negative
4v5s_CW	5d8h_A	negative
5u4i_B	4v7c_AV	negative
6pcr_J	8xzn_A	negative
7lyg_A	7r81_t1	negative
1qrs_B	9gbw_R	negative
6wdg_2	8r3v_X2	negative
7asm_B	6t7t_7	negative
4d5y_4	7a5g_24	negative
7lv0_5	6wtr_A	negative
4v4j_2	4v6d_BB	negative
4w29_BB	7t1o_A	negative
7oyc_81	7l08_B	negative
4w2i_DB	8yuo_V	negative
4v5c_BB	1il2_C	negative
5osg_2	8y5k_5	negative
5gmk_D	7zki_4	negative
4v7k_Bv	1vbz_B	negative
9v28_sa	7trf_B	negative
9mcw_A	9lmf_H	negative
1hc8_C	5j4c_1w	negative
6gqb_3	6je4_L	negative
6xqe_2x	4v79_BB	negative
9e5o_B	8oi5_3	negative
8evq_A4	9g4j_A	negative
7mpj_A3	7syu_i	negative
1y26_X	4tzw_B	negative
4v6f_CD	4u4o_3	negative
4kzz_j	4v51_DB	negative
6om7_v	4u53_7	negative
5mgp_B	6wd3_6	negative
9d0g_2y	1qvf_9	negative
8bh4_1	9h4n_n2	negative
9de8_A	3j0l_7	negative
7lj3_B	6ppk_B	negative
8oeq_1	5lzy_9	negative
9wnr_A	7nsp_A	negative
9n7b_L1	8ekb_1a	negative
5ndw_1	9bdn_A18S	negative
7pak_3	9n6z_L1	negative
6ogi_3	9i5v_A	negative
7n1p_23	5t5h_A	negative
9mds_H	7m4w_a	negative
8glp_L5	8fmw_AA	negative
9mq4_1	8oin_AA	negative
4v5d_AA	8fle_L3	negative
6cas_A	6gsm_2	negative
7pwo_1	9b1w_Y	negative
5fci_2	8g2u_B	negative
7nwt_2	7ase_0	negative
7pha_5	6vz2_a	negative
7q0f_A	4dv0_A	negative
7r81_A1	1vq4_0	negative
3j3w_A	5obm_1	negative
5j4d_A	7msh_A	negative
8v9k_A	9axt_B2	negative
6th6_Aa	6mtd_9	negative
9e71_1	5jvh_X	negative
7oyc_51	9d7s_1a	negative
7ug7_23	6z6k_C2	negative
5ndv_2	7jqm_2A	negative
8qie_S1	8t8c_1a	negative
6gqv_1	4ox9_A	negative
6t7t_C2	6t83_1b	negative
8c8y_A	6gqv_1	negative
9v27_sa	9fny_BA	negative
5k0y_A	4tua_QA	negative
4zsn_XA	7tos_23S	negative
5lyb_5	8cas_2	negative
3ccq_0	6nsh_YA	negative
8b7y_I	8oi5_CM	negative
6zme_S2	5uyq_A	negative
4v6t_BA	6ysr_a	negative
6rbe_2	8qsj_A	negative
5uym_A	1vq6_0	negative
8yp6_a	6olz_A2	negative
1xnq_A	4tua_RA	negative
8y38_A	6bz7_QA	negative
8vtw_2A	4w2h_CA	negative
8ydf_3	4w4g_YA	negative
4r0d_A	6xqe_2a	negative
5j91_CA	5doy_2a	negative
9jns_A	4v9a_AA	negative
8wif_a	5fdu_2A	negative
8evp_A1	7jql_1A	negative
6fai_2	7ttu_1	negative
6az3_1	7pnv_A	negative
6cfk_1a	8fkp_L3	negative
7f0d_A	1vy4_CA	negative
1j5a_A	8g61_L5	negative
5vp2_2A	6gsl_13	negative
7qv3_a	7msm_A	negative
8uqp_D	4w2f_DA	negative
8pv1_C1	7dul_A	negative
5e81_1H	4v4t_AA	negative
7pwo_1	6ydp_AA	negative
3jah_5	9kmz_2	negative
1i96_A	6d90_2	negative
8whx_a	7jqb_A	negative
9d7r_1A	9h9h_A	negative
9f9s_R1	9nls_R3	negative
6n9e_1A	5kcr_1a	negative
4tuc_YA	8g4i_2	negative
9kmz_2	8t3a_A1	negative
8t3e_B5	4tue_YA	negative
1vq5_0	6ip6_2m	negative
4v5c_DA	6zme_L5	negative
8vio_a	8ekc_A	negative
8oj3_1	9l0r_C	negative
3j7p_5	9nl7_R3	negative
8vvv_9	4v9a_BA	negative
5wnv_A	4tue_YA	negative
6swa_q	7nsj_BA	negative
6wdl_1	9v26_lA	negative
8eiu_A	6zvh_2	negative
5u9g_A	7bl5_A	negative
5kpv_26	4v6d_DA	negative
4v52_BB	7v2l_A	negative
6xza_A1	9l0r_D	negative
4u4n_5	9d7s_1A	negative
6n9f_1a	4v7c_BA	negative
6i7v_AA	8vvu_ZA	negative
7zux_5	9fs6_2	negative
6ysi_1	6d9j_2	negative
9kmz_2	4u4o_5	negative
8t2s_B	6wd4_3	negative
6cae_1a	9gut_A	negative
9mtq_1A	4v9d_BA	negative
6t7t_C1	7paj_5	negative
7pha_3	4v73_AA	negative
8e3m_I	5dat_2	negative
6o9k_a	7p7q_A	negative
8p03_2	1vq6_0	negative
4v8o_BA	8jdk_D	negative
7k50_3	5it8_CA	negative
4v9p_BA	9bsl_A	negative
8c01_2	4v9p_FA	negative
9nlf_R1	4lf5_A	negative
3j79_A	6vz5_a	negative
8k2d_C2	4v8d_DA	negative
8wic_A	8cq7_CM	negative
3jag_9	6by1_CA	negative
4v7h_AA	7kgb_a	negative
5li0_a	4v6u_A2	negative
5czp_XA	8wq4_A16S	negative
9o17_AA	4v85_BA	negative
8y36_A	9f1b_A2	negative
9fny_AA	5lms_A	negative
9b1y_A	3j3w_A	negative
6zs9_XA	9lhl_L	negative
7aqd_A	8k2a_S1	negative
5lzw_5	6zmw_A	negative
4v7l_BA	6y57_L5	negative
5opt_E	3j7y_A	negative
5wdt_A	8t8c_1a	negative
9fo0_AA	7md7_2A	negative
9lhl_G	9d0g_1A	negative
9n7b_L1	6wdl_3	negative
9v21_sa	5el4_1H	negative
7uvy_a	8wv1_A	negative
6cas_A	9dfc_1A	negative
1vy7_DA	9mee_J	negative
8bn3_2	9d0h_1A	negative
4v91_1	8whx_A	negative
8g7r_A	6mtc_5	negative
9bdl_A18S	4v5q_DA	negative
5wfk_a	6pvk_A	negative
4v7h_B5	4v52_AA	negative
9kmx_2	6ppk_A	negative
9g1z_A	3j2e_N	negative
3j2g_N	4v8c_AA	negative
4yzv_XA	5t2c_A	negative
8h2h_A	5li0_A	negative
9ax7_a	8fom_XA	negative
6wd7_1	3t1h_A	negative
6z6k_C1	7rqc_2a	negative
4v4x_BA	6oxi_XA	negative
4wzo_1G	9h91_A	negative
8etj_1	8i7j_2	negative
4u4n_5	1hr0_A	negative
6ppk_A	7ss9_3	negative
5imr_D	7zjx_L5	negative
5hau_1a	8g7q_A	negative
7lvk_I	9mee_D	negative
4b3t_A	6zsa_XA	negative
8ifc_A	9q87_a	negative
4p6f_XA	5nd9_A	negative
6ofx_3	6xir_2	negative
5opt_E	4w2i_DA	negative
1vq5_0	4v71_BA	negative
5mgp_A	4v9o_DA	negative
5lmt_A	6t7t_C2	negative
6z1p_Bb	6zvj_2	negative
9wnr_b	4v4g_CA	negative
8y5n_1	8bpo_A1	negative
4lf6_A	8hfr_1e	negative
5vyc_i3	6cfj_1A	negative
7qi6_A	7zs5_1	negative
8ekc_A	9k0z_A	negative
7po0_A	6qnr_1H	negative
1m90_A	7st2_3	negative
7dug_A	8ohd_5	negative
1yij_0	5mdv_2	negative
8yde_1	7nau_A	negative
8scb_9	4lfb_A	negative
5t6r_A	4wt1_13	negative
9o3i_1a	6czr_2A	negative
6ore_2	9v24_lA	negative
1q82_A	9f9s_S1	negative
6qnq_13	6ofx_1	negative
8agw_f	4v68_AA	negative
6wyv_I	4v5s_AA	negative
5zeu_a	7ope_A	negative
4v88_A6	4v5q_AA	negative
7phb_5	9kmw_2	negative
7nhn_A	9o17_AA	negative
8cdr_c	4v6t_AA	negative
8g7r_A	5j30_QA	negative
5hcp_2a	8pv3_C1	negative
6skg_BA	8vki_A	negative
8k3o_A	5gah_A	negative
4ybb_DA	4w2f_CA	negative
8c01_2	9b0s_s2	negative
9d0g_2A	6nta_QA	negative
8voo_D	8y0u_C1	negative
4v6i_DA	6xdr_a	negative
4v68_AA	7nsi_BA	negative
9v21_sa	8ekb_2a	negative
1fjg_A	8glp_S2	negative
5j4c_2a	9b0q_s2	negative
9gy4_5	7jqb_A	negative
7a01_e2	8cku_c	negative
7olc_1	5dox_2A	negative
6otr_XA	4w2g_BA	negative
8fc2_2A	5l3p_a	negative
9h9k_1	7xd6_N	negative
4v6t_AV	6z6k_C3	negative
9n76_L2	9le6_D	negative
4v9q_DA	6zu5_L50	negative
6tnn_U	9mee_C	negative
8vs9_TMRN	6rxx_C2	negative
5nrl_2	3diq_A	negative
9qqa_A2	6qt0_A	negative
7o5b_W	4c4q_N	negative
9dfe_2a	6wdj_1	negative
4y1o_B	8rxx_L7	negative
8tpu_SA	6vyu_D	negative
6pch_I	9l0r_L	negative
8g31_v	5tzs_1	negative
8fkx_L3	9njv_R1	negative
9o3i_1A	8oj3_CM	negative
8uu6_a	7uph_I	negative
4v5j_AA	4v8n_DA	negative
5ady_B	7rqc_2a	negative
4v8m_BG	6k0a_X	negative
9mee_H	6otr_RA	negative
6d9j_5	8cvm_a	negative
8s8f_2	3j3w_A	negative
8oj3_CM	2f4v_A	negative
6zxh_2	8rd8_iN	negative
9le6_B	6mtd_8	negative
7lv0_1	8ced_A	negative
6qdw_b	4v4s_AA	negative
4u50_8	9lem_B	negative
7jqb_A	4v9r_BA	negative
5mei_1	4v9q_DA	negative
6fkr_2A	3j7o_5	negative
9h3t_A	6z6k_C1	negative
8i9r_C2	6zqc_D4	negative
6ydw_AA	6wub_a	negative
6hhq_AR	8zej_A	negative
9mm6_M	3iyr_A	negative
4wsm_14	8t2z_B5	negative
6rm3_S60	8y5o_3	negative
4v9r_AA	6t83_1b	negative
2n1q_A	6s05_y	negative
6ofx_3	4u56_2	negative
8uik_L8	6zj3_LF	negative
7r6n_A	5t2a_C	negative
9n7b_L1	5mmi_A	negative
8vft_5	5gag_A	negative
4v7c_AA	6ip6_1A	negative
6zsd_AA	4v4g_FB	negative
8xsz_S2	7a0r_X	negative
6xyw_2	5kcr_1A	negative
5mmm_a	5vyc_i4	negative
2uxd_A	7top_A25S	negative
4wq1_1G	9qqa_B5	negative
7jql_2a	8ux8_1	negative
9l0r_D	6gsl_13	negative
8zfg_A	3ccu_0	negative
8g2d_1A	8bge_2	negative
6wdi_3	6gzq_A1	negative
3pdr_X	7qxa_B	negative
9ha4_A	6zqa_D3	negative
9no7_A	8cec_A	negative
6gzz_A2	6gzx_A3	negative
8vsa_23S	4v9b_CA	negative
8idy_8	3bwp_A	negative
1ffz_A	8pv1_C2	negative
9qf5_A1	4v8d_DA	negative
6zxd_2	3jcd_a	negative
9n2c_23	6ndk_QA	negative
8rct_A1	7b7d_LA	negative
1k73_A	5u9g_01	negative
4lfz_QA	8idt_2	negative
6rxy_C2	6hcq_81	negative
8yur_a	9fbv_A	negative
4u3n_8	6j6g_D	negative
6p5j_2	8bqd_BQ	negative
6bz6_RA	9lhl_E	negative
6wdr_2	4z8c_2a	negative
8agv_i	7uo0_B	negative
6ha8_a	8c95_A	negative
4ji5_A	4v8e_CA	negative
7q0f_1	8qk7_2	negative
6gc7_A	5lzt_5	negative
7syp_2	4woi_AA	negative
4v9o_DA	7pi9_3	negative
3cc4_0	4wf1_BA	negative
8ruk_A	4u3n_8	negative
8g6w_a	6wdf_3	negative
6nd5_2a	6ogi_1	negative
6ord_XA	8ekb_1A	negative
4v8d_AA	9j3t_D	negative
8btd_St	9mds_H	negative
8apn_B3	9lem_A	negative
8oi5_B	1w2b_0	negative
4u20_DA	7of1_1	negative
8vvt_YA	9n78_L2	negative
7q0p_1	7oif_2	negative
7uy6_B	7mq9_L2	negative
7rqc_1a	6nsh_RA	negative
9f9s_L2	5tc1_R	negative
6g5i_2	9o3i_1a	negative
8g2d_2a	8cq7_AS	negative
6o90_a	6ydp_BA	negative
6rxz_C2	3iyr_A	negative
1vy4_CA	3cxc_0	negative
3iz4_A	6sv4_BS	negative
4l71_YA	4v4y_AA	negative
6hcq_81	9j6y_B	negative
7uim_B	5j3c_YA	negative
5hcr_2a	1k8a_A	negative
9d0g_1a	6oxa_YA	negative
5on6_6	4v7p_BA	negative
9mee_B	9d0i_1a	negative
6ip5_1C	9g28_4	negative
8hl4_A16S	5j91_AA	negative
9j9i_C	9n76_L2	negative
6ddd_1	6o8z_a	negative
9mmg_c	5lzu_8	negative
8cf1_A	3dim_A	negative
4v8x_DA	9hfn_A	negative
7acr_1	4ji3_A	negative
9n77_L1	8pvk_C1	negative
7n8b_A1	6zu9_2	negative
5v93_a	8r3v_72	negative
6wlu_A	5mei_AT	negative
1hnw_A	7syr_2	negative
7rq8_1A	7wtl_C2	negative
9mme_c	5j4b_1A	negative
6i9r_A	5el6_1G	negative
6gzx_A3	6rm3_L50	negative
6orl_1	6tb3_BQ	negative
6t3s_A	9gul_L8	negative
4u3m_6	4w29_DA	negative
4v5c_BA	5a9z_BA	negative
8rui_A	7r7a_2	negative
9lmf_J	7uqz_2	negative
6gz5_A2	9d0j_2a	negative
4kzy_i	6osi_RA	negative
5u4j_a	5mei_4	negative
2f4v_A	5obm_5	negative
8k0s_A	7qv2_V	negative
5u4j_a	7qwq_1	negative
3j6b_A	4jya_A	negative
5lks_S2	9ggr_0	negative
6ope_YA	8k2c_L5	negative
4v6g_CA	5jut_A	negative
7sa4_2	7oyc_51	negative
9hc4_Z2	9nle_R3	negative
8cvl_1a	4v5a_BA	negative
4lf8_A	8evq_A1	negative
7n2u_23	4v51_CA	negative
6i7v_DA	5we4_a	negative
8y39_a	8vvv_5	negative
6mpi_A	8cre_CM	negative
6gsk_13	9mme_g	negative
7u0h_2	9mm6_c	negative
7n2c_23	9mkk_A	negative
8glp_L5	4u3m_6	negative
4v8o_BA	4ji8_A	negative
8uz3_2	9lhl_B	negative
6ost_2	4ypb_RA	negative
6zsb_XA	4z3s_2a	negative
6mtc_9	6fti_u	negative
7aju_D4	8onz_1	negative
4v8b_DA	8om3_r	negative
9cg7_A	8yop_S2	negative
7ls1_C2	2rkj_O	negative
7nwh_9	6z6l_L5	negative
8jdl_D	4v5f_CA	negative
9qb3_B	7acj_4	negative
4l71_RA	9lhl_I	negative
9gft_AV	9bdl_A18S	negative
3i56_0	8rcm_A1	negative
4v9o_BA	6ywy_A	negative
8rdw_iN	6sv4_ZQ	negative
9lmf_C	3j7r_8	negative
9m78_D	4faq_A	negative
8p60_R60	6gxp_a	negative
2ogm_0	7nbu_A	negative
3jah_8	9n70_L2	negative
4wsm_13	4v63_BA	negative
5j5b_BA	4v79_BA	negative
3cce_0	4v9c_BA	negative
4d61_j	4erj_A	negative
6zxe_2	6q98_2	negative
8vvq_YA	6wlu_A	negative
4ujc_A2	5lzc_a	negative
4v89_BA	6swa_q	negative
4v8t_8	9lee_I	negative
5lze_A	8rct_A1	negative
9iot_a	7y7g_a	negative
6p4h_2	1s72_0	negative
8xsx_S2	5wis_2A	negative
8rpz_A	8p2h_a	negative
7of7_A	6wd2_3	negative
4ybb_BA	5nd9_A	negative
4e8t_A	7cpu_L8	negative
4w29_AA	7uvv_A	negative
9buu_AA	8a22_A7	negative
6oli_D	9lmf_B	negative
8cdl_c	7d80_B	negative
6wd7_6	4p6f_YB	negative
7m4w_B	8bsi_Lu	negative
7aav_5	7q4k_D3	negative
4feo_B	5j4b_1y	negative
2miy_A	6ord_XY	negative
5uyp_X	8g6j_L7	negative
2ydh_A	3jcd_B	negative
9d7t_2y	6n8j_2	negative
9o3k_2y	8y38_B	negative
3j77_5S	3oxd_B	negative
5w4k_2y	9gmo_B	negative
3v7e_D	8r08_5	negative
8ud7_2B	5uyn_Y	negative
5j4c_2B	7pis_8	negative
3jbp_AB	6gz5_Bv	negative
4v5p_AW	6ouo_3	negative
6lvr_D	4v74_BB	negative
6wd3_2	8zh3_Tb	negative
9fbv_b	9drv_C	negative
4wsm_1J	7st2_5	negative
8ekc_x	3mum_R	negative
9mr4_2	8r55_Y	negative
4wra_3K	7oyc_71	negative
8asw_X	8xu8_B	negative
8cvl_1w	6o8y_B	negative
9b1x_U	7qv2_H	negative
4tzx_X	7a09_f	negative
5lys_A	6ufh_B	negative
3b4a_B	7lv0_5	negative
8ro1_5	4v8f_BB	negative
6htq_u	6mj0_B	negative
3j46_a	6wru_2	negative
8gzp_S	5wit_1x	negative
7pam_4	5uyk_W	negative
9ec4_M	4v4v_AU	negative
6ole_u	8cku_BB	negative
2n7m_X	8xu8_t	negative
5vpo_RB	8voq_B	negative
6yal_1	6vyw_d	negative
4v4y_AB	6y0g_L7	negative
6xhv_1w	9v4u_A	negative
5lqw_5	2mf0_G	negative
9v4v_A	7ohs_2	negative
6vz3_A	8fl3_L4	negative
6cfj_1y	4feo_B	negative
4tzz_K	3j9z_LB	negative
1y27_X	4v9f_9	negative
3wfq_A	3g8s_P	negative
6xza_B2	8cvl_1y	negative
5hl7_Y	3deg_G	negative
7oyc_81	5uq8_y	negative
6prv_B	8civ_BB	negative
4wt8_Ds	7jt3_5	negative
3mur_R	4v6g_AD	negative
1vy5_AW	4cxg_1	negative
3l3c_R	8pv1_C4	negative
9e5l_B	8vop_B	negative
8p7y_4	6nd5_1y	negative
4ari_B	9wnq_a	negative
6wdm_6	5u3g_B	negative
6cfk_1B	7d80_y	negative
9n9j_L7	9o3i_1w	negative
5el4_16	8ud6_1w	negative
5wfk_y	8cdr_BB	negative
5lzz_3	8p17_3	negative
9e5o_A	7ohx_2	negative
7jqq_K	5xy3_3	negative
5b63_D	8y5s_2	negative
8y0u_C3	7yci_N	negative
8fky_L1	8sa6_B	negative
8vsa_TMRN	6n8n_C	negative
9lmf_G	9buq_AC	negative
9lem_F	4e8t_A	negative
4v6t_AV	7d4i_3A	negative
9le6_C	6fti_w	negative
8apo_B4	8fl6_L1	negative
4e8n_A	9mm6_Q	negative
6oli_D	8rum_A	negative
6mte_8	8a22_B3	negative
9mm6_Y	6w6l_D	negative
7qvp_L1	8run_A	negative
8zmj_C	9kpo_A	negative
4e8k_A	6ip6_1C	negative
7syq_z	5t6r_C	negative
3j16_K	8tjx_N	negative
9j6y_E	7syx_z	negative
4u4q_4	5jpq_3	negative
7zjx_I	7qwq_1	negative
8ruj_A	3q1r_B	negative
7syk_z	7v08_2	negative
3pdr_X	7ohv_2	negative
9mm6_U	4u55_4	negative
5ndv_8	4ue5_A	negative
5fci_8	9g25_4	negative
8q7z_B8	2a64_A	negative
8g6j_L8	3iz4_A	negative
7afk_1	6k0a_X	negative
8cq7_AU	3dhs_A	negative
9m78_C	6t3s_A	negative
9lee_D	9j6y_A	negative
5oql_2	8oh6_4	negative
5t2a_G	7qvp_L1	negative
8fkp_L1	7lma_B	negative
9mm6_Y	6k0b_X	negative
8hd6_N	8pv3_C2	negative
9lem_A	4v88_A4	negative
6wua_a	6wls_A	negative
3j16_J	5juo_C	negative
7sym_z	7b0y_a	negative
9qay_B	8y0x_L8	negative
4wfn_Y	5aj0_Bw	negative
8cdl_Bb	9ebp_M	negative
7rq8_1B	4l81_A	negative
4qk9_A	4frn_B	negative
7ow7_B	3g8t_Q	negative
5dgf_3	7y7e_Z	negative
9e5p_A	6wdb_2	negative
8wv1_B	6hcq_q3	negative
8y5s_5	7ttw_2	negative
8vqv_A	6gwt_B	negative
9e5p_A	6bk8_5	negative
8t5o_A	9bdl_A5S	negative
7pjt_v	4v4h_DA	negative
3j46_a	7asm_B	negative
8aaf_h	6fti_q	negative
6gsk_3L	4v9k_DB	negative
5kps_31	7p7s_B	negative
4v79_BB	4v8d_CB	negative
4wu1_1J	8peg_W	negative
5d8b_AD	8ifc_6	negative
9de6_B	9k10_B	negative
5fci_3	8k0y_B	negative
8fky_L1	9j3r_C	negative
9dfc_1B	1vvj_QV	negative
7yr6_A	4v7k_Aw	negative
3j0o_h	9dfd_1B	negative
8caz_A	8k2d_C3	negative
6vmy_A	7pjz_w	negative
5lks_L8	8tjq_N	negative
4e8m_A	9h9k_1	negative
8bf7_4	7msc_B	negative
6d6v_B	5mei_4	negative
2csx_D	5mei_3	negative
5jte_AX	8uua_B	negative
6rxu_C2	7btb_2	negative
7pjx_w	7q0p_3	negative
4u52_4	6wua_a	negative
9nlb_R2	2ms1_B	negative
3ds7_B	7zw0_LC	negative
2rkj_O	8pfr_LD	negative
6sv4_ZR	4b5r_A	negative
6lxd_D	6czr_2B	negative
6gz4_A4	9gmw_T	negative
5dc3_8	6t3s_A	negative
9o3i_1w	3jaj_7	negative
9fq0_1	7b9v_5	negative
6exn_5	5t2a_G	negative
8idy_5	7d7x_A	negative
7ohr_2	9le6_D	negative
9fsf_4	6wd9_2	negative
5e81_3K	8hky_A5S	negative
1grz_B	2a2e_A	negative
4v8c_BB	6sv4_mb	negative
1x8w_D	6y0g_L8	negative
4v3p_L3	6bok_IA	negative
9wnr_Y	6xqd_1B	negative
8sa4_A	8vvu_YA	negative
9cbu_N	8fku_L1	negative
7qwq_1	8agt_i	negative
5lzz_8	6uz7_8	negative
4u3n_8	9le6_A	negative
4v8p_G2	6wlu_A	negative
8fle_L1	9v1k_sa	negative
8zgr_LC	9qb3_B	negative
5fci_8	2qbz_X	negative
7syg_z	9azm_S2	negative
8ols_A	9azm_S2	negative
7xsl_N	6ft6_2	negative
9ely_A	9fxo_L4	negative
3dir_A	4u4q_4	negative
8oeq_AU	8rul_A	negative
8a3w_4	3dis_A	negative
4v4p_BC	7qr4_B	negative
8g7p_y	4io9_Y	negative
8fkw_L1	8r57_A	negative
5yyn_D	8ud8_1B	negative
9c6i_A	4u4z_4	negative
4d5n_X	5flx_z	negative
8tjq_N	8p4v_AT	negative
8sa6_A	9kph_A	negative
8vsa_ATRN	8ip8_TB	negative
7s1h_J	5wf0_v	negative
3p49_A	7btb_2	negative
5lzv_8	7uo0_B	negative
6wll_A	7xd6_N	negative
7jss_5	6vwl_3	negative
8apo_B4	8g6j_L8	negative
8cq7_3	2ww9_D	negative
5j01_A	8agx_i	negative
3ski_A	6wd5_2	negative
8rxx_L4	8p4v_4	negative
3dix_A	9g1z_4	negative
7mt7_y	8pnn_AS	negative
7syq_z	3iyq_A	negative
8g2b_2w	9n2b_5	negative
3zn8_G	9o3j_1w	negative
9h9k_1	7ohr_2	negative
8vvj_A	4v8f_CD	negative
4d5y_3	4ds6_A	negative
4wro_16	3epk_E	negative
3izy_N	4u20_BB	negative
6mtd_8	6k0a_X	negative
7tdc_A	6wqq_2	negative
8c3a_4	7syx_z	negative
7d4i_3A	9cbw_N	negative
6bz7_QV	7oya_71	negative
8fkx_L1	2rkj_C	negative
5wwr_D	4u4z_7	negative
5el7_1J	4z3s_1y	negative
9n70_L2	4fau_A	negative
4l71_QV	8oj8_7	negative
9lel_J	4e8n_A	negative
4v76_A3	6pcs_J	negative
1ttt_F	8qk7_3	negative
7uy6_B	9le6_E	negative
9cbx_N	8ca7_A	negative
5it9_i	4gma_Z	negative
6zqc_D4	8zh3_LC	negative
4v6t_AV	3d0x_A	negative
5m1j_44	9v28_sa	negative
1fg0_A	9le6_A	negative
9lee_F	7azy_G	negative
8a98_4	8y0u_C3	negative
8zhb_LC	7sam_A	negative
9n74_L2	6qtz_y	negative
5nrl_2	8olz_A	negative
5oql_2	7xsn_N	negative
9le6_F	5lks_L8	negative
2dr2_B	7tzr_X	negative
3dix_A	6n8o_C	negative
4cxg_Y	4v8d_DB	negative
4u3n_4	6zqe_D4	negative
4lt8_RB	4w2i_CX	negative
3j6y_8S	7r6n_A	negative
4v7t_BB	8r6c_Z	negative
9axv_B3	4v8d_AB	negative
8cf5_CC	7acr_4	negative
5j01_A	3j16_K	negative
8apn_A3	8agt_i	negative
8idt_8	8sa2_A	negative
1fg0_A	6zqc_D4	negative
8b6c_8	9m79_A	negative
9j6y_F	7pzy_4	negative
6frk_1	4gma_Z	negative
8ceh_CC	7r7c_1	negative
9i05_RX	5lzz_8	negative
3jaj_4	3j2c_M	negative
8w2o_R	8pvl_C2	negative
9lmf_F	5zwo_B	negative
5gak_4	9g4i_A	negative
6ftg_w	9c0i_R	negative
6hcj_81	6q97_4	negative
8yoo_L8	7uy6_B	negative
3eoh_A	8a98_4	negative
6hiy_CA	8apo_B4	negative
5z3g_B	8om0_A	negative
6sv4_ZR	6oli_u	negative
6wd1_2	7osa_PSIT	negative
8pv3_C2	9g4l_A	negative
5a8l_A	8y0u_C3	negative
4p8z_A	4v92_AZ	negative
5uym_Y	6n9e_1B	negative
4e8n_A	9j6y_A	negative
3q1q_B	8fkv_L1	negative
6r87_4	6q9a_4	negative
7ls1_C2	8sa2_A	negative
8pv7_C2	8sa6_B	negative
7syn_z	6ytf_3	negative
5tbw_AT	4e8p_A	negative
5d8b_WC	7nhn_D	negative
9fxo_L4	7zjx_L8	negative
8p8w_7	8vkv_d	negative
9j6y_B	7qxb_B	negative
4tzz_B	6of1_1B	negative
5wfs_w	3iqp_A	negative
4d67_3	4erl_A	negative
4v6g_CC	2hol_A	negative
7syh_z	5ndw_8	negative
5lqw_5	6n5n_A	negative
3j9w_BB	8ztv_Y	negative
8g60_L8	9le3_D	negative
8ove_BC	8hd6_N	negative
8p8n_LD	9n78_L2	negative
7ac7_4	6n7x_R	negative
7q0p_4	4fax_A	negative
8vup_5	6i7v_CB	negative
9j6y_A	5j01_A	negative
1grz_A	9c6i_A	negative
9mm6_Y	6lqm_8	negative
4v6m_B7	4v4w_AV	negative
4l81_A	6fti_q	negative
4lvx_A	8ud7_2x	negative
3jag_7	5imq_5	negative
7oid_z	6y5q_2	negative
7qvp_D5	2ydh_A	negative
2go5_A	1gtr_B	negative
7q4k_D2	9ghd_b	negative
6prv_B	8cvj_1y	negative
7too_APTN	6s47_AB	negative
6dlr_A	9f9s_M3	negative
1m90_B	9dfc_1x	negative
5ot7_2	2g9c_A	negative
5jc9_CB	5wis_2w	negative
5jup_C	3dix_A	negative
5j30_YB	6cae_2y	negative
6oj2_RB	5o61_BW	negative
5ot7_2	4zdp_E	negative
6of6_QY	7ug6_3	negative
9gch_T	7a01_d2	negative
8uql_A	7zux_4	negative
4v8z_B7	6xu8_A8	negative
4v49_AW	4v9m_DB	negative
9g30_PT	4u55_3	negative
7k00_b	6jdv_B	negative
9d0i_1y	5btp_B	negative
6fxc_BB	6cfj_1w	negative
7azs_ASIA	8fc6_2B	negative
6t7t_7	1q82_B	negative
4rqe_B	7nrc_Sm	negative
7s1h_J	4yvj_C	negative
486d_E	5fke_A	negative
9gy4_7	7ssd_5	negative
9obm_A	5xxb_3	negative
4cxg_1	9bdp_TIRN	negative
4v6a_DB	8wnd_R	negative
9c3i_A	4v8a_BB	negative
8uvr_2y	8b7y_J	negative
4v5e_BB	6by1_AV	negative
4v6d_BB	1s9s_A	negative
4lfz_RB	8d9k_C	negative
3jbv_a	8g2b_1y	negative
6q9a_3	8ud7_2w	negative
3j2c_O	2cv2_C	negative
6wzr_B	7y7c_b	negative
8rr4_T	6spd_B	negative
7v08_3	5o61_BW	negative
8qp8_5	1yij_9	negative
6x6t_d	8p16_5	negative
6zu5_L70	7onu_T	negative
4v4g_FA	8ja0_B	negative
5fci_7	6bz7_QV	negative
7o80_AT	5e7k_1J	negative
8cdl_Cc	8ja0_B	negative
6yef_B	8yuq_X	negative
9iot_B	3jbo_7	negative
8wi8_B	8p7b_T	negative
5hc9_C	5hau_1B	negative
9i78_L3	4fep_B	negative
8k30_B	7ozs_3	negative
7qi6_Aw	8fla_L4	negative
7oyc_71	6cae_1x	negative
3wqy_C	6ost_3	negative
9d0j_2y	8e5t_2	negative
9dfc_2B	6r6g_3	negative
4v7l_DB	2gcs_B	negative
7d6z_2	7uvz_B	negative
3zjv_B	9g1z_3	negative
3iwn_A	8xzk_A	negative
8uxb_5	4enb_A	negative
7obq_1	7bge_a	negative
8rcm_X2	5ddp_A	negative
7azo_5SB	9ghf_Z	negative
4v4i_x	6xir_AZ	negative
1evv_A	7ssw_2	negative
8ydg_2	4v79_A3	negative
8oh6_AT	7rq9_2y	negative
4ari_B	4z3s_2B	negative
9ebv_A	6czr_1B	negative
7s1i_J	7as8_2	negative
4tra_A	5mdy_3	negative
2om7_J	4cxh_Y	negative
8vm9_C	8vup_5	negative
9d0j_1w	4qka_A	negative
5v7q_B	8cvj_2y	negative
6wlr_A	8y5p_2	negative
9ghg_F	7ttu_2	negative
7n30_Pt	9esh_5	negative
4v8f_DB	8cvk_1w	negative
8vtx_2B	4lck_E	negative
8ink_3	3iqr_A	negative
4jyz_B	4v54_BA	negative
9v4z_A	5gam_U	negative
7tdb_A	5imq_E	negative
7msm_y	3fo6_A	negative
4lx6_A	9fbv_b	negative
8fzh_B	6ztn_AZ	negative
6gxo_B	4w2h_CX	negative
7aqc_B	4v67_AZ	negative
6fkr_2B	1o0b_B	negative
6ytf_3	4u4r_8	negative
7f36_F	5y88_B	negative
7jqq_M	9p4i_B	negative
4v5k_AW	6o3m_YB	negative
8akn_b	7phc_8	negative
7yg8_N	6t3k_A	negative
2ww9_D	2om7_C	negative
6xzb_B2	3slm_B	negative
7n31_Pt	8ja0_B	negative
5lyv_B	8vor_A	negative
8yde_2	7msz_y	negative
9nl5_R2	3ski_B	negative
4zdo_E	7a5j_B	negative
8vtu_2w	9ec4_M	negative
4wce_Y	8h6l_4A	negative
8t2x_A3	8jdk_B	negative
8wi8_B	3adc_D	negative
6tc3_05S1	9d0i_2x	negative
4v6m_AV	4v5l_BB	negative
4wpo_BY	4v72_BB	negative
8kd9_T	7k51_2	negative
8qcq_y	7q0p_3	negative
9e5l_B	8uu4_B	negative
6qnq_3K	5tf6_B	negative
3jcm_F	6enf_B	negative
8qxd_5	3jbv_W	negative
8cvk_1B	4v6g_AC	negative
8vvs_TA	4v7r_D2	negative
3rg5_B	8vu0_D	negative
6x7f_B	5btp_B	negative
6enj_x	6cc1_B	negative
4u51_3	4v5l_AY	negative
7msh_B	4w2f_CX	negative
4lsk_YB	8peg_X	negative
6ogi_5	5xym_B	negative
5mc6_BR	6q9a_7	negative
7nbu_V	6of1_2B	negative
8y0w_L7	9o3l_1y	negative
6ah3_A	4ue5_A	negative
4v5d_DB	6xza_f2	negative
2det_C	8qyx_B2	negative
6bk8_5	4v6q_BA	negative
9mtt_2x	8yuq_b	negative
6wzs_B	8z71_s	negative
5xjc_B	8hl2_APTN	negative
5jte_AY	8vwq_3	negative
8p8n_LE	4v4v_AU	negative
6ot3_3	8uqm_A	negative
7nwh_7	6xhv_2y	negative
3iqp_A	8rcm_W	negative
4v8c_DC	7qv1_B	negative
3jai_3	4wzd_16	negative
5doy_1B	6wd1_5	negative
4v5b_CA	7k50_5	negative
9bdn_A5S	3hjw_D	negative
7sfr_B	4nyg_A	negative
8t2y_tP	3w1k_J	negative
3al0_E	1q81_B	negative
8p8b_4	1m5v_B	negative
8ubf_I	8vvp_SA	negative
8v83_2	6agb_A	negative
7olc_3	8r6c_Z	negative
3ccm_9	5fkf_A	negative
8glp_L7	4wt1_1K	negative
7jt3_5	8qo9_5	negative
6xa1_L7	4wqf_DY	negative
6vyw_B	6xdr_d	negative
8p7b_R	8oeq_AT	negative
6vvj_A	8flc_L4	negative
8upr_B	9bz1_A	negative
8rjd_q	7w5b_B	negative
6h4n_B	8xsx_CC	negative
3j0l_7	1vqk_9	negative
8fon_YB	9d0g_2y	negative
4v9b_AC	4v87_DB	negative
6n9e_1x	4v4a_B9	negative
7abz_3	9e5l_B	negative
7cpu_S6	4rum_A	negative
9d0j_2w	8g5y_L7	negative
2nz4_R	7paq_8	negative
6zm7_CC	8t3e_A3	negative
9o3h_1x	4v71_BB	negative
6by1_AV	5juo_D	negative
7a5g_C	4v6c_BB	negative
1vc5_B	9e5q_A	negative
7pao_6	4v7z_BB	negative
3wqz_C	8ev7_2B	negative
4v5g_AY	8h6j_5A	negative
4v9p_AB	5ndk_W1	negative
7oi8_z	7ug7_5	negative
7unv_B	2nr0_E	negative
3j0o_W	6wu9_B	negative
7oia_B	8jdl_E	negative
6ftj_v	7uck_2	negative
4csu_A	4y4p_2x	negative
8fn2_B	4yaz_A	negative
7mpj_A3	6ywe_bb	negative
4v9o_CB	4w2g_AY	negative
5y88_B	6o9j_A	negative
8ifb_b	6cc3_A	negative
8bh4_1	8urm_6	negative
6az3_7	6j6g_D	negative
7uvt_A	6t4q_C3	negative
8ova_BC	8olw_A	negative
9e75_A	4v88_A4	negative
8ols_A	8fl3_L1	negative
8ruk_A	8ove_BG	negative
6z6j_C3	8zmk_C	negative
8cqw_AT	1euy_B	negative
9lem_A	8i9y_C2	negative
6ip8_zz	8oi5_AU	negative
7yc8_N	7obq_1	negative
8fks_L1	8sa6_A	negative
8a98_4	1grz_A	negative
7uo0_B	5dgf_4	negative
8oeq_AU	9kph_A	negative
9c4g_b	6fec_N	negative
8vsa_TMRN	7uy5_B	negative
7b0y_a	8tjq_N	negative
7r6q_1	9buu_AC	negative
9g1z_4	7mq8_L2	negative
8vvp_YA	9v1k_sa	negative
6gz4_A3	9lem_D	negative
6ri5_y	4gxy_A	negative
2qbz_X	5z3g_B	negative
9lee_A	4v8z_B8	negative
1x8w_C	6exn_5	negative
3j6x_8S	7afd_1	negative
7rr5_C3	7afd_1	negative
8a3w_4	7mqa_L2	negative
8run_A	7xd5_N	negative
8p9a_AT	9lem_I	negative
9mm6_c	8v87_2	negative
8ifd_1C	6ah3_A	negative
6q95_4	6hcm_82	negative
3diy_A	8evr_A4	negative
9n78_L2	6zmo_L8	negative
6wlt_A	9lee_F	negative
9le3_B	9h9k_1	negative
9lem_I	8pv2_C2	negative
9le5_A	8q87_B8	negative
8vz6_R	7elr_B	negative
8w2o_R	4erj_A	negative
3diq_A	8hd6_N	negative
9qb3_b	8xu8_C	negative
7xd5_N	6wlm_A	negative
8pnn_AT	3igi_A	negative
8fkr_L1	9mqs_A	negative
6r6g_AF	8sa2_A	negative
7afa_1	6p5i_8	negative
6v39_B	8fr8_E	negative
9lem_A	7u0h_2	negative
6wdm_7	6zu5_L70	negative
6r6p_8	7nfx_1	negative
7acj_4	5nrl_5	negative
7ych_N	3bwp_A	negative
5lyb_4	8sa6_B	negative
8t3d_A4	3d0u_A	negative
9n75_L2	8vft_8	negative
9j3r_A	9npy_i	negative
8ruj_A	8vvt_YA	negative
9mm6_E	3jaj_4	negative
6sv4_YS	7uvt_A	negative
7uo1_B	8oh6_4	negative
9qb2_B	9b0q_L8	negative
9n74_L2	9kgg_U	negative
2qbz_X	7cpu_L8	negative
7uo2_B	5ndw_8	negative
8apo_B4	4fau_A	negative
8t30_A4	4gma_Z	negative
8cqw_AU	1fg0_A	negative
4u3u_4	5zwo_B	negative
4e8v_A	8q5i_4	negative
9lcr_B	9lmf_J	negative
5t2a_C	9qb3_b	negative
9i05_Rc	8i9r_C2	negative
9le3_B	8fkz_L1	negative
5ndg_4	4ujd_BC	negative
6n7x_R	4u6f_8	negative
9le6_B	3q1r_B	negative
9lem_B	7bge_a	negative
5apo_8	9lee_D	negative
8rxh_L4	7b7d_LC	negative
6ybs_A	8fl7_L1	negative
9f1c_B8	6zj3_LF	negative
9le3_C	8esr_2	negative
8olv_A	8ipd_8	negative
5wfk_B	8bil_4	negative
9mm6_M	8zmj_C	negative
6r6g_3	6wd1_2	negative
5o69_B	5gad_1	negative
6zj3_LF	5i4l_8	negative
9mm6_U	8b5l_8	negative
3j5s_A	8b6c_8	negative
6yly_3	4e8p_A	negative
4u3m_4	9le3_A	negative
5j02_A	7zjw_L8	negative
8sa3_A	5tgm_8	negative
6k0b_Y	3j5s_A	negative
6aso_I	9lmc_A	negative
8ovj_4	7osm_58S	negative
8flb_L1	7o5b_W	negative
8ife_1C	9h9k_1	negative
9b0s_l8	4e8p_A	negative
9buu_AC	5u4j_a	negative
6t3r_A	4ujc_A3	negative
7yc8_N	8p85_AT	negative
7cpv_L8	9g8m_X	negative
4u4u_8	9i05_RX	negative
9cby_N	7d5t_3A	negative
7xsl_N	8ukb_L8	negative
6yly_3	7trf_B	negative
8a98_4	9c0j_R	negative
6rxt_C2	8p85_AT	negative
9lee_B	8glp_L8	negative
7qwq_1	8p8n_LD	negative
3dil_A	4u53_4	negative
9n9j_L8	9lmf_H	negative
8vvp_YA	4v8m_BG	negative
6hd7_4	6rxu_C2	negative
9lee_I	6y6x_L8	negative
5it9_i	9cby_N	negative
9j6y_F	8agu_i	negative
3diq_A	9lem_F	negative
4y1n_A	9lem_F	negative
8t3e_A4	9g28_4	negative
7syl_z	8cqw_AU	negative
8apo_B4	8vvp_YA	negative
8zmh_A	4u4o_4	negative
6r6g_AF	9fq0_1	negative
3p49_A	4ujc_A3	negative
7sym_z	7ych_N	negative
7yc8_N	8agx_i	negative
9lmf_C	8ogj_4	negative
8zhc_LC	8sa5_A	negative
3d0x_A	9le6_B	negative
9g25_4	8ruh_A	negative
8zmh_A	6gz4_A3	negative
6t59_84	8apn_A3	negative
2rkj_G	6zqd_D4	negative
7afh_1	8ip8_SB	negative
7elq_B	5gad_1	negative
7ycg_N	6y2l_L8	negative
9qqa_B8	7yci_N	negative
6z6n_L8	3dhs_A	negative
8p8n_LD	9lem_F	negative
8r57_A	6c0f_2	negative
3p49_A	5i4l_4	negative
9lmf_D	6p5k_8	negative
7trd_B	9bdp_A58S	negative
8a3w_7	9g4j_A	negative
2kuw_A	8rcm_71	negative
6w6l_D	6q95_4	negative
6z6m_L8	6rxx_C2	negative
9c0j_R	3eoh_A	negative
9le6_C	5lzs_8	negative
8apo_B4	9buq_AC	negative
8t2y_A4	9g25_3	negative
8a22_B3	8ie3_8	negative
6hcm_82	4c4q_N	negative
7aor_2	8jdl_F	negative
6zj3_LF	4e8n_A	negative
1fg0_A	8sa4_A	negative
4v8p_B2	8ruj_A	negative
3dir_A	7ohq_2	negative
7scq_C	7ohr_2	negative
6boh_HB	5lmu_Z	negative
8zhb_LC	4e8t_A	negative
9axu_4	4fb0_A	negative
9lee_I	8evr_A4	negative
7osa_58S	9n78_L2	negative
4d5n_X	4faw_A	negative
7bge_a	8rxx_L7	negative
7nfx_1	7syu_z	negative
8q5i_4	4y1o_A	negative
8i9r_C2	9c0i_R	negative
7pkq_3	7xd4_N	negative
9ely_A	9g8m_X	negative
7lmb_B	8qyx_C2	negative
9hl9_L7	8apo_B4	negative
9kph_B	1x8w_C	negative
7acr_4	4u52_8	negative
7o7z_B8	7d5t_3A	negative
7qxb_B	8olz_A	negative
9ndp_8	6zj3_LC	negative
8sa6_B	8rjb_v	negative
5lzy_8	9le3_A	negative
1nbs_B	7syx_z	negative
9lmf_A	7sc6_C	negative
3dix_A	6sgc_84	negative
6zqc_D4	6j6h_D	negative
6r6g_AF	1y0q_A	negative
3j77_8S	9mm6_E	negative
7z34_3	9kph_A	negative
6ytf_3	9qeq_a	negative
7n8b_A4	3dir_A	negative
6rxx_C2	8qhu_7	negative
5i4l_4	9mm6_I	negative
3dio_X	8ip8_SB	negative
7b7d_LC	7bge_a	negative
8apn_B4	8zh3_LC	negative
8qyx_C2	6j6q_D	negative
6rxy_C2	8tjx_N	negative
9b0p_L8	7scq_C	negative
8ir1_8	2a64_A	negative
8qie_7	6j6n_D	negative
8flc_L1	3diq_A	negative
6zqe_D4	8fkq_L1	negative
1x8w_B	8sa3_B	negative
8k30_B	6of6_YB	negative
7sys_z	9lem_H	negative
8olv_A	9hl9_L7	negative
7u0h_2	4y1n_B	negative
6z6j_C3	6ah3_A	negative
8v87_2	7mq8_L2	negative
9le6_F	4u51_8	negative
6ip6_zz	8rjd_v	negative
8fla_L1	8r57_A	negative
9g28_4	8i9v_C2	negative
7naf_1	4v6x_A8	negative
9m78_C	5dat_4	negative
8ruk_A	5tbw_AT	negative
4e8v_A	6lqs_3A	negative
8pv6_C2	7syr_z	negative
5nrl_5	9lem_H	negative
7acr_4	5lyb_8	negative
9n76_L2	7b7d_LC	negative
6swe_2	5ndv_4	negative
9cbx_N	7sc6_C	negative
8sa4_A	6y2l_L8	negative
8fld_L1	4p8z_A	negative
8oh6_4	5a2q_3	negative
2rkj_K	8oj3_AU	negative
7afk_1	6w6v_A	negative
2n1q_A	7of1_2	negative
7xsl_N	7o5b_W	negative
7zuw_3	8ovj_4	negative
6fti_w	7naf_1	negative
9mqt_A	6snt_3	negative
4wf1_DB	2h0z_B	negative
4v6o_AB	8cgn_BB	negative
9f9s_L2	7uvt_A	negative
6t3s_A	9lee_H	negative
4u4y_4	8run_A	negative
7tzt_A	1vq5_9	negative
6lqs_3A	8iaz_E	negative
8hu1_X	7u2i_1B	negative
9lee_A	5dat_8	negative
8h8e_G	8zfi_a	negative
7pip_7	8vvs_XA	negative
6wls_A	9lmf_G	negative
8ruj_A	9lem_J	negative
7nrd_LB	4enb_A	negative
9e5i_A	7p7r_D	negative
3dix_A	7syj_z	negative
9kgg_U	9lmf_J	negative
8pv3_C2	7syh_z	negative
8z70_C	2rkj_G	negative
5tbw_4	6t3r_A	negative
9lee_F	5lzt_8	negative
9lem_H	4u3u_4	negative
8fku_L1	3diz_A	negative
6rxx_C2	6swe_2	negative
4fax_A	7qwq_8	negative
6ft6_2	9n72_L2	negative
6d6v_B	8vvv_8	negative
5j02_A	3jct_2	negative
8ovj_7	7b0y_a	negative
4u4q_8	3pdr_A	negative
7qxb_B	6rxt_C2	negative
6swa_r	8rum_A	negative
8agw_h	4wc4_B	negative
6m62_2	3dix_A	negative
9mm6_U	8zh3_LC	negative
8zmk_C	2rkj_O	negative
2h0z_B	9c4g_b	negative
8pv3_C2	7ez0_N	negative
8uti_C	9kph_B	negative
1ffz_A	6elz_2	negative
5wfs_v	4qln_A	negative
5ndk_16	8hsp_X	negative
7afk_1	5juo_C	negative
3jbn_AC	3j16_J	negative
8jdl_F	7ycg_N	negative
8pvk_C2	3dj0_A	negative
7too_A58S	7sc6_C	negative
8fw4_Z	9lee_G	negative
7pkq_3	6ylg_2	negative
3eog_A	5it9_i	negative
8e3o_J	5j4c_2x	negative
7nfx_1	7obr_8	negative
7u2h_1y	4v88_A7	negative
9fxo_L4	6ylh_2	negative
6dzi_B	5gan_U	negative
5t2a_D	6nd6_1x	negative
7ohq_2	7sys_z	negative
8tpu_AC	6az3_4	negative
4wpo_BX	4v8p_B3	negative
4u1u_DB	4qlm_A	negative
6wlm_A	4d5n_X	negative
1x8w_A	7o7z_B8	negative
1nbs_B	7ycg_N	negative
6wjs_X	8uu6_x	negative
9le3_C	5lzu_8	negative
8ols_A	7vpx_L	negative
9qeq_a	7b9v_2	negative
7syo_z	7uo1_B	negative
7d4i_3A	5gak_4	negative
9lmf_B	7z3n_4	negative
6hd7_4	9h9m_1	negative
4c4q_N	7tor_A58S	negative
4v8p_C2	9qb3_b	negative
3jan_8	3dil_A	negative
8ink_8	7lma_B	negative
4feo_B	1foq_E	negative
3j77_8S	8rum_A	negative
3dj0_A	4u56_8	negative
9lmf_B	8ove_BG	negative
7ygc_N	4ujd_A3	negative
8rul_A	9m78_F	negative
8apn_A8	8c3a_AU	negative
9j3r_D	8pnn_AT	negative
6p5k_8	8apn_B4	negative
4v92_AZ	9kgh_U	negative
8zmh_A	9dtr_5	negative
8sa3_B	7qvp_L1	negative
5zwo_B	6ahu_A	negative
6wlu_A	8apn_A8	negative
9m79_A	6mtd_8	negative
9le6_A	6hd7_4	negative
1ffz_A	6zj3_LC	negative
8qie_7	9cxf_A	negative
4v6t_AV	7r7c_1	negative
9bdp_A58S	9m78_F	negative
6zj3_LF	7a01_h2	negative
6olz_A3	9qax_B	negative
8oh6_4	8sa4_A	negative
4v5r_AY	4wfb_Y	negative
8r3v_W	8agx_h	negative
8p16_5	8pv3_C4	negative
7q4k_BB	8xu8_s	negative
8a22_A3	7r81_C1	negative
9le6_A	7pkt_3	negative
4v5a_BB	7ohx_2	negative
4u55_4	3diy_A	negative
6s05_y	6az3_4	negative
5on6_4	9le5_A	negative
8ev3_2	7b0y_a	negative
7ac7_4	9mm6_E	negative
8oi5_4	9m79_A	negative
3pdr_X	6zmi_L8	negative
9hl9_L7	1grz_A	negative
5oql_2	8caz_A	negative
8rul_A	7oyb_81	negative
9j6y_B	9h9i_1	negative
6xu7_A7	7d7x_A	negative
8r08_5	9d0h_1w	negative
7ug6_2	9c0j_R	negative
7nwh_8	6q95_4	negative
4faq_A	8tpu_AC	negative
8agz_i	7trf_B	negative
8vsa_TMRN	8azw_B	negative
8fl4_L1	7trd_B	negative
6uz7_8	8g5y_L8	negative
9b0p_L8	9mqs_A	negative
8a22_A3	4d61_j	negative
6q9a_4	7toq_A58S	negative
9fxo_L4	7qiz_8	negative
4wqf_BW	9o3i_2B	negative
3dig_X	9lem_F	negative
9lem_D	8fkx_L1	negative
8urh_d	9bdl_ETRN	negative
6ahu_T	9cai_A7	negative
9lee_J	8p2k_B8	negative
7syg_z	8run_A	negative
6ip6_zz	9g28_4	negative
8vvj_A	6gsk_1J	negative
8e41_J	6ztj_AW	negative
4e8r_A	6qzp_L8	negative
9lem_H	7q08_4	negative
2qbz_X	3dil_A	negative
9le3_D	4v7r_D3	negative
7ycg_N	4y1n_B	negative
5dgv_4	9lcr_B	negative
9bup_AC	2n1q_A	negative
3jag_8	5jpq_3	negative
6agb_A	3q1r_B	negative
9mm6_Q	7oh3_2	negative
8i7n_N	8vvs_YA	negative
9mmg_c	8fl9_L1	negative
8flb_L1	6q97_4	negative
8azw_B	6ytf_3	negative
8aaf_i	8apn_A8	negative
3dim_A	8pv7_C2	negative
6k0b_Y	8fl4_L1	negative
7zpq_3	9c0j_R	negative
9j6y_B	7azy_G	negative
8rl2_L8	9lem_I	negative
8apn_A3	9m78_F	negative
9v28_sa	8eub_A4	negative
6hcj_81	9cbx_N	negative
8fkw_L1	6wlm_A	negative
4v7h_B4	7b0y_a	negative
7z3n_4	6t3s_A	negative
8vvr_XA	4yb0_A	negative
7pjt_B	3adc_C	negative
7acj_3	2eew_A	negative
4v53_BA	9hn9_C	negative
4v6g_AD	8g2d_2B	negative
4v7t_BB	4w2g_CY	negative
4wr6_1L	9de6_A	negative
6gsn_1	1qa6_C	negative
6t4q_7	4v6w_A7	negative
8t5d_5	5wit_2B	negative
6ip8_1B	7y7f_V	negative
1zjw_B	8ipa_TB	negative
8jiv_Ac	4wqr_2K	negative
8rcm_71	8q6n_A	negative
7jju_B	7wi9_V	negative
4nyc_A	7tm3_u	negative
9ou7_CB	4qk9_A	negative
4v5g_AY	6wdd_2	negative
7q0p_3	8oit_B9	negative
7ohq_3	8ev7_2y	negative
6nd5_2B	7r81_u1	negative
4v6l_AB	8g9z_E	negative
5zlu_DD	6osi_RB	negative
5dgf_7	7ssd_5	negative
6ha8_x	6wdi_2	negative
4u4n_7	7k52_5	negative
3g8t_R	5fkg_A	negative
4v97_CV	8e41_J	negative
1gax_C	6enj_B	negative
3ox0_B	9d0g_1y	negative
3q3z_V	4v70_BB	negative
5v6x_D	5fcj_3	negative
6cfj_1B	3jai_2	negative
8p8v_7	7n30_5	negative
7ohu_2	8ewc_A3	negative
4w2f_BB	8g7q_w	negative
5ibb_3L	6m62_3	negative
1m5v_E	4l71_YB	negative
6sv4_mb	8ztv_b	negative
4v4g_FA	7qh4_y	negative
7ssd_2	6ufk_C	negative
3oxe_B	5wit_2y	negative
5swd_A	8yuq_X	negative
4wt8_C3	7d7x_A	negative
5on2_B	5apn_7	negative
8pfr_LE	7rr5_A	negative
7rq8_1w	8qhu_8	negative
8xsy_L7	8pva_Z	negative
6j6h_D	8olw_A	negative
9kpo_B	9qqb_B8	negative
8ovj_4	6frk_1	negative
9lel_J	5t2c_C	negative
8apn_A3	8xu8_C	negative
8vvv_8	8sa6_A	negative
7top_A58S	9lmf_G	negative
5m1j_44	7syv_z	negative
7v99_R	5apn_8	negative
9le3_D	9lmf_D	negative
4gxy_A	8ca7_A	negative
8tjx_N	6rxv_C2	negative
4v8m_BG	6d90_4	negative
8flc_L1	7xd7_N	negative
6d90_4	6rxv_C2	negative
5tbw_4	6ip6_zz	negative
6ytf_3	1u9s_A	negative
8vvs_YA	9isv_A	negative
3eog_A	5umd_C	negative
9lee_D	8vs9_TMRN	negative
9hl9_L4	7acr_4	negative
9lmf_I	3jcs_7	negative
2j37_Z	4u56_4	negative
8bqd_BS	2rkj_O	negative
6wlm_A	8yop_L8	negative
3dis_A	4v7r_D3	negative
7xsk_N	2a64_A	negative
8cq7_4	4ujd_BC	negative
6p5k_8	9j3r_A	negative
9qay_B	9bdn_A58S	negative
8olv_A	8a22_B4	negative
8apo_A3	4e8n_A	negative
6k0b_Y	7pkq_4	negative
7uo0_B	7nrd_LC	negative
8apn_B4	5fcj_8	negative
9lem_B	5tbw_AT	negative
7zjx_I	3d0u_A	negative
7o80_B8	3pdr_X	negative
9g30_4	9n72_L2	negative
7scq_C	9j3r_B	negative
7lma_B	9lmf_B	negative
4e8t_A	3jan_8	negative
4u4o_8	8ca7_A	negative
8cre_AU	7uo5_B	negative
8a98_4	6gqv_4	negative
5z3g_B	5a8l_A	negative
7zjw_I	6om7_D	negative
1grz_B	4u4r_4	negative
6sv4_YS	9mm6_Q	negative
7lmb_B	8apn_B3	negative
5ndg_8	1grz_A	negative
8ipa_SB	9lmf_B	negative
8oeq_AU	4d5n_X	negative
5jpq_3	4v7e_Ac	negative
9mqu_A	6t7t_C3	negative
9le3_D	6d9j_4	negative
7tor_A58S	6j6q_D	negative
6d9j_4	6s47_AC	negative
4u4q_4	6exn_5	negative
8xsx_L8	7trd_B	negative
6ft6_2	6ahu_A	negative
7afn_1	7bg9_B	negative
3jaj_8	6sxo_L5	negative
7zjw_I	6qtz_y	negative
6lss_8	9qb3_b	negative
4ds6_A	6rxx_C2	negative
5u4j_a	4e8v_A	negative
8ife_1C	8apn_A8	negative
8t30_A4	8r08_1	negative
3d0x_A	9g4i_A	negative
9ndp_8	9le6_E	negative
6ys5_3	4ue5_A	negative
5tgm_8	8olv_A	negative
9e75_A	8cg8_CC	negative
9lee_H	8t3c_A4	negative
7nac_2	7qxa_B	negative
6lqs_3A	6ytf_3	negative
7bg9_B	8cqw_4	negative
9axu_4	3d0x_A	negative
8olv_A	7uck_8	negative
7syl_z	7qxs_B	negative
8oi5_AU	9e73_A	negative
6hcm_82	7d4i_3A	negative
7v99_R	6t59_84	negative
7zjx_L8	4e8p_A	negative
7pkq_4	5dgv_4	negative
9lee_G	4v8p_G2	negative
7q08_4	6q9a_4	negative
8zmi_C	9hl9_L7	negative
8y0u_C3	9lem_H	negative
8tjq_N	9g6k_lJ	negative
8qie_4	9m78_C	negative
4u50_4	8apn_A3	negative
7z3n_4	9le3_F	negative
6n8n_C	9j6y_E	negative
7c79_A	6rxt_C2	negative
9le6_D	5t2c_C	negative
5zwo_B	6q98_4	negative
7d5t_3A	8k15_C	negative
4e8v_A	7xd3_N	negative
9lem_H	9f1b_B8	negative
6hcm_82	9mm6_U	negative
9lee_B	7q0r_4	negative
8inf_8	9c6i_A	negative
7pkt_3	8ev3_2	negative
8rjc_v	3diq_A	negative
8rxh_L4	6k0b_Y	negative
4y1n_B	8bqd_BS	negative
8sa3_B	7xnx_L3	negative
4v91_4	4y1n_A	negative
4c4q_N	6k0a_Y	negative
6sgc_84	2noq_A	negative
7z3o_4	1nbs_B	negative
8ruj_A	3j77_8S	negative
4v7r_D3	9n74_L2	negative
9mcw_B	7d5t_3A	negative
6qtz_y	7r6m_A	negative
6d90_8	8sa2_B	negative
8fw4_Z	4v7r_B3	negative
7pzy_4	3d0x_A	negative
9kgg_U	7mqa_L2	negative
3j78_8S	7uvt_A	negative
8pv8_C2	9mqu_A	negative
6mtb_8	9cxf_A	negative
7qwq_1	6s47_AC	negative
7ls1_C2	3pdr_A	negative
9lmf_G	8qhu_4	negative
8bn3_4	9qb2_B	negative
8tjx_N	9le6_C	negative
7r6m_A	7z34_3	negative
8agz_i	4y1o_A	negative
9mqs_A	9qqa_B8	negative
8ony_5	5jut_C	negative
8vvu_YA	8rul_A	negative
4v8z_B8	7xsm_N	negative
3dio_X	5it7_8	negative
6r6g_AF	5i4l_4	negative
3jbp_AC	7syv_z	negative
7qiy_2	9e73_A	negative
8fkw_L1	4y1n_B	negative
3d0u_A	6qzp_L8	negative
3iz4_A	8vvp_YA	negative
8olw_A	8hd6_N	negative
7tor_A58S	3pdr_A	negative
9gul_L8	8a22_B3	negative
8vft_8	2rkj_K	negative
7yc8_N	5ndg_4	negative
7pkt_3	4ue4_A	negative
7obr_8	4faq_A	negative
8oi5_AU	9n77_L2	negative
9i05_Rc	9but_AC	negative
8gap_B	6zqd_D4	negative
8apo_A3	6az3_7	negative
9mm6_E	8hfr_3n	negative
6sxo_L5	8fl4_L1	negative
6zj3_LF	8ut0_C	negative
9lee_G	4u4u_8	negative
7yga_N	5apo_8	negative
2a64_A	8i9v_C2	negative
5it9_i	7ez2_N	negative
6sxo_L5	7mq9_L2	negative
6d9j_8	9mm6_Y	negative
9ely_A	3pdr_A	negative
6t83_Ca	9lem_J	negative
8qie_4	6ip8_1C	negative
6r84_4	9qb3_B	negative
7o5b_W	9npy_i	negative
7v08_2	6q97_4	negative
8btk_B8	8zmh_A	negative
9g7c_A	9f58_4	negative
9mm6_c	7zjw_L8	negative
9f58_4	7r6q_1	negative
7aor_2	9ely_A	negative
4uje_A3	7lmb_B	negative
3dim_A	9qb2_B	negative
1ffz_A	9lee_H	negative
3dj2_A	8ovj_7	negative
6rxt_C2	9gul_L8	negative
8pnn_AT	8onz_1	negative
8bhf_C2	7xd4_N	negative
5t2a_C	3eoh_A	negative
8rxx_L4	5m1j_44	negative
8ruh_A	7d4i_3A	negative
7yga_N	9g8m_X	negative
9mm6_A	4u4r_4	negative
7uqz_2	4c4q_N	negative
9g8m_X	9n74_L2	negative
7abz_4	8iaz_E	negative
8tjq_N	5h4p_4	negative
7nfx_8	8cvo_A	negative
7xsk_N	6rxy_C2	negative
7pzy_4	3g78_A	negative
8kie_a	3igi_A	negative
5a8l_A	4v7r_B3	negative
8sa6_A	6y57_L8	negative
5apo_8	8fw4_Z	negative
9cxf_A	8sa2_A	negative
7zjw_I	9hl9_L7	negative
6t4q_C3	3g78_A	negative
8oly_A	9n78_L2	negative
6wru_1	9q87_A	negative
4v6o_BB	6g5h_2	negative
7syg_z	8a3w_7	negative
9g4i_A	6ip5_1C	negative
9ghc_A	6ore_1	negative
4u4z_8	9lec_J	negative
7ygd_N	5dge_8	negative
4v8q_AA	6n1d_A16S	negative
5t62_C	8oly_A	negative
7nrd_LC	8apo_A3	negative
9j3r_A	6t3n_A	negative
8urx_a	6wd7_3	negative
5mei_AR	9n7a_L1	negative
8zgr_S2	7cpv_L5	negative
4u4o_5	8bsi_St	negative
7xam_A	7zpq_2	negative
8ova_BA	4v4q_BB	negative
5ib7_13	9frl_2	negative
8hfr_3n	9m78_D	negative
9g8o_S2	7jql_2a	negative
7trf_B	7ych_N	negative
7r4x_2	9mq4_1	negative
8cgi_A	6t7t_C3	negative
6j6q_D	9c0i_R	negative
7mdz_8	9cbx_N	negative
5czp_QV	8glp_L7	negative
7xd4_N	9mm6_Y	negative
7ohx_1	4d5l_1	negative
7tql_2	7boh_A	negative
8fzh_A	8oz0_W	negative
7po1_A	9mtp_1A	negative
9gha_a	8cre_1	negative
4ug0_L8	5it9_i	negative
9d0g_1A	8fc2_2a	negative
8p8v_5	8idt_2	negative
4v8t_5	6dti_A	negative
8cf1_A	5tbw_4	negative
6n7x_R	4u55_8	negative
5lzw_5	6ke6_SA	negative
8eub_A4	9hl9_L4	negative
8zh3_LC	9n76_L2	negative
5ndv_8	6r6g_AF	negative
4e8p_A	5tgm_4	negative
9cg5_a	6ylx_1	negative
8v87_1	8eiu_a	negative
1grz_A	8flb_L1	negative
7azs_16SA	7qv2_V	negative
7zp8_b	5k0y_A	negative
9buq_SA	5lzz_5	negative
5zwn_P	7ac7_4	negative
8kie_a	4v7h_B4	negative
8p60_L50	6zlw_2	negative
7qv1_a	6gxo_A	negative
7d4i_3A	7nfx_1	negative
5ib7_1H	5vpo_XA	negative
5mei_AT	7r6n_A	negative
4v75_AA	7aqd_A	negative
3pdr_X	9azc_L8	negative
9hc4_Z2	8qoi_S2	negative
6z6j_C3	7xd3_N	negative
7bt6_2	8cvo_A	negative
7r6n_A	4u4u_8	negative
7syo_z	4fb0_A	negative
7syk_z	8fl7_L1	negative
7xsk_N	7syx_z	negative
8fkq_L1	7xd6_N	negative
7pic_3	6of6_QA	negative
5on6_A	9d0h_2A	negative
6tc3_23S1	3jah_5	negative
9lhl_F	6pj6_I	negative
4v65_BB	7qv2_a	negative
2otl_0	8cq7_CM	negative
9lem_J	8fld_L1	negative
4v7d_BA	7oic_A	negative
9buq_AA	4v9m_DA	negative
8cku_AA	9mtr_2A	negative
5hd1_2a	6vyx_a	negative
5flx_z	4e8p_A	negative
9h3m_A	8vtv_1a	negative
9g4l_A	3iyq_A	negative
6uo1_1a	8ifd_1A	negative
6ord_XA	6zme_L5	negative
8c91_A	7m4x_a	negative
2vqe_A	9v29_sa	negative
8uu8_a	4v6e_BA	negative
5dge_6	7lh5_BA	negative
4u56_4	7pkq_4	negative
6hhq_sR	5j91_CA	negative
8phj_a	5mei_1	negative
7z3o_1	4v72_AA	negative
4v91_4	7yg9_N	negative
3jan_4	9mm6_c	negative
4y1o_A	3j6y_8S	negative
7u2i_1a	9hce_A	negative
5czp_YB	6wdk_5	negative
8qie_7	9g4i_A	negative
8zhb_S2	6i7o_YQ	negative
8p8u_LD	7syq_z	negative
8sa3_A	8evq_A4	negative
8k0q_A	8r55_A	negative
9mtp_1a	3jbn_AA	negative
9j1m_a	4v7a_BA	negative
9kgg_U	7naf_1	negative
9qqa_B5	6gzz_A4	negative
9buu_AC	9h9m_1	negative
7qwr_8	7uo5_B	negative
8ruk_A	6ah3_A	negative
8sa6_B	5obm_8	negative
8y39_a	7s1h_I	negative
7pkt_3	9c6i_A	negative
7uvy_A	7z34_1	negative
3j9z_SA	8fle_L3	negative
9j6y_D	4u56_4	negative
6ndk_XA	8btd_Lt	negative
7aju_D4	6ip8_1C	negative
3d0x_A	8ovj_4	negative
6uz7_2	7of4_A	negative
8inf_2	6of1_1A	negative
8cqw_4	7obq_1	negative
8euy_1	6ogi_1	negative
7phb_5	6uo1_2A	negative
5jup_B	2zjq_X	negative
7xd6_N	7nwh_8	negative
6rxt_C2	8esq_2	negative
9l0r_K	5g2x_A	negative
9evs_2	3j3v_A	negative
4v6t_AV	8pnn_AT	negative
7ucj_9	4www_QA	negative
4v8t_8	8rxx_L4	negative
9fo0_AA	4v4t_AA	negative
9kmt_2	4wqf_DA	negative
1n8r_A	7d5t_SA	negative
9mqu_A	6lsr_8	negative
8g2b_2a	8yde_1	negative
6gzz_A3	8whx_A	negative
6rxz_C2	6w6v_A	negative
8cd1_A	9d0i_2a	negative
7rqc_2a	4v5l_BA	negative
9n7b_L1	5lzs_5	negative
7rqc_1a	8cqw_AS	negative
6gzz_A3	5opt_E	negative
6wd9_1	8k0s_A	negative
8hkx_A16S	5ndw_6	negative
8fkr_L1	4v92_AZ	negative
5lmr_A	4zsn_RA	negative
9h3w_A	1yj9_0	negative
8y0x_L5	7aju_D3	negative
4d5n_X	4u55_8	negative
